exp,run_id,cls,first_iter,fail_iters,resolved,latency
CFN_Ablation_IaCGOD,20260921_132308_468b623c,schema,1,1,True,1.0
CFN_Ablation_IaCGOD,20260921_134417_df487abe,syntax,1,1,True,1.0
CFN_Ablation_IaCGOD,20260921_140743_84449add,schema,1,1,True,1.0
CFN_Ablation_IaCGOD,20260921_140743_84449add,deploy,2,6,True,6.0
CFN_Ablation_IaCGOD,20260921_154802_252a798b,schema,1,1,True,1.0
CFN_Ablation_IaCGOD,20260921_160502_9f1c7b56,syntax,1,1,True,1.0
CFN_Ablation_IaCGOD,20260921_160502_9f1c7b56,schema,1,1,True,1.0
CFN_Ablation_IaCGOD,20260921_161021_291fbd26,syntax,1,1,True,1.0
CFN_Ablation_IaCGOD,20260921_161021_291fbd26,security,2,1,True,1.0
CFN_Ablation_IaCGOD,20260921_161458_20371c8f,schema,1,1,True,1.0
CFN_Ablation_IaCGOD,20260921_161458_20371c8f,deploy,2,1,True,1.0
CFN_Ablation_IaCGOD,20260921_162405_5e3b3faa,syntax,1,1,True,1.0
CFN_Ablation_IaCGOD,20260921_162405_5e3b3faa,schema,1,8,True,8.0
CFN_Ablation_IaCGOD,20260921_162405_5e3b3faa,security,9,2,True,2.0
CFN_Ablation_IaCGOD,20260921_162405_5e3b3faa,deploy,11,1,True,1.0
CFN_Ablation_IaCGOD,20260921_175626_6fcbead6,schema,1,2,True,2.0
CFN_Ablation_IaCGOD,20260921_182650_ee460354,security,1,1,True,1.0
CFN_Ablation_IaCGOD,20260921_183522_f049ff9a,schema,1,1,True,1.0
CFN_Ablation_IaCGOD,20260921_212245_c8fd9b9c,schema,1,2,True,2.0
CFN_Ablation_IaCGOD,20260921_212245_c8fd9b9c,security,3,1,True,1.0
CFN_Ablation_IaCGOD,20260921_212245_c8fd9b9c,deploy,4,1,True,1.0
CFN_Ablation_IaCGOD,20260921_223814_dc0f6fa4,schema,1,1,True,1.0
CFN_Ablation_IaCGOD,20260921_224253_5b592912,schema,1,1,True,1.0
CFN_Ablation_IaCGOD,20260921_224253_5b592912,security,2,1,True,1.0
CFN_Ablation_IaCGOD,20260921_224253_5b592912,deploy,3,1,True,1.0
CFN_Ablation_IaCGOD,20260921_225746_419d6d72,schema,1,1,True,1.0
CFN_Ablation_IaCGOD,20260921_230052_25346c06,deploy,1,1,True,1.0
CFN_Ablation_IaCGOD,20260921_230227_b7a6c04b,syntax,3,1,True,1.0
CFN_Ablation_IaCGOD,20260921_230227_b7a6c04b,schema,1,4,True,3.0
CFN_Ablation_IaCGOD,20260921_230227_b7a6c04b,security,4,2,True,1.0
CFN_Ablation_IaCGOD,20260921_230227_b7a6c04b,deploy,5,2,True,4.0
CFN_Ablation_IaCGOD,20260922_122530_32e62113,schema,1,1,True,1.0
CFN_Ablation_IaCGOD,20260922_122530_32e62113,security,2,2,True,1.0
CFN_Ablation_IaCGOD,20260922_122530_32e62113,deploy,3,5,True,6.0
CFN_Ablation_IaCGOD,20260922_131500_67c73e59,schema,1,1,True,1.0
CFN_Ablation_IaCGOD,20260922_214246_b1cd1391,schema,1,1,True,1.0
CFN_Ablation_IaCGOD,20260922_214415_b18ad084,schema,1,1,True,1.0
CFN_Ablation_IaCGOD,20260922_214415_b18ad084,deploy,2,1,True,1.0
CFN_Ablation_IaCGOD,20260922_214646_e7c10070,schema,2,3,True,1.0
CFN_Ablation_IaCGOD,20260922_214646_e7c10070,security,1,12,True,1.0
CFN_Ablation_IaCGOD,20260922_221808_463ccd26,schema,1,2,True,2.0
CFN_Ablation_IaCGOD,20260922_221808_463ccd26,security,3,1,True,1.0
CFN_Ablation_IaCGOD,20260922_222130_cd897d0d,schema,1,1,True,1.0
CFN_Ablation_IaCGOD,20260922_222130_cd897d0d,security,2,1,True,1.0
CFN_Ablation_IaCGOD,20260922_222429_d341bdbf,syntax,1,1,True,1.0
CFN_Ablation_IaCGOD,20260922_222429_d341bdbf,schema,1,1,True,1.0
CFN_Ablation_IaCGOD,20260922_222429_d341bdbf,security,2,1,True,1.0
CFN_Ablation_IaCGOD,20260922_222429_d341bdbf,deploy,3,1,True,1.0
CFN_Ablation_IaCGOD,20260928_223453_7a1424f6,schema,1,1,True,1.0
CFN_Ablation_IaCGOD,20260928_223710_cc7cfc0c,schema,1,1,True,1.0
CFN_Ablation_IaCGOD,20260928_224043_6fac4ce6,schema,1,1,True,1.0
CFN_Ablation_IaCGOD,20260928_224043_6fac4ce6,security,2,1,True,1.0
CFN_Ablation_IaCGOD,20260928_224600_638fd6d0,schema,1,2,True,2.0
CFN_Ablation_IaCGOD,20260928_224600_638fd6d0,security,3,1,True,1.0
CFN_Ablation_IaCGOD,20260928_224913_57682294,schema,1,1,True,1.0
CFN_Ablation_IaCGOD,20260928_224913_57682294,security,2,1,True,1.0
CFN_Ablation_IaCGOD,20260928_224913_57682294,deploy,3,1,True,1.0
CFN_Ablation_IaCGOD,20260928_225307_3366c37a,schema,1,1,True,1.0
CFN_Ablation_IaCGOD,20260928_225307_3366c37a,deploy,2,1,True,1.0
CFN_Ablation_IaCGOD,20260928_225603_185e5270,schema,1,1,True,1.0
CFN_Ablation_IaCGOD,20260928_225603_185e5270,security,2,1,True,1.0
CFN_Ablation_IaCGOD,20260928_230119_2dffa3cf,schema,1,1,True,1.0
CFN_Ablation_IaCGOD,20260928_230119_2dffa3cf,deploy,2,1,True,1.0
CFN_Ablation_IaCGOD,20260928_230417_35f54b84,security,1,1,True,1.0
CFN_Ablation_IaCGOD,20260928_230536_7b1e4774,security,1,1,True,1.0
CFN_Ablation_IaCGOD,20260928_230536_7b1e4774,deploy,2,2,True,2.0
CFN_Ablation_IaCGOD,20260928_231134_3aaa9960,syntax,1,1,True,1.0
CFN_Ablation_IaCGOD,20260928_231134_3aaa9960,schema,1,3,True,1.0
CFN_Ablation_IaCGOD,20260928_231134_3aaa9960,security,2,1,True,1.0
CFN_Ablation_IaCGOD,20260928_231134_3aaa9960,deploy,3,6,True,8.0
CFN_Ablation_IaCGOD,20260928_233048_0d73b8da,schema,1,1,True,1.0
CFN_Ablation_IaCGOD,20260928_233048_0d73b8da,security,2,1,True,1.0
CFN_Ablation_NoDenseRAG,20260926_150423_90e83a10,security,1,1,True,1.0
CFN_Ablation_NoDenseRAG,20260926_150423_90e83a10,deploy,2,1,True,1.0
CFN_Ablation_NoDenseRAG,20260926_152603_fd721179,schema,4,1,True,1.0
CFN_Ablation_NoDenseRAG,20260926_152603_fd721179,deploy,1,3,True,4.0
CFN_Ablation_NoDenseRAG,20260926_153510_f9330f5c,schema,1,1,True,1.0
CFN_Ablation_NoDenseRAG,20260926_153510_f9330f5c,deploy,2,1,True,1.0
CFN_Ablation_NoDenseRAG,20260926_154055_3576db57,schema,1,1,True,1.0
CFN_Ablation_NoDenseRAG,20260926_154055_3576db57,deploy,2,5,True,5.0
CFN_Ablation_NoDenseRAG,20260926_155318_144fcede,schema,1,1,True,1.0
CFN_Ablation_NoDenseRAG,20260926_155318_144fcede,security,2,1,True,1.0
CFN_Ablation_NoDenseRAG,20260926_155318_144fcede,deploy,3,1,True,1.0
CFN_Ablation_NoDenseRAG,20260926_155835_a11b6fb3,schema,1,1,True,1.0
CFN_Ablation_NoDenseRAG,20260926_155946_b55c319e,deploy,1,1,True,1.0
CFN_Ablation_NoDenseRAG,20260926_160147_2c8586a0,schema,1,2,True,2.0
CFN_Ablation_NoDenseRAG,20260926_160147_2c8586a0,security,3,1,True,1.0
CFN_Ablation_NoDenseRAG,20260926_160638_79ed05db,schema,1,1,True,1.0
CFN_Ablation_NoDenseRAG,20260926_160809_c9c4425f,schema,1,1,True,1.0
CFN_Ablation_NoDenseRAG,20260926_161036_2c3ea1e9,schema,1,1,True,1.0
CFN_Ablation_NoDenseRAG,20260926_161237_dce08888,schema,2,1,True,1.0
CFN_Ablation_NoDenseRAG,20260926_161237_dce08888,security,1,1,True,1.0
CFN_Ablation_NoDenseRAG,20260926_161504_fb1e63a9,schema,1,1,True,1.0
CFN_Ablation_NoDenseRAG,20260926_161806_0ba49ab7,schema,2,2,True,1.0
CFN_Ablation_NoDenseRAG,20260926_161806_0ba49ab7,security,1,13,True,1.0
CFN_Ablation_NoDenseRAG,20260926_164508_198550be,schema,1,1,True,1.0
CFN_Ablation_NoDenseRAG,20260926_165408_c8d72bca,syntax,3,2,True,2.0
CFN_Ablation_NoDenseRAG,20260926_165408_c8d72bca,schema,1,2,True,1.0
CFN_Ablation_NoDenseRAG,20260926_165408_c8d72bca,deploy,2,1,True,3.0
CFN_Ablation_NoDenseRAG,20260926_170031_3f83a852,schema,1,1,True,1.0
CFN_Ablation_NoDenseRAG,20260926_170031_3f83a852,security,2,1,True,1.0
CFN_Ablation_NoDenseRAG,20260926_170533_524b0163,syntax,1,1,True,1.0
CFN_Ablation_NoDenseRAG,20260926_170533_524b0163,schema,1,2,True,2.0
CFN_Ablation_NoDenseRAG,20260926_171017_763b05d8,schema,1,1,True,1.0
CFN_Ablation_NoDenseRAG,20260926_171017_763b05d8,security,2,2,True,2.0
CFN_Ablation_NoDenseRAG,20260926_171442_914d3969,security,1,1,True,1.0
CFN_Ablation_NoDenseRAG,20260926_171840_f785d35b,schema,1,1,True,1.0
CFN_Ablation_NoDenseRAG,20260926_171840_f785d35b,security,2,1,True,1.0
CFN_Ablation_NoDenseRAG,20260926_171840_f785d35b,deploy,3,1,True,1.0
CFN_Ablation_NoDenseRAG,20260926_172452_88a40185,schema,1,1,True,1.0
CFN_Ablation_NoDenseRAG,20260926_172452_88a40185,security,2,1,True,1.0
CFN_Ablation_NoDenseRAG,20260926_172452_88a40185,deploy,3,1,True,1.0
CFN_Ablation_NoDenseRAG,20260928_213134_01e1bb67,schema,1,1,True,1.0
CFN_Ablation_NoDenseRAG,20260928_213134_01e1bb67,deploy,2,1,True,1.0
CFN_Ablation_NoDenseRAG,20260928_213631_5b3ef670,security,1,1,True,1.0
CFN_Ablation_NoDenseRAG,20260928_214148_196c2323,schema,1,1,True,1.0
CFN_Ablation_NoDenseRAG,20260928_214148_196c2323,security,2,1,True,1.0
CFN_Ablation_NoDenseRAG,20260928_214148_196c2323,deploy,3,1,True,1.0
CFN_Ablation_NoDenseRAG,20260928_214503_9d72019d,schema,1,1,True,1.0
CFN_Ablation_NoDenseRAG,20260928_214503_9d72019d,deploy,2,2,True,2.0
CFN_Ablation_NoDenseRAG,20260928_214825_2185a9ac,schema,1,1,True,1.0
CFN_Ablation_NoDenseRAG,20260928_214825_2185a9ac,security,2,1,True,1.0
CFN_Ablation_NoDenseRAG,20260928_215341_e4df2b86,schema,1,1,True,1.0
CFN_Ablation_NoDenseRAG,20260928_215341_e4df2b86,deploy,2,1,True,1.0
CFN_Ablation_NoDenseRAG,20260928_215753_28c0c8af,schema,1,1,True,1.0
CFN_Ablation_NoDenseRAG,20260928_215753_28c0c8af,security,2,1,True,1.0
CFN_Ablation_NoDenseRAG,20260928_215912_d8c36960,schema,2,1,True,1.0
CFN_Ablation_NoDenseRAG,20260928_215912_d8c36960,security,1,1,True,1.0
CFN_Ablation_NoDenseRAG,20260928_220430_f90fc738,schema,1,4,True,2.0
CFN_Ablation_NoDenseRAG,20260928_220430_f90fc738,security,3,1,True,1.0
CFN_Ablation_NoDenseRAG,20260928_220430_f90fc738,deploy,4,4,True,6.0
CFN_Ablation_NoDenseRAG,20260928_221752_639869bd,schema,1,2,True,2.0
CFN_Ablation_NoDenseRAG,20260928_221752_639869bd,security,3,1,True,1.0
CFN_Ablation_NoGraphRAG,20260929_235415_015eb5dd,schema,1,1,True,1.0
CFN_Ablation_NoGraphRAG,20260929_235625_2f3bcc42,schema,1,1,True,1.0
CFN_Ablation_NoGraphRAG,20260929_235943_df6dd8bb,schema,1,3,True,2.0
CFN_Ablation_NoGraphRAG,20260929_235943_df6dd8bb,security,3,1,True,1.0
CFN_Ablation_NoGraphRAG,20260930_000909_b0e66905,schema,1,1,True,1.0
CFN_Ablation_NoGraphRAG,20260930_001217_c1f74da4,schema,1,1,True,1.0
CFN_Ablation_NoGraphRAG,20260930_001217_c1f74da4,security,2,1,True,1.0
CFN_Ablation_NoGraphRAG,20260930_001356_ff6bf4e4,security,1,1,True,1.0
CFN_Ablation_NoGraphRAG,20260930_002417_8989665d,schema,1,1,True,1.0
CFN_Ablation_NoGraphRAG,20260930_002417_8989665d,security,2,1,True,1.0
CFN_Ablation_NoGraphRAG,20260930_002417_8989665d,deploy,3,2,True,2.0
CFN_Ablation_NoGraphRAG,20260930_003232_c82504de,schema,1,1,True,1.0
CFN_Ablation_NoGraphRAG,20260930_003414_0ed7dd69,schema,1,1,True,1.0
CFN_Ablation_NoGraphRAG,20260930_003531_c2ad6571,schema,1,1,True,1.0
CFN_Ablation_NoGraphRAG,20260930_003636_8578e894,syntax,1,1,True,1.0
CFN_Ablation_NoGraphRAG,20260930_003636_8578e894,schema,1,1,True,1.0
CFN_Ablation_NoGraphRAG,20260930_003636_8578e894,security,2,1,True,1.0
CFN_Ablation_NoGraphRAG,20260930_003834_23f3513a,schema,1,1,True,1.0
CFN_Ablation_NoGraphRAG,20260930_003944_dc815950,security,1,1,True,1.0
CFN_Ablation_NoGraphRAG,20260930_004132_ba724bf3,schema,1,1,True,1.0
CFN_Ablation_NoGraphRAG,20260930_004632_20ff0a1f,security,1,1,True,1.0
CFN_Ablation_NoGraphRAG,20260930_004910_ce12003c,schema,1,1,True,1.0
CFN_Ablation_NoGraphRAG,20260930_005030_a4e14f36,schema,1,1,True,1.0
CFN_Ablation_NoGraphRAG,20260930_005030_a4e14f36,security,2,1,True,1.0
CFN_Ablation_NoGraphRAG,20260930_005741_d3ff5dae,schema,1,1,True,1.0
CFN_Ablation_NoGraphRAG,20260930_010057_1ead277f,schema,1,1,True,1.0
CFN_Ablation_NoGraphRAG,20260930_010057_1ead277f,security,2,1,True,1.0
CFN_Ablation_NoGraphRAG,20260930_010343_bca835e7,schema,1,2,True,2.0
CFN_Ablation_NoGraphRAG,20260930_010343_bca835e7,security,3,1,True,1.0
CFN_Ablation_NoGraphRAG,20260930_010802_702a941e,schema,1,1,True,1.0
CFN_Ablation_NoGraphRAG,20260930_011335_4daf5e00,deploy,1,1,True,1.0
CFN_Ablation_NoGraphRAG,20260930_012049_bf478c8c,syntax,1,2,True,2.0
CFN_Ablation_NoGraphRAG,20260930_012049_bf478c8c,schema,1,7,True,4.0
CFN_Ablation_NoGraphRAG,20260930_012049_bf478c8c,security,5,1,True,1.0
CFN_Ablation_NoGraphRAG,20260930_012049_bf478c8c,deploy,6,5,True,8.0
CFN_Ablation_NoGraphRAG,20260930_013500_c3b5af41,schema,1,1,True,1.0
CFN_Ablation_NoGraphRAG,20260930_013500_c3b5af41,security,2,1,True,1.0
CFN_Ablation_NoGraphRAG,20260930_013737_a2abe04a,schema,1,1,True,1.0
CFN_Ablation_NoGraphRAG,20260930_013853_e1654104,schema,1,1,True,1.0
CFN_Ablation_NoGraphRAG,20260930_014021_e40b4ff3,schema,1,1,True,1.0
CFN_Ablation_NoGraphRAG,20260930_014021_e40b4ff3,security,2,1,True,1.0
CFN_Ablation_NoGraphRAG,20260930_014249_11f8e7f5,schema,1,2,True,2.0
CFN_Ablation_NoGraphRAG,20260930_014545_04fafb64,schema,2,1,True,1.0
CFN_Ablation_NoGraphRAG,20260930_014545_04fafb64,security,1,1,True,1.0
CFN_Ablation_NoGraphRAG,20260930_015106_81623129,deploy,1,1,True,1.0
CFN_Ablation_NoGraphRAG,20260930_015543_8b9388dd,schema,1,1,True,1.0
CFN_Ablation_NoPlanner,20260930_130454_d623bf0a,schema,1,2,True,2.0
CFN_Ablation_NoPlanner,20260930_131204_dd9839cf,schema,1,1,True,1.0
CFN_Ablation_NoPlanner,20260930_131204_dd9839cf,deploy,2,1,True,1.0
CFN_Ablation_NoPlanner,20260930_131518_a5d08976,schema,1,1,True,1.0
CFN_Ablation_NoPlanner,20260930_131616_b30114c2,schema,1,1,True,1.0
CFN_Ablation_NoPlanner,20260930_131941_266d60ba,security,1,1,True,1.0
CFN_Ablation_NoPlanner,20260930_132651_4c72a684,schema,1,1,True,1.0
CFN_Ablation_NoPlanner,20260930_132651_4c72a684,deploy,2,14,False,
CFN_Ablation_NoPlanner,20260930_134417_7cd13cea,schema,1,2,True,1.0
CFN_Ablation_NoPlanner,20260930_134417_7cd13cea,security,2,1,True,1.0
CFN_Ablation_NoPlanner,20260930_135007_c4632cf0,schema,1,1,True,1.0
CFN_Ablation_NoPlanner,20260930_135101_726a4c1d,schema,1,1,True,1.0
CFN_Ablation_NoPlanner,20260930_135125_7fb5612a,security,1,1,True,1.0
CFN_Ablation_NoPlanner,20260930_135227_62b3f078,schema,1,1,True,1.0
CFN_Ablation_NoPlanner,20260930_135539_754ae787,schema,1,1,True,1.0
CFN_Ablation_NoPlanner,20260930_140014_ac45e718,schema,1,1,True,1.0
CFN_Ablation_NoPlanner,20260930_140014_ac45e718,security,2,1,True,1.0
CFN_Ablation_NoPlanner,20260930_140512_741a703f,schema,1,1,True,1.0
CFN_Ablation_NoPlanner,20260930_140714_ebdf95fe,schema,1,1,True,1.0
CFN_Ablation_NoPlanner,20260930_140827_c6ac05fe,schema,1,1,True,1.0
CFN_Ablation_NoPlanner,20260930_141201_84d172c3,security,1,1,True,1.0
CFN_Ablation_NoPlanner,20260930_141309_a78a7515,schema,2,5,True,1.0
CFN_Ablation_NoPlanner,20260930_141309_a78a7515,security,1,10,True,1.0
CFN_Ablation_NoPlanner,20260930_143326_fcdd3151,schema,1,2,True,2.0
CFN_Ablation_NoPlanner,20260930_143326_fcdd3151,security,3,1,True,1.0
CFN_Ablation_NoPlanner,20260930_144107_56e7fc11,schema,1,1,True,1.0
CFN_Ablation_NoPlanner,20260930_144608_deb206f7,schema,1,2,True,1.0
CFN_Ablation_NoPlanner,20260930_144608_deb206f7,security,2,1,True,1.0
CFN_Ablation_NoPlanner,20260930_144608_deb206f7,deploy,3,4,True,5.0
CFN_Ablation_NoPlanner,20260930_145547_33dcad22,schema,1,1,True,1.0
CFN_Ablation_NoPlanner,20260930_145547_33dcad22,security,2,1,True,1.0
CFN_Ablation_NoPlanner,20260930_145841_f45d702c,deploy,1,1,True,1.0
CFN_Ablation_NoPlanner,20260930_150138_7a0a086a,security,1,1,True,1.0
CFN_Ablation_NoPlanner,20260930_150404_cb1bb53a,security,1,1,True,1.0
CFN_Ablation_NoPlanner,20260930_150746_7e488817,security,1,1,True,1.0
CFN_Ablation_NoPlanner,20260930_150954_a59f48c3,deploy,1,2,True,2.0
CFN_Ablation_NoQueryRewrite,20261004_160236_1b32ca9b,security,1,1,True,1.0
CFN_Ablation_NoQueryRewrite,20261004_160729_db48226a,schema,1,1,True,1.0
CFN_Ablation_NoQueryRewrite,20261004_160729_db48226a,deploy,2,3,True,3.0
CFN_Ablation_NoQueryRewrite,20261004_161342_1fef06e5,schema,1,1,True,1.0
CFN_Ablation_NoQueryRewrite,20261004_161342_1fef06e5,deploy,2,1,True,1.0
CFN_Ablation_NoQueryRewrite,20261004_161542_031a51aa,deploy,1,1,True,1.0
CFN_Ablation_NoQueryRewrite,20261004_161809_2f8a1bd4,schema,1,1,True,1.0
CFN_Ablation_NoQueryRewrite,20261004_162024_b0f2cb69,schema,1,1,True,1.0
CFN_Ablation_NoQueryRewrite,20261004_162024_b0f2cb69,security,2,1,True,1.0
CFN_Ablation_NoQueryRewrite,20261004_162152_d35e719a,syntax,1,1,True,1.0
CFN_Ablation_NoQueryRewrite,20261004_162152_d35e719a,schema,1,1,True,1.0
CFN_Ablation_NoQueryRewrite,20261004_162544_1da7cd6a,syntax,1,1,True,1.0
CFN_Ablation_NoQueryRewrite,20261004_162544_1da7cd6a,schema,1,1,True,1.0
CFN_Ablation_NoQueryRewrite,20261004_162544_1da7cd6a,deploy,2,6,True,6.0
CFN_Ablation_NoQueryRewrite,20261004_164341_ad6dc195,schema,1,1,True,1.0
CFN_Ablation_NoQueryRewrite,20261004_164341_ad6dc195,security,2,1,True,1.0
CFN_Ablation_NoQueryRewrite,20261004_164941_970af4a7,schema,1,1,True,1.0
CFN_Ablation_NoQueryRewrite,20261004_165020_21969bf7,schema,1,1,True,1.0
CFN_Ablation_NoQueryRewrite,20261004_165114_4638a88c,schema,1,1,True,1.0
CFN_Ablation_NoQueryRewrite,20261004_165114_4638a88c,security,2,1,True,1.0
CFN_Ablation_NoQueryRewrite,20261004_165521_718a2db3,security,1,1,True,1.0
CFN_Ablation_NoQueryRewrite,20261004_165800_f9ee00a0,syntax,1,1,True,1.0
CFN_Ablation_NoQueryRewrite,20261004_165800_f9ee00a0,schema,1,2,True,2.0
CFN_Ablation_NoQueryRewrite,20261004_170230_bdddf4d2,schema,1,1,True,1.0
CFN_Ablation_NoQueryRewrite,20261004_170230_bdddf4d2,deploy,2,1,True,1.0
CFN_Ablation_NoQueryRewrite,20261004_170557_70886383,deploy,1,1,True,1.0
CFN_Ablation_NoQueryRewrite,20261004_171020_601a9bce,schema,1,2,True,1.0
CFN_Ablation_NoQueryRewrite,20261004_171020_601a9bce,security,2,1,True,1.0
CFN_Ablation_NoQueryRewrite,20261004_171549_cbbd6849,security,1,1,True,1.0
CFN_Ablation_NoQueryRewrite,20261004_171746_746a8ff5,schema,1,1,True,1.0
CFN_Ablation_NoQueryRewrite,20261004_171902_a9c6f9fe,schema,1,1,True,1.0
CFN_Ablation_NoQueryRewrite,20261004_172039_f4a51ee4,schema,1,1,True,1.0
CFN_Ablation_NoQueryRewrite,20261004_172348_d838033c,security,1,1,True,1.0
CFN_Ablation_NoQueryRewrite,20261004_172521_9e6f755b,schema,2,6,True,1.0
CFN_Ablation_NoQueryRewrite,20261004_172521_9e6f755b,security,1,9,True,1.0
CFN_Ablation_NoQueryRewrite,20261004_175330_48b5a2fc,schema,1,2,True,2.0
CFN_Ablation_NoQueryRewrite,20261004_175330_48b5a2fc,security,3,1,True,1.0
CFN_Ablation_NoQueryRewrite,20261004_175820_2143e395,schema,1,1,True,1.0
CFN_Ablation_NoQueryRewrite,20261004_180333_c01d56c6,deploy,1,5,True,5.0
CFN_Ablation_NoQueryRewrite,20261004_181519_ac43b1d2,schema,1,1,True,1.0
CFN_Ablation_NoQueryRewrite,20261004_181843_e735558e,schema,1,1,True,1.0
CFN_Ablation_NoQueryRewrite,20261004_181843_e735558e,security,2,1,True,1.0
CFN_Ablation_NoQueryRewrite,20261004_182138_ae74115a,schema,1,2,True,2.0
CFN_Ablation_NoQueryRewrite,20261004_182138_ae74115a,security,3,1,True,1.0
CFN_Ablation_NoQueryRewrite,20261004_182138_ae74115a,deploy,4,7,True,7.0
CFN_Ablation_NoQueryRewrite,20261004_183538_3572b3e1,syntax,1,1,True,1.0
CFN_Ablation_NoQueryRewrite,20261004_183538_3572b3e1,schema,1,2,True,2.0
CFN_Ablation_NoQueryRewrite,20261004_183538_3572b3e1,security,3,1,True,1.0
CFN_Ablation_NoQueryRewrite,20261004_183538_3572b3e1,deploy,4,3,True,3.0
CFN_Ablation_NoQueryRewrite,20261004_184528_99414d06,schema,1,1,True,1.0
CFN_Ablation_NoQueryRewrite,20261004_184528_99414d06,security,2,1,True,1.0
CFN_Ablation_NoQueryRewrite,20261004_184818_f56a28fe,schema,1,1,True,1.0
CFN_Ablation_NoQueryRewrite,20261004_184818_f56a28fe,security,2,1,True,1.0
CFN_Ablation_NoQueryRewrite,20261004_185231_7d25c26e,security,1,1,True,1.0
CFN_Ablation_NoQueryRewrite,20261004_185441_66286d3b,syntax,1,1,True,1.0
CFN_Ablation_NoQueryRewrite,20261004_185441_66286d3b,schema,1,2,True,2.0
CFN_Ablation_NoQueryRewrite,20261004_185441_66286d3b,security,3,1,True,1.0
CFN_Ablation_NoQueryRewrite,20261004_185757_402a5c3e,syntax,3,1,True,1.0
CFN_Ablation_NoQueryRewrite,20261004_185757_402a5c3e,security,1,1,True,1.0
CFN_Ablation_NoQueryRewrite,20261004_185757_402a5c3e,deploy,2,2,True,3.0
CFN_Ablation_NoQueryRewrite,20261004_190526_0957c168,schema,1,1,True,1.0
CFN_Ablation_NoRemediator,20261003_010003_26334646,deploy,1,2,True,2.0
CFN_Ablation_NoRemediator,20261003_010431_33fc79cf,schema,1,2,True,2.0
CFN_Ablation_NoRemediator,20261003_010431_33fc79cf,deploy,3,1,True,1.0
CFN_Ablation_NoRemediator,20261003_010840_af32da6f,schema,1,1,True,1.0
CFN_Ablation_NoRemediator,20261003_010939_3d5a1166,security,3,1,True,1.0
CFN_Ablation_NoRemediator,20261003_010939_3d5a1166,deploy,1,2,True,3.0
CFN_Ablation_NoRemediator,20261003_011620_e017d268,schema,1,1,True,1.0
CFN_Ablation_NoRemediator,20261003_011844_768e30d4,security,1,1,True,1.0
CFN_Ablation_NoRemediator,20261003_012523_bfb14e03,schema,1,1,True,1.0
CFN_Ablation_NoRemediator,20261003_012523_bfb14e03,security,2,1,True,1.0
CFN_Ablation_NoRemediator,20261003_012523_bfb14e03,deploy,3,2,True,2.0
CFN_Ablation_NoRemediator,20261003_013100_8c91cdef,schema,1,1,True,1.0
CFN_Ablation_NoRemediator,20261003_013206_535674e7,schema,1,1,True,1.0
CFN_Ablation_NoRemediator,20261003_013249_5769208e,syntax,1,1,True,1.0
CFN_Ablation_NoRemediator,20261003_013249_5769208e,schema,1,1,True,1.0
CFN_Ablation_NoRemediator,20261003_013249_5769208e,security,2,1,True,1.0
CFN_Ablation_NoRemediator,20261003_013249_5769208e,deploy,3,3,True,3.0
CFN_Ablation_NoRemediator,20261003_014046_ff1464a6,schema,1,1,True,1.0
CFN_Ablation_NoRemediator,20261003_014332_75cf95ef,security,1,1,True,1.0
CFN_Ablation_NoRemediator,20261003_014524_71f18edb,schema,1,1,True,1.0
CFN_Ablation_NoRemediator,20261003_014524_71f18edb,deploy,2,2,True,2.0
CFN_Ablation_NoRemediator,20261003_014913_e8525dc8,deploy,1,1,True,1.0
CFN_Ablation_NoRemediator,20261003_015134_5bdfc910,schema,1,1,True,1.0
CFN_Ablation_NoRemediator,20261003_015134_5bdfc910,security,2,1,True,1.0
CFN_Ablation_NoRemediator,20261003_015637_be69e6b6,schema,1,2,True,1.0
CFN_Ablation_NoRemediator,20261003_015637_be69e6b6,security,2,1,True,1.0
CFN_Ablation_NoRemediator,20261003_015900_3d8f3d38,schema,1,1,True,1.0
CFN_Ablation_NoRemediator,20261003_015954_c02b4277,schema,1,1,True,1.0
CFN_Ablation_NoRemediator,20261003_020235_0b973f19,schema,1,2,True,2.0
CFN_Ablation_NoRemediator,20261003_020645_f30a4889,syntax,1,1,True,1.0
CFN_Ablation_NoRemediator,20261003_020645_f30a4889,schema,1,1,True,1.0
CFN_Ablation_NoRemediator,20261003_020645_f30a4889,security,2,1,True,1.0
CFN_Ablation_NoRemediator,20261003_020808_765841f4,schema,1,5,True,1.0
CFN_Ablation_NoRemediator,20261003_020808_765841f4,security,2,10,True,1.0
CFN_Ablation_NoRemediator,20261003_024129_76364342,schema,1,1,True,1.0
CFN_Ablation_NoRemediator,20261003_024907_4d2c6dba,schema,1,1,True,1.0
CFN_Ablation_NoRemediator,20261003_025117_c6837d77,schema,1,1,True,1.0
CFN_Ablation_NoRemediator,20261003_025334_7e7c35b5,security,1,1,True,1.0
CFN_Ablation_NoRemediator,20261003_025442_cd8c91c0,syntax,6,2,True,1.0
CFN_Ablation_NoRemediator,20261003_025442_cd8c91c0,schema,1,7,True,2.0
CFN_Ablation_NoRemediator,20261003_025442_cd8c91c0,security,3,1,True,1.0
CFN_Ablation_NoRemediator,20261003_025442_cd8c91c0,deploy,4,7,False,
CFN_Ablation_NoRemediator,20261003_031621_84fc95d9,schema,1,1,True,1.0
CFN_Ablation_NoRemediator,20261003_031621_84fc95d9,security,2,1,True,1.0
CFN_Ablation_NoRemediator,20261003_031621_84fc95d9,deploy,3,1,True,1.0
CFN_Ablation_NoRemediator,20261003_032135_53bb3ee9,schema,1,1,True,1.0
CFN_Ablation_NoRemediator,20261003_032301_c0500773,schema,1,1,True,1.0
CFN_Ablation_NoRemediator,20261003_032623_067ddc4d,security,1,1,True,1.0
CFN_Ablation_NoRemediator,20261003_032623_067ddc4d,deploy,2,2,True,2.0
CFN_Ablation_NoRemediator,20261003_033129_9e2b76f2,security,1,1,True,1.0
CFN_Ablation_NoRemediator,20261003_033224_133d346c,schema,1,1,True,1.0
CFN_Ablation_NoRemediator,20261003_033447_895c98a0,schema,1,1,True,1.0
CFN_Ablation_NoRemediator,20261003_033645_5cebb518,syntax,1,1,True,1.0
CFN_Ablation_NoRemediator,20261003_033645_5cebb518,schema,1,1,True,1.0
CFN_Ablation_NoRemediator,20261003_033924_7b283606,schema,1,1,True,1.0
CFN_Ablation_OpenCodeRetriever,20260919_173443_7fd79330,syntax,1,1,True,1.0
CFN_Ablation_OpenCodeRetriever,20260919_173443_7fd79330,schema,1,2,True,2.0
CFN_Ablation_OpenCodeRetriever,20260919_174144_8e10f71f,syntax,1,1,True,1.0
CFN_Ablation_OpenCodeRetriever,20260919_174706_ced434f3,schema,3,1,True,1.0
CFN_Ablation_OpenCodeRetriever,20260919_174706_ced434f3,deploy,1,2,True,3.0
CFN_Ablation_OpenCodeRetriever,20260919_175515_24e4046b,syntax,1,1,True,1.0
CFN_Ablation_OpenCodeRetriever,20260919_175515_24e4046b,schema,1,1,True,1.0
CFN_Ablation_OpenCodeRetriever,20260919_180218_acaf80e9,deploy,1,5,True,5.0
CFN_Ablation_OpenCodeRetriever,20260919_180732_cf543f0c,schema,1,2,True,2.0
CFN_Ablation_OpenCodeRetriever,20260919_180732_cf543f0c,deploy,3,1,True,1.0
CFN_Ablation_OpenCodeRetriever,20260919_181421_6637409c,schema,1,1,True,1.0
CFN_Ablation_OpenCodeRetriever,20260919_181421_6637409c,deploy,2,11,True,6.0
CFN_Ablation_OpenCodeRetriever,20260919_182957_53f90f65,schema,1,1,True,1.0
CFN_Ablation_OpenCodeRetriever,20260919_182957_53f90f65,deploy,2,1,True,1.0
CFN_Ablation_OpenCodeRetriever,20260919_183424_3fa4221e,syntax,1,1,True,1.0
CFN_Ablation_OpenCodeRetriever,20260919_183424_3fa4221e,schema,1,1,True,1.0
CFN_Ablation_OpenCodeRetriever,20260919_183737_42838025,syntax,1,1,True,1.0
CFN_Ablation_OpenCodeRetriever,20260919_183737_42838025,security,2,1,True,1.0
CFN_Ablation_OpenCodeRetriever,20260919_184641_fdbc5418,schema,1,2,True,2.0
CFN_Ablation_OpenCodeRetriever,20260919_184641_fdbc5418,security,3,2,True,2.0
CFN_Ablation_OpenCodeRetriever,20260919_185442_b804f273,schema,1,1,True,1.0
CFN_Ablation_OpenCodeRetriever,20260919_185442_b804f273,deploy,2,2,True,2.0
CFN_Ablation_OpenCodeRetriever,20260919_185849_da00b22e,syntax,1,2,True,2.0
CFN_Ablation_OpenCodeRetriever,20260919_185849_da00b22e,schema,1,1,True,1.0
CFN_Ablation_OpenCodeRetriever,20260919_190355_ac348c31,schema,1,2,True,1.0
CFN_Ablation_OpenCodeRetriever,20260919_190355_ac348c31,security,2,13,True,10.0
CFN_Ablation_OpenCodeRetriever,20260919_191129_482bfb01,schema,1,1,True,1.0
CFN_Ablation_OpenCodeRetriever,20260919_191753_0e1a601c,syntax,1,2,True,2.0
CFN_Ablation_OpenCodeRetriever,20260919_191753_0e1a601c,schema,1,1,True,1.0
CFN_Ablation_OpenCodeRetriever,20260919_192303_364fafe2,schema,1,1,False,
CFN_Ablation_OpenCodeRetriever,20260919_192839_b805d65c,security,1,1,True,1.0
CFN_Ablation_OpenCodeRetriever,20260919_192839_b805d65c,deploy,2,1,True,1.0
CFN_Ablation_OpenCodeRetriever,20260919_193228_1f1c12a6,security,1,1,True,1.0
CFN_Ablation_OpenCodeRetriever,20260919_194135_08cd973d,deploy,1,1,True,1.0
CFN_Ablation_OpenCodeRetriever,20260919_194942_00d16081,schema,1,1,True,1.0
CFN_Ablation_OpenCodeRetriever,20260919_195342_a87eae3b,security,1,2,True,1.0
CFN_Ablation_OpenCodeRetriever,20260919_195342_a87eae3b,deploy,2,1,True,2.0
CFN_Ablation_OpenCodeRetriever,20260919_195907_c5561ab9,schema,1,1,True,1.0
CFN_Ablation_OpenCodeRetriever,20260919_195907_c5561ab9,deploy,2,2,True,2.0
CFN_Ablation_OpenCodeRetriever,20260929_011253_1c9d5325,schema,1,4,True,4.0
CFN_Ablation_OpenCodeRetriever,20260929_011253_1c9d5325,deploy,5,2,True,2.0
CFN_Ablation_OpenCodeRetriever,20260929_011837_93068dc1,schema,1,1,True,1.0
CFN_Ablation_OpenCodeRetriever,20260929_012040_59271d7f,security,1,1,True,1.0
CFN_Ablation_OpenCodeRetriever,20260929_012211_bba19e8b,deploy,1,3,True,3.0
CFN_Ablation_OpenCodeRetriever,20260929_013609_3ab954e1,schema,1,1,True,1.0
CFN_Ablation_OpenCodeRetriever,20260929_013845_17f0b1a0,security,1,1,True,1.0
CFN_Ablation_OpenCodeRetriever,20260929_013845_17f0b1a0,deploy,2,1,True,1.0
CFN_Ablation_OpenCodeRetriever,20260929_014039_1a414808,deploy,1,3,True,3.0
CFN_Ablation_OpenCodeRetriever,20260929_020243_15c48044,schema,1,2,True,2.0
CFN_Ablation_OpenCodeRetriever,20260929_020716_21223051,schema,1,5,True,5.0
CFN_Ablation_OpenCodeRetriever,20260929_020716_21223051,deploy,6,2,True,2.0
CFN_Ablation_OpenCodeRetriever,20260929_021240_250968e4,security,1,1,True,1.0
CFN_Ablation_OpenCodeRetriever,20260929_021502_f54f6df6,schema,1,1,True,1.0
CFN_Ablation_OpenCodeRetriever,20260929_021502_f54f6df6,security,2,1,True,1.0
CFN_Ablation_OpenCodeRetriever,20260929_021502_f54f6df6,deploy,3,1,True,1.0
CFN_Ablation_OpenCodeRetriever,20260929_021945_93e7edba,syntax,5,1,True,1.0
CFN_Ablation_OpenCodeRetriever,20260929_021945_93e7edba,schema,1,2,True,1.0
CFN_Ablation_OpenCodeRetriever,20260929_021945_93e7edba,security,2,1,True,1.0
CFN_Ablation_OpenCodeRetriever,20260929_021945_93e7edba,deploy,3,4,True,5.0
CFN_Ablation_OpenCodeRetriever,20260929_022822_78cd1902,schema,1,1,True,1.0
CFN_Ablation_OpenCodeRetriever,20260929_022822_78cd1902,security,2,1,True,1.0
CFN_Ablation_OpenCodeRetriever,20260929_022822_78cd1902,deploy,3,1,True,1.0
CFN_Ablation_OpenCodeRetriever,20260929_024441_984ee11f,deploy,1,3,True,3.0
CFN_Ablation_TrivyAllSeverities,20261001_225307_c5f2c8a6,security,1,1,True,1.0
CFN_Ablation_TrivyAllSeverities,20261001_225605_646a8c67,schema,1,1,True,1.0
CFN_Ablation_TrivyAllSeverities,20261001_225605_646a8c67,security,2,2,True,2.0
CFN_Ablation_TrivyAllSeverities,20261001_225605_646a8c67,deploy,4,1,True,1.0
CFN_Ablation_TrivyAllSeverities,20261001_230212_ee1c7649,schema,1,2,True,1.0
CFN_Ablation_TrivyAllSeverities,20261001_230212_ee1c7649,security,5,1,True,1.0
CFN_Ablation_TrivyAllSeverities,20261001_230212_ee1c7649,deploy,2,2,True,4.0
CFN_Ablation_TrivyAllSeverities,20261001_230712_21e5c9b8,security,1,1,True,1.0
CFN_Ablation_TrivyAllSeverities,20261001_230805_979523b4,schema,1,2,True,2.0
CFN_Ablation_TrivyAllSeverities,20261001_231102_ca66e57a,schema,1,1,True,1.0
CFN_Ablation_TrivyAllSeverities,20261001_231102_ca66e57a,security,2,1,True,1.0
CFN_Ablation_TrivyAllSeverities,20261001_231259_168a131b,security,1,1,True,1.0
CFN_Ablation_TrivyAllSeverities,20261001_231550_35076f35,schema,1,1,True,1.0
CFN_Ablation_TrivyAllSeverities,20261001_231912_5247f889,schema,1,1,True,1.0
CFN_Ablation_TrivyAllSeverities,20261001_231912_5247f889,security,2,1,True,1.0
CFN_Ablation_TrivyAllSeverities,20261001_232058_4d0fe339,security,1,1,True,1.0
CFN_Ablation_TrivyAllSeverities,20261001_232424_543e0454,security,1,1,True,1.0
CFN_Ablation_TrivyAllSeverities,20261001_232424_543e0454,deploy,2,3,True,3.0
CFN_Ablation_TrivyAllSeverities,20261001_233229_c8ff53fc,security,1,1,True,1.0
CFN_Ablation_TrivyAllSeverities,20261001_233631_eaefdcad,schema,1,1,True,1.0
CFN_Ablation_TrivyAllSeverities,20261001_233631_eaefdcad,security,2,2,True,2.0
CFN_Ablation_TrivyAllSeverities,20261001_234208_5a8b6dd8,security,1,2,True,2.0
CFN_Ablation_TrivyAllSeverities,20261001_234507_73456af7,schema,1,1,True,1.0
CFN_Ablation_TrivyAllSeverities,20261001_234649_1e51e947,schema,1,1,True,1.0
CFN_Ablation_TrivyAllSeverities,20261001_234848_003ddb99,schema,1,1,True,1.0
CFN_Ablation_TrivyAllSeverities,20261001_234848_003ddb99,security,2,1,True,1.0
CFN_Ablation_TrivyAllSeverities,20261001_235127_6fb2a67e,schema,1,1,True,1.0
CFN_Ablation_TrivyAllSeverities,20261001_235349_4f39ff8a,schema,2,1,True,1.0
CFN_Ablation_TrivyAllSeverities,20261001_235349_4f39ff8a,security,1,1,True,1.0
CFN_Ablation_TrivyAllSeverities,20261001_235605_b55c9d5c,security,2,1,True,1.0
CFN_Ablation_TrivyAllSeverities,20261001_235605_b55c9d5c,deploy,1,1,True,2.0
CFN_Ablation_TrivyAllSeverities,20261001_235946_e94bb3c2,security,1,1,True,1.0
CFN_Ablation_TrivyAllSeverities,20261002_000129_c145b339,schema,1,2,True,1.0
CFN_Ablation_TrivyAllSeverities,20261002_000129_c145b339,security,2,1,True,1.0
CFN_Ablation_TrivyAllSeverities,20261002_000431_c17b898b,schema,1,1,True,1.0
CFN_Ablation_TrivyAllSeverities,20261002_000431_c17b898b,security,2,1,True,1.0
CFN_Ablation_TrivyAllSeverities,20261002_001107_6066f380,schema,1,1,True,1.0
CFN_Ablation_TrivyAllSeverities,20261002_001107_6066f380,security,2,1,True,1.0
CFN_Ablation_TrivyAllSeverities,20261002_001547_55c7f178,schema,1,1,True,1.0
CFN_Ablation_TrivyAllSeverities,20261002_001547_55c7f178,security,2,1,True,1.0
CFN_Ablation_TrivyAllSeverities,20261002_001547_55c7f178,deploy,3,1,True,1.0
CFN_Ablation_TrivyAllSeverities,20261002_002207_2733baf1,syntax,1,1,True,1.0
CFN_Ablation_TrivyAllSeverities,20261002_002207_2733baf1,schema,1,2,True,2.0
CFN_Ablation_TrivyAllSeverities,20261002_002207_2733baf1,security,3,1,True,1.0
CFN_Ablation_TrivyAllSeverities,20261002_002411_4b6b21df,schema,4,5,True,1.0
CFN_Ablation_TrivyAllSeverities,20261002_002411_4b6b21df,security,1,10,True,3.0
CFN_Ablation_TrivyAllSeverities,20261002_005128_88135ccf,schema,1,1,True,1.0
CFN_Ablation_TrivyAllSeverities,20261002_005128_88135ccf,security,2,1,True,1.0
CFN_Ablation_TrivyAllSeverities,20261002_005128_88135ccf,deploy,3,1,True,1.0
CFN_Ablation_TrivyAllSeverities,20261002_005608_207bf289,schema,1,2,True,2.0
CFN_Ablation_TrivyAllSeverities,20261002_005608_207bf289,security,3,1,True,1.0
CFN_Ablation_TrivyAllSeverities,20261002_010655_0c847144,security,1,1,True,1.0
CFN_Ablation_TrivyAllSeverities,20261002_010858_ea2f31ef,security,1,2,True,2.0
CFN_Ablation_TrivyAllSeverities,20261002_010858_ea2f31ef,deploy,3,1,True,1.0
CFN_Ablation_TrivyAllSeverities,20261002_011400_0202f325,schema,1,1,True,1.0
CFN_Ablation_TrivyAllSeverities,20261002_011400_0202f325,security,2,1,True,1.0
CFN_Ablation_TrivyAllSeverities,20261002_011400_0202f325,deploy,3,1,True,1.0
CFN_Ablation_TrivyAllSeverities,20261002_011957_98e212cc,schema,1,2,True,2.0
CFN_Ablation_TrivyAllSeverities,20261002_011957_98e212cc,security,3,2,True,2.0
CFN_Ablation_TrivyAllSeverities,20261002_011957_98e212cc,deploy,5,8,True,8.0
CFN_Ablation_TrivyAllSeverities,20261002_013817_3494f14c,syntax,1,1,True,1.0
CFN_Ablation_TrivyAllSeverities,20261002_013817_3494f14c,schema,1,2,True,2.0
CFN_Ablation_TrivyAllSeverities,20261002_013817_3494f14c,security,3,2,True,2.0
CFN_Ablation_TrivyAllSeverities,20261002_014247_e311a404,schema,2,1,True,1.0
CFN_Ablation_TrivyAllSeverities,20261002_014247_e311a404,security,1,1,True,1.0
CFN_Ablation_TrivyAllSeverities,20261002_014643_f22c8776,schema,1,1,True,1.0
CFN_Ablation_TrivyAllSeverities,20261002_014643_f22c8776,security,2,1,True,1.0
CFN_Ablation_TrivyAllSeverities,20261002_015114_30eea168,schema,1,2,True,2.0
CFN_Ablation_TrivyAllSeverities,20261002_015114_30eea168,security,3,2,True,2.0
CFN_Ablation_TrivyAllSeverities,20261002_015617_0d4c5210,security,1,1,True,1.0
CFN_Ablation_TrivyAllSeverities,20261002_015617_0d4c5210,deploy,2,2,True,2.0
CFN_Ablation_TrivyAllSeverities,20261002_020349_f5852f96,schema,1,2,True,2.0
CFN_Ablation_TrivyAllSeverities,20261002_020349_f5852f96,security,3,1,True,1.0
CFN_DPIaCEval_o3mini_DeployOnly,20260922_232123_1191ff6f,security,1,1,True,1.0
CFN_DPIaCEval_o3mini_DeployOnly,20260922_233417_679ce84e,syntax,1,1,True,1.0
CFN_DPIaCEval_o3mini_DeployOnly,20260922_233800_339fbb85,schema,2,3,True,3.0
CFN_DPIaCEval_o3mini_DeployOnly,20260922_233800_339fbb85,deploy,1,1,True,4.0
CFN_DPIaCEval_o3mini_DeployOnly,20260922_234423_d5f8b180,syntax,1,1,True,1.0
CFN_DPIaCEval_o3mini_DeployOnly,20260922_235149_6143e815,syntax,1,1,True,1.0
CFN_DPIaCEval_o3mini_DeployOnly,20260923_010028_a5117c50,syntax,1,2,True,2.0
CFN_DPIaCEval_o3mini_DeployOnly,20260923_010553_00f95d02,schema,1,1,True,1.0
CFN_DPIaCEval_o3mini_DeployOnly,20260923_011123_9266dee5,syntax,1,1,True,1.0
CFN_DPIaCEval_o3mini_DeployOnly,20260923_011123_9266dee5,schema,1,2,True,2.0
CFN_DPIaCEval_o3mini_DeployOnly,20260923_011123_9266dee5,deploy,3,2,True,2.0
CFN_DPIaCEval_o3mini_DeployOnly,20260923_012825_5b5d2c1c,deploy,1,5,True,5.0
CFN_DPIaCEval_o3mini_DeployOnly,20260923_014732_db651866,syntax,1,1,True,1.0
CFN_DPIaCEval_o3mini_DeployOnly,20260923_014732_db651866,schema,2,1,True,1.0
CFN_DPIaCEval_o3mini_DeployOnly,20260923_014732_db651866,deploy,3,9,True,9.0
CFN_DPIaCEval_o3mini_DeployOnly,20260923_024137_9222496c,deploy,1,1,True,1.0
CFN_DPIaCEval_o3mini_DeployOnly,20260923_030552_79a0a7a6,deploy,1,1,True,1.0
CFN_DPIaCEval_o3mini_DeployOnly,20260923_032756_280071e3,schema,1,1,True,1.0
CFN_DPIaCEval_o3mini_DeployOnly,20260923_035654_d1e8c689,schema,1,2,True,2.0
CFN_DPIaCEval_o3mini_DeployOnly,20260923_042229_becac202,deploy,1,1,True,1.0
CFN_DPIaCEval_o3mini_DeployOnly,20260923_044642_599583f4,schema,1,1,True,1.0
CFN_DPIaCEval_o3mini_DeployOnly,20260923_050043_e91fbbc2,syntax,11,1,True,1.0
CFN_DPIaCEval_o3mini_DeployOnly,20260923_050043_e91fbbc2,deploy,1,11,True,12.0
CFN_DPIaCEval_o3mini_DeployOnly,20260923_064533_f16ce86c,deploy,1,1,True,1.0
CFN_DPIaCEval_o3mini_DeployOnly,20260923_070539_48217a61,syntax,1,1,True,1.0
CFN_DPIaCEval_o3mini_DeployOnly,20260923_070539_48217a61,schema,1,2,True,2.0
CFN_DPIaCEval_o3mini_DeployOnly,20260923_070539_48217a61,deploy,3,4,True,4.0
CFN_DPIaCEval_o3mini_DeployOnly,20260923_081852_1e83ad85,deploy,1,2,True,2.0
CFN_DPIaCEval_o3mini_DeployOnly,20260923_085201_1ac4ede4,schema,1,1,True,1.0
CFN_DPIaCEval_o3mini_DeployOnly,20260923_090741_dc97fb7b,syntax,2,1,True,1.0
CFN_DPIaCEval_o3mini_DeployOnly,20260923_090741_dc97fb7b,deploy,1,1,True,2.0
CFN_DPIaCEval_o3mini_DeployOnly,20260923_093038_643cde35,schema,1,1,True,1.0
CFN_DPIaCEval_o3mini_DeployOnly,20260923_094605_4c280093,schema,1,1,True,1.0
CFN_DPIaCEval_o3mini_DeployOnly,20260923_100017_d357fea0,syntax,1,1,True,1.0
CFN_DPIaCEval_o3mini_DeployOnly,20260923_100017_d357fea0,schema,1,3,True,3.0
CFN_DPIaCEval_o3mini_DeployOnly,20260923_100017_d357fea0,deploy,4,1,True,1.0
CFN_DPIaCEval_o3mini_DeployOnly,20260923_113734_13da2ff1,syntax,1,5,True,5.0
CFN_DPIaCEval_o3mini_DeployOnly,20260923_113734_13da2ff1,schema,1,6,True,6.0
CFN_DPIaCEval_o3mini_DeployOnly,20260923_113734_13da2ff1,deploy,7,9,False,
CFN_DPIaCEval_o3mini_DeployOnly,20260923_133127_b249ab15,syntax,13,1,True,1.0
CFN_DPIaCEval_o3mini_DeployOnly,20260923_133127_b249ab15,schema,1,3,True,2.0
CFN_DPIaCEval_o3mini_DeployOnly,20260923_133127_b249ab15,deploy,3,11,False,
CFN_DPIaCEval_o3mini_DeployOnly,20260923_151616_76691ca5,schema,1,3,True,1.0
CFN_DPIaCEval_o3mini_DeployOnly,20260923_151616_76691ca5,deploy,2,6,True,8.0
CFN_DPIaCEval_o3mini_DeployOnly,20260923_173417_f7248dbd,schema,1,1,True,1.0
CFN_DPIaCEval_o3mini_DeployOnly,20260923_173417_f7248dbd,deploy,2,2,True,2.0
CFN_DPIaCEval_o3mini_DeployOnly,20260923_201236_f6f7e216,syntax,1,1,True,1.0
CFN_DPIaCEval_o3mini_DeployOnly,20260923_204152_8a591c6f,schema,1,1,True,1.0
CFN_DPIaCEval_o3mini_DeployOnly,20260923_210937_928e5d21,syntax,1,1,True,1.0
CFN_DPIaCEval_o3mini_DeployOnly,20260923_210937_928e5d21,deploy,2,2,True,2.0
CFN_DPIaCEval_o3mini_DeployOnly,20260923_232817_f6eba785,syntax,1,1,True,1.0
CFN_DPIaCEval_o3mini_DeployOnly,20260924_000106_62e27dd1,syntax,1,2,True,2.0
CFN_DPIaCEval_o3mini_DeployOnly,20260924_000106_62e27dd1,schema,1,4,True,4.0
CFN_DPIaCEval_o3mini_DeployOnly,20260924_000106_62e27dd1,deploy,5,2,True,2.0
CFN_DPIaCEval_o3mini_DeployOnly,20260924_012320_84b6a7fb,syntax,1,1,True,1.0
CFN_DPIaCEval_o3mini_DeployOnly,20260924_012320_84b6a7fb,deploy,2,4,True,4.0
CFN_DPIaCEval_o3mini_DeployOnly,20260924_035353_2bef35c7,schema,1,3,True,3.0
CFN_DPIaCEval_o3mini_DeployOnly,20260924_035353_2bef35c7,deploy,4,1,True,1.0
CFN_DPIaCEval_o3mini_DeployOnly,20260924_052408_b8578f2b,schema,1,1,True,1.0
CFN_DPIaCEval_o3mini_DeployOnly,20260924_063129_0a28a9a6,deploy,1,1,True,1.0
CFN_DPIaCEval_o3mini_DeployOnly,20260924_072257_23065b3e,syntax,1,1,True,1.0
CFN_DPIaCEval_o3mini_DeployOnly,20260924_075713_2d6e7109,syntax,1,1,True,1.0
CFN_DPIaCEval_o3mini_DeployOnly,20260924_075713_2d6e7109,schema,1,1,True,1.0
CFN_DPIaCEval_o3mini_DeployOnly,20260924_075713_2d6e7109,deploy,2,1,True,1.0
CFN_DPIaCEval_o3mini_DeployOnly,20260924_085206_3fb05fc3,deploy,1,1,True,1.0
CFN_DPIaCEval_o3mini_DeployOnly,20260924_101502_df6ba591,schema,1,1,True,1.0
CFN_DPIaCEval_o3mini_DeployOnly,20260924_125354_328fc37a,deploy,1,5,True,5.0
CFN_DPIaCEval_o3mini_DeployOnly,20260924_135138_64dde387,syntax,1,1,True,1.0
CFN_DPIaCEval_o3mini_DeployOnly,20260924_135138_64dde387,deploy,2,1,True,1.0
CFN_DPIaCEval_o3mini_DeployOnly,20260924_140459_dee43004,schema,1,1,True,1.0
CFN_DPIaCEval_o3mini_DeployOnly,20260924_141037_92fde4e2,deploy,1,3,True,3.0
CFN_DPIaCEval_o3mini_DeployOnly,20260924_143014_039f6fc4,syntax,1,2,True,2.0
CFN_DPIaCEval_o3mini_DeployOnly,20260924_143014_039f6fc4,schema,2,1,True,1.0
CFN_DPIaCEval_o3mini_DeployOnly,20260924_162157_c4fe2630,syntax,1,1,True,1.0
CFN_DPIaCEval_o3mini_DeployOnly,20260924_162157_c4fe2630,schema,3,2,True,2.0
CFN_DPIaCEval_o3mini_DeployOnly,20260924_162157_c4fe2630,deploy,2,1,True,3.0
CFN_DPIaCEval_o3mini_DeployOnly,20260924_163314_1ef95280,syntax,1,1,True,1.0
CFN_DPIaCEval_o3mini_DeployOnly,20260924_163314_1ef95280,schema,1,2,True,2.0
CFN_DPIaCEval_o3mini_DeployOnly,20260924_163314_1ef95280,deploy,3,10,True,10.0
CFN_DPIaCEval_o3mini_DeployOnly,20260924_181804_fb99f62b,syntax,1,15,False,
CFN_DPIaCEval_o3mini_DeployOnly,20260924_181804_fb99f62b,schema,2,14,False,
CFN_DPIaCEval_o3mini_DeployOnly,20260924_183414_338cd7b8,syntax,1,1,True,1.0
CFN_DPIaCEval_o3mini_DeployOnly,20260924_183414_338cd7b8,deploy,2,1,True,1.0
CFN_DPIaCEval_o3mini_DeployOnly,20260924_184246_9547affa,syntax,4,1,True,1.0
CFN_DPIaCEval_o3mini_DeployOnly,20260924_184246_9547affa,schema,1,1,True,1.0
CFN_DPIaCEval_o3mini_DeployOnly,20260924_184246_9547affa,deploy,2,3,True,4.0
CFN_DPIaCEval_o3mini_DeployOnly,20260924_190445_03ad6aec,deploy,1,1,True,1.0
CFN_DPIaCEval_o3mini_DeployOnly,20260924_191836_2a63c1be,schema,1,1,True,1.0
CFN_DPIaCEval_o3mini_DeployOnly,20260924_192916_036abd28,syntax,5,3,True,1.0
CFN_DPIaCEval_o3mini_DeployOnly,20260924_192916_036abd28,schema,1,2,True,1.0
CFN_DPIaCEval_o3mini_DeployOnly,20260924_192916_036abd28,deploy,2,10,False,
CFN_DPIaCEval_o3mini_DeployOnly,20260924_205749_05217006,syntax,2,1,True,1.0
CFN_DPIaCEval_o3mini_DeployOnly,20260924_205749_05217006,schema,1,2,True,1.0
CFN_DPIaCEval_o3mini_DeployOnly,20260924_205749_05217006,deploy,3,1,True,2.0
CFN_DPIaCEval_o3mini_DeployOnly,20260924_211730_e04cf676,schema,1,1,True,1.0
CFN_DPIaCEval_o3mini_DeployOnly,20260924_211730_e04cf676,deploy,2,1,True,1.0
CFN_DPIaCEval_o3mini_DeployOnly,20260924_212637_4646ea41,deploy,1,1,True,1.0
CFN_DPIaCEval_o3mini_DeployOnly,20260924_213449_7f7000ce,schema,1,2,True,1.0
CFN_DPIaCEval_o3mini_DeployOnly,20260924_213449_7f7000ce,deploy,2,13,False,
CFN_DPIaCEval_o3mini_DeployOnly,20260924_223854_a9e43125,syntax,1,1,True,1.0
CFN_DPIaCEval_o3mini_DeployOnly,20260924_224506_62b2c745,syntax,1,1,True,1.0
CFN_DPIaCEval_o3mini_DeployOnly,20260924_224506_62b2c745,schema,1,1,True,1.0
CFN_DPIaCEval_o3mini_DeployOnly,20260924_224506_62b2c745,deploy,2,1,True,1.0
CFN_DPIaCEval_o3mini_DeployOnly,20260924_230439_c255ff9a,syntax,1,1,True,1.0
CFN_DPIaCEval_o3mini_DeployOnly,20260924_230439_c255ff9a,deploy,2,1,True,1.0
CFN_DPIaCEval_o3mini_DeployOnly,20260924_232021_90ee6b00,syntax,10,1,True,1.0
CFN_DPIaCEval_o3mini_DeployOnly,20260924_232021_90ee6b00,schema,3,5,True,1.0
CFN_DPIaCEval_o3mini_DeployOnly,20260924_232021_90ee6b00,deploy,1,9,False,
CFN_DPIaCEval_o3mini_DeployOnly,20260925_004408_1f95a3cf,syntax,1,1,True,1.0
CFN_DPIaCEval_o3mini_DeployOnly,20260925_004408_1f95a3cf,deploy,2,2,True,2.0
CFN_DPIaCEval_o3mini_DeployOnly,20260925_010449_62a80255,syntax,1,1,True,1.0
CFN_DPIaCEval_o3mini_DeployOnly,20260925_010449_62a80255,schema,1,1,True,1.0
CFN_DPIaCEval_o3mini_DeployOnly,20260925_011458_cd33318a,schema,1,1,True,1.0
CFN_DPIaCEval_o3mini_DeployOnly,20260925_011458_cd33318a,deploy,2,1,True,1.0
CFN_DPIaCEval_o3mini_DeployOnly,20260925_012623_3e6ec134,deploy,1,1,True,1.0
CFN_DPIaCEval_o3mini_DeployOnly,20260925_014551_2011618f,deploy,1,1,True,1.0
CFN_DPIaCEval_o3mini_DeployOnly,20260925_015453_49b53b93,syntax,1,1,True,1.0
CFN_DPIaCEval_o3mini_DeployOnly,20260925_015453_49b53b93,schema,1,1,True,1.0
CFN_DPIaCEval_o3mini_DeployOnly,20260925_015453_49b53b93,deploy,2,2,True,2.0
CFN_DPIaCEval_o3mini_DeployOnly,20260925_022008_0c0de0df,syntax,1,1,True,1.0
CFN_DPIaCEval_o3mini_DeployOnly,20260925_022924_467957b5,syntax,1,1,True,1.0
CFN_DPIaCEval_o3mini_DeployOnly,20260925_024430_1e061e6f,schema,2,3,True,2.0
CFN_DPIaCEval_o3mini_DeployOnly,20260925_024430_1e061e6f,deploy,1,3,True,6.0
CFN_DPIaCEval_o3mini_DeployOnly,20260925_031029_c450f7a0,schema,1,1,True,1.0
CFN_DPIaCEval_o3mini_DeployOnly,20260925_031029_c450f7a0,deploy,2,2,True,2.0
CFN_DPIaCEval_o3mini_DeployOnly,20260925_032202_1fc1a2ca,schema,1,3,True,1.0
CFN_DPIaCEval_o3mini_DeployOnly,20260925_032202_1fc1a2ca,deploy,2,3,True,5.0
CFN_DPIaCEval_o3mini_DeployOnly,20260925_034809_1d760e0c,syntax,1,1,True,1.0
CFN_DPIaCEval_o3mini_DeployOnly,20260925_034809_1d760e0c,schema,1,3,True,2.0
CFN_DPIaCEval_o3mini_DeployOnly,20260925_034809_1d760e0c,deploy,3,12,False,
CFN_DPIaCEval_o3mini_DeployOnly,20260925_064021_17f56b6a,schema,2,1,True,1.0
CFN_DPIaCEval_o3mini_DeployOnly,20260925_064021_17f56b6a,deploy,1,1,True,2.0
CFN_DPIaCEval_o3mini_DeployOnly,20260925_074421_70b1f9b5,syntax,1,9,True,1.0
CFN_DPIaCEval_o3mini_DeployOnly,20260925_074421_70b1f9b5,schema,1,4,True,1.0
CFN_DPIaCEval_o3mini_DeployOnly,20260925_074421_70b1f9b5,deploy,2,5,False,
CFN_DPIaCEval_o3mini_DeployOnly,20260925_101154_4aabb443,schema,1,1,True,1.0
CFN_DPIaCEval_o3mini_DeployOnly,20260925_121809_b3e1de83,schema,1,1,True,1.0
CFN_DPIaCEval_o3mini_DeployOnly,20260925_121809_b3e1de83,deploy,2,1,True,1.0
CFN_DPIaCEval_o3mini_DeployOnly,20260925_193209_464affd8,syntax,1,1,True,1.0
CFN_DPIaCEval_o3mini_DeployOnly,20260925_193209_464affd8,schema,1,2,True,2.0
CFN_DPIaCEval_o3mini_DeployOnly,20260925_193209_464affd8,deploy,3,13,False,
CFN_DPIaCEval_o3mini_DeployOnly,20260926_042724_ca4b9d9f,syntax,1,1,True,1.0
CFN_DPIaCEval_o3mini_DeployOnly,20260926_042724_ca4b9d9f,schema,1,2,True,2.0
CFN_DPIaCEval_o3mini_DeployOnly,20260926_042724_ca4b9d9f,deploy,3,13,False,
CFN_DPIaCEval_o3mini_DeployOnly,20260926_091119_42ab635d,deploy,1,1,True,1.0
CFN_DPIaCEval_o3mini_DeployOnly,20260926_092103_bc6daa66,schema,1,1,True,1.0
CFN_DPIaCEval_o3mini_DeployOnly,20260926_092103_bc6daa66,deploy,2,4,True,4.0
CFN_DPIaCEval_o3mini_DeployOnly,20260926_095938_e37f90c4,schema,2,2,True,1.0
CFN_DPIaCEval_o3mini_DeployOnly,20260926_095938_e37f90c4,deploy,1,3,True,5.0
CFN_DPIaCEval_o3mini_DeployOnly,20260926_101956_04ef0d21,syntax,1,1,True,1.0
CFN_DPIaCEval_o3mini_DeployOnly,20260926_101956_04ef0d21,schema,1,1,True,1.0
CFN_DPIaCEval_o3mini_DeployOnly,20260926_101956_04ef0d21,deploy,2,5,True,5.0
CFN_DPIaCEval_o3mini_DeployOnly,20260926_104225_7fff29ed,schema,1,1,True,1.0
CFN_DPIaCEval_o3mini_DeployOnly,20260926_104225_7fff29ed,deploy,2,3,True,3.0
CFN_DPIaCEval_o3mini_DeployOnly,20260926_110129_a7090304,syntax,1,1,True,1.0
CFN_DPIaCEval_o3mini_DeployOnly,20260926_111425_abfa3306,syntax,1,1,True,1.0
CFN_DPIaCEval_o3mini_DeployOnly,20260926_111425_abfa3306,schema,1,2,True,1.0
CFN_DPIaCEval_o3mini_DeployOnly,20260926_111425_abfa3306,deploy,2,13,False,
CFN_DPIaCEval_o3mini_DeployOnly,20260926_123434_ac7f501c,syntax,1,15,False,
CFN_DPIaCEval_o3mini_DeployOnly,20260926_123434_ac7f501c,schema,1,10,True,1.0
CFN_DPIaCEval_o3mini_DeployOnly,20260926_124409_5c362f08,syntax,1,3,True,3.0
CFN_DPIaCEval_o3mini_DeployOnly,20260926_124409_5c362f08,schema,2,2,True,2.0
CFN_DPIaCEval_o3mini_DeployOnly,20260926_133806_c3d20285,syntax,1,3,True,3.0
CFN_DPIaCEval_o3mini_DeployOnly,20260926_133806_c3d20285,schema,1,1,True,1.0
CFN_DPIaCEval_o3mini_DeployOnly,20260926_133806_c3d20285,deploy,4,8,True,8.0
CFN_DPIaCEval_o3mini_DeployOnly,20260926_142603_10bf602e,syntax,1,1,True,1.0
CFN_DPIaCEval_o3mini_DeployOnly,20260926_142603_10bf602e,deploy,2,1,True,1.0
CFN_DPIaCEval_o3mini_DeployOnly,20260926_144318_91d0dbbc,syntax,1,1,True,1.0
CFN_DPIaCEval_o3mini_DeployOnly,20260926_145651_25847bb4,schema,1,1,True,1.0
CFN_DPIaCEval_o3mini_DeployOnly,20260926_145651_25847bb4,deploy,2,1,True,1.0
CFN_DPIaCEval_o3mini_DeployOnly,20260926_151243_0c97ac73,syntax,1,1,True,1.0
CFN_DPIaCEval_o3mini_DeployOnly,20260926_151243_0c97ac73,schema,1,2,True,2.0
CFN_DPIaCEval_o3mini_DeployOnly,20260926_151848_167f774b,deploy,1,2,True,2.0
CFN_DPIaCEval_o3mini_DeployOnly,20260926_153219_38882963,syntax,1,1,True,1.0
CFN_DPIaCEval_o3mini_DeployOnly,20260926_153219_38882963,deploy,2,3,True,3.0
CFN_DPIaCEval_o3mini_DeployOnly,20260926_155403_6f926f91,deploy,1,1,True,1.0
CFN_DPIaCEval_o3mini_DeployOnly,20260926_160132_1a95bcf0,schema,1,3,True,1.0
CFN_DPIaCEval_o3mini_DeployOnly,20260926_160132_1a95bcf0,deploy,2,12,False,
CFN_DPIaCEval_o3mini_DeployOnly,20260926_172626_42b178fc,schema,1,1,True,1.0
CFN_DPIaCEval_o3mini_DeployOnly,20260926_172626_42b178fc,deploy,2,1,True,1.0
CFN_DPIaCEval_o3mini_DeployOnly,20260926_174150_154f2a54,syntax,1,1,True,1.0
CFN_DPIaCEval_o3mini_DeployOnly,20260926_174150_154f2a54,deploy,2,1,True,1.0
CFN_DPIaCEval_o3mini_DeployOnly,20260926_175458_cc43e789,schema,1,1,True,1.0
CFN_DPIaCEval_o3mini_DeployOnly,20260926_180519_6aa90d7f,syntax,1,1,True,1.0
CFN_DPIaCEval_o3mini_DeployOnly,20260926_180519_6aa90d7f,schema,1,1,True,1.0
CFN_DPIaCEval_o3mini_DeployOnly,20260926_180519_6aa90d7f,deploy,2,1,True,1.0
CFN_DPIaCEval_o3mini_DeployOnly,20260926_182147_1a46c44c,schema,1,1,True,1.0
CFN_DPIaCEval_o3mini_DeployOnly,20260926_182147_1a46c44c,deploy,2,1,True,1.0
CFN_DPIaCEval_o3mini_DeployOnly,20260926_183716_e8f9762d,schema,1,1,True,1.0
CFN_DPIaCEval_o3mini_DeployOnly,20260926_183716_e8f9762d,deploy,2,3,True,3.0
CFN_DPIaCEval_o3mini_DeployOnly,20260927_143858_fe04758f,schema,2,1,True,1.0
CFN_DPIaCEval_o3mini_DeployOnly,20260927_143858_fe04758f,deploy,1,14,False,
CFN_DPIaCEval_o3mini_DeployOnly,20260928_013646_8276f8c2,syntax,1,1,True,1.0
CFN_DPIaCEval_o3mini_DeployOnly,20260928_032554_4b69461b,schema,1,1,True,1.0
CFN_DPIaCEval_o3mini_DeployOnly,20260928_032554_4b69461b,deploy,2,1,True,1.0
CFN_DPIaCEval_o3mini_DeployOnly,20260928_061139_a0a72656,syntax,1,1,True,1.0
CFN_DPIaCEval_o3mini_DeployOnly,20260928_133049_7dbf539f,syntax,1,1,True,1.0
CFN_DPIaCEval_o3mini_DeployOnly,20260928_133049_7dbf539f,schema,1,1,True,1.0
CFN_DPIaCEval_o3mini_DeployOnly,20260928_133049_7dbf539f,deploy,2,4,True,4.0
CFN_DPIaCEval_o3mini_DeployOnly,20260928_150342_2fb47f43,syntax,1,1,True,1.0
CFN_DPIaCEval_o3mini_DeployOnly,20260929_063331_0c545fd8,syntax,1,1,True,1.0
CFN_DPIaCEval_o3mini_DeployOnly,20260929_063331_0c545fd8,schema,1,1,True,1.0
CFN_DPIaCEval_o3mini_DeployOnly,20260929_063331_0c545fd8,deploy,2,8,True,8.0
CFN_DPIaCEval_o3mini_DeployOnly,20260929_072655_5adf1819,syntax,1,1,True,1.0
CFN_DPIaCEval_o3mini_DeployOnly,20260929_072655_5adf1819,schema,1,2,True,1.0
CFN_DPIaCEval_o3mini_DeployOnly,20260929_072655_5adf1819,deploy,2,13,False,
CFN_DPIaCEval_o3mini_DeployOnly,20260929_080433_663b31da,syntax,1,1,True,1.0
CFN_DPIaCEval_o3mini_DeployOnly,20260929_080433_663b31da,schema,1,3,True,3.0
CFN_DPIaCEval_o3mini_DeployOnly,20260929_080433_663b31da,deploy,4,4,True,4.0
CFN_DPIaCEval_o3mini_DeployOnly,20260929_085348_77d65043,syntax,1,1,True,1.0
CFN_DPIaCEval_o3mini_DeployOnly,20260929_090059_bef38055,schema,1,2,True,2.0
CFN_RealAWS_DSV4F,20260826_225314_7ad82d15,schema,1,1,True,1.0
CFN_RealAWS_DSV4F,20260826_233329_a575077a,syntax,2,1,True,1.0
CFN_RealAWS_DSV4F,20260826_233329_a575077a,schema,1,1,True,1.0
CFN_RealAWS_DSV4F,20260826_233329_a575077a,deploy,3,1,True,1.0
CFN_RealAWS_DSV4F,20260827_001243_187ebc41,schema,1,1,True,1.0
CFN_RealAWS_DSV4F,20260827_001545_3cd09587,syntax,1,1,True,1.0
CFN_RealAWS_DSV4F,20260827_001545_3cd09587,schema,1,1,True,1.0
CFN_RealAWS_DSV4F,20260827_001545_3cd09587,deploy,2,8,True,8.0
CFN_RealAWS_DSV4F,20260827_005211_d557e9c1,syntax,1,1,True,1.0
CFN_RealAWS_DSV4F,20260827_005211_d557e9c1,schema,1,2,True,2.0
CFN_RealAWS_DSV4F,20260827_010427_5cbfb767,schema,1,1,True,1.0
CFN_RealAWS_DSV4F,20260827_011739_e9b67d94,syntax,1,2,True,2.0
CFN_RealAWS_DSV4F,20260827_011739_e9b67d94,schema,1,1,True,1.0
CFN_RealAWS_DSV4F,20260827_011739_e9b67d94,deploy,3,2,True,2.0
CFN_RealAWS_DSV4F,20260827_012657_b42b95c9,schema,1,1,True,1.0
CFN_RealAWS_DSV4F,20260827_014103_c1fef56c,schema,3,2,True,1.0
CFN_RealAWS_DSV4F,20260827_014103_c1fef56c,security,1,2,True,2.0
CFN_RealAWS_DSV4F,20260827_014103_c1fef56c,deploy,4,3,True,4.0
CFN_RealAWS_DSV4F,20260827_023844_3c573f49,schema,1,1,True,1.0
CFN_RealAWS_DSV4F,20260827_023844_3c573f49,deploy,2,6,True,6.0
CFN_RealAWS_DSV4F,20260827_133450_30021df4,schema,1,1,True,1.0
CFN_RealAWS_DSV4F,20260827_133831_82c1ca33,syntax,1,4,True,3.0
CFN_RealAWS_DSV4F,20260827_133831_82c1ca33,schema,1,2,True,1.0
CFN_RealAWS_DSV4F,20260827_133831_82c1ca33,security,4,1,True,1.0
CFN_RealAWS_DSV4F,20260827_133831_82c1ca33,deploy,5,8,True,9.0
CFN_RealAWS_DSV4F,20260827_154051_6203982b,deploy,1,1,True,1.0
CFN_RealAWS_DSV4F,20260827_154321_0e5d4da3,deploy,1,2,True,2.0
CFN_RealAWS_DSV4F,20260827_155141_a83bbc1b,schema,1,2,True,1.0
CFN_RealAWS_DSV4F,20260827_155141_a83bbc1b,security,2,1,True,1.0
CFN_RealAWS_DSV4F,20260827_161346_00980332,schema,1,1,True,1.0
CFN_RealAWS_DSV4F,20260827_161729_26f9ca4c,schema,1,2,True,2.0
CFN_RealAWS_DSV4F,20260827_161729_26f9ca4c,deploy,3,3,True,3.0
CFN_RealAWS_DSV4F,20260827_164336_5dfcd561,security,1,1,True,1.0
CFN_RealAWS_DSV4F,20260827_164336_5dfcd561,deploy,2,1,True,1.0
CFN_RealAWS_DSV4F,20260827_165636_56d96a16,schema,3,1,True,1.0
CFN_RealAWS_DSV4F,20260827_165636_56d96a16,deploy,1,2,True,3.0
CFN_RealAWS_DSV4F,20260827_182851_5c54df72,schema,1,1,True,1.0
CFN_RealAWS_DSV4F,20260827_210342_8fc41238,schema,1,1,True,1.0
CFN_RealAWS_DSV4F,20260827_210342_8fc41238,deploy,2,2,True,2.0
CFN_RealAWS_DSV4F,20260828_011817_e5d57042,schema,2,2,True,1.0
CFN_RealAWS_DSV4F,20260828_011817_e5d57042,deploy,1,2,True,4.0
CFN_RealAWS_DSV4F,20260828_013058_60a272fd,schema,1,1,True,1.0
CFN_RealAWS_DSV4F,20260828_013058_60a272fd,deploy,2,2,True,2.0
CFN_RealAWS_DSV4F,20260828_014523_8a822794,security,1,1,True,1.0
CFN_RealAWS_DSV4F,20260828_014523_8a822794,deploy,2,1,True,1.0
CFN_RealAWS_DSV4F,20260828_014835_d07abf80,deploy,1,10,True,10.0
CFN_RealAWS_DSV4F,20260828_031951_9e124864,deploy,1,1,True,1.0
CFN_RealAWS_DSV4F,20260828_042653_6c2d508f,schema,1,1,True,1.0
CFN_RealAWS_DSV4F,20260828_042653_6c2d508f,deploy,2,2,True,2.0
CFN_RealAWS_DSV4F,20260828_043610_43edc6fb,security,1,3,True,3.0
CFN_RealAWS_DSV4F,20260828_044627_2d560c1c,schema,1,1,True,1.0
CFN_RealAWS_DSV4F,20260828_044949_e24c0654,schema,1,1,True,1.0
CFN_RealAWS_DSV4F,20260828_044949_e24c0654,security,2,1,True,1.0
CFN_RealAWS_DSV4F,20260828_045253_5103d323,schema,1,1,True,1.0
CFN_RealAWS_DSV4F,20260828_045253_5103d323,security,2,1,True,1.0
CFN_RealAWS_DSV4F,20260828_045253_5103d323,deploy,3,1,True,1.0
CFN_RealAWS_DSV4F,20260828_210406_53449600,schema,1,1,True,1.0
CFN_RealAWS_DSV4F,20260828_210406_53449600,security,2,1,True,1.0
CFN_RealAWS_DSV4F,20260828_210406_53449600,deploy,3,13,False,
CFN_RealAWS_DSV4F,20260828_213540_cb5cb5f8,schema,1,3,True,2.0
CFN_RealAWS_DSV4F,20260828_213540_cb5cb5f8,deploy,3,2,True,3.0
CFN_RealAWS_DSV4F,20260828_221728_706b7ec3,syntax,1,1,True,1.0
CFN_RealAWS_DSV4F,20260828_221728_706b7ec3,schema,1,6,True,3.0
CFN_RealAWS_DSV4F,20260828_221728_706b7ec3,security,4,1,True,1.0
CFN_RealAWS_DSV4F,20260828_221728_706b7ec3,deploy,7,5,True,6.0
CFN_RealAWS_DSV4F,20260828_225139_49047237,schema,1,1,True,1.0
CFN_RealAWS_DSV4F,20260828_225429_3094dea2,schema,1,1,True,1.0
CFN_RealAWS_DSV4F,20260828_225429_3094dea2,security,2,2,True,2.0
CFN_RealAWS_DSV4F,20260828_230137_99f0767f,schema,1,1,True,1.0
CFN_RealAWS_DSV4F,20260828_234728_11bd5f89,schema,1,1,True,1.0
CFN_RealAWS_DSV4F,20260828_234937_4445b43c,schema,1,1,True,1.0
CFN_RealAWS_DSV4F,20260828_234937_4445b43c,deploy,2,1,True,1.0
CFN_RealAWS_DSV4F,20260829_025350_bc315d54,syntax,1,1,True,1.0
CFN_RealAWS_DSV4F,20260829_025350_bc315d54,schema,1,2,True,2.0
CFN_RealAWS_DSV4F,20260829_025350_bc315d54,deploy,3,7,True,7.0
CFN_RealAWS_DSV4F,20260829_072705_ee878f5c,syntax,1,1,True,1.0
CFN_RealAWS_DSV4F,20260829_072705_ee878f5c,schema,1,1,True,1.0
CFN_RealAWS_DSV4F,20260829_075607_a38d4bb9,syntax,1,1,True,1.0
CFN_RealAWS_DSV4F,20260829_075607_a38d4bb9,schema,1,1,True,1.0
CFN_RealAWS_DSV4F,20260829_082455_353bd931,syntax,1,1,True,1.0
CFN_RealAWS_DSV4F,20260829_082455_353bd931,schema,1,2,True,2.0
CFN_RealAWS_DSV4F,20260829_082455_353bd931,security,3,1,True,1.0
CFN_RealAWS_DSV4F,20260829_082455_353bd931,deploy,4,1,True,1.0
CFN_RealAWS_DSV4F,20260829_103042_f21a0cdd,schema,1,1,True,1.0
CFN_RealAWS_DSV4F,20260829_103042_f21a0cdd,deploy,2,2,True,2.0
CFN_RealAWS_DSV4F,20260829_105416_336af745,schema,1,1,True,1.0
CFN_RealAWS_DSV4F,20260829_105416_336af745,security,2,1,True,1.0
CFN_RealAWS_DSV4F,20260829_105416_336af745,deploy,3,3,True,3.0
CFN_RealAWS_DSV4F,20260829_110221_4c7a6e66,deploy,1,1,True,1.0
CFN_RealAWS_DSV4F,20260829_114530_39443301,schema,1,1,True,1.0
CFN_RealAWS_DSV4F,20260829_114530_39443301,security,2,1,True,1.0
CFN_RealAWS_DSV4F,20260829_114530_39443301,deploy,3,1,True,1.0
CFN_RealAWS_DSV4F,20260829_114924_e01164fb,schema,1,2,True,1.0
CFN_RealAWS_DSV4F,20260829_114924_e01164fb,security,2,2,True,1.0
CFN_RealAWS_DSV4F,20260829_114924_e01164fb,deploy,5,6,True,6.0
CFN_RealAWS_DSV4F,20260829_135650_f2558bfc,deploy,1,1,True,1.0
CFN_RealAWS_DSV4F,20260829_140908_2c54a68f,syntax,1,1,True,1.0
CFN_RealAWS_DSV4F,20260829_140908_2c54a68f,deploy,2,1,True,1.0
CFN_RealAWS_DSV4F,20260829_142547_bd6d548b,schema,1,1,True,1.0
CFN_RealAWS_DSV4F,20260829_142547_bd6d548b,deploy,2,1,True,1.0
CFN_RealAWS_DSV4F,20260829_184730_cd9b4aac,schema,1,2,True,2.0
CFN_RealAWS_DSV4F,20260829_185705_3d5f04e8,deploy,1,2,True,2.0
CFN_RealAWS_DSV4F,20260829_192350_1884bf1b,schema,1,2,True,2.0
CFN_RealAWS_DSV4F,20260829_192350_1884bf1b,security,3,1,True,1.0
CFN_RealAWS_DSV4F,20260829_192350_1884bf1b,deploy,4,1,True,1.0
CFN_RealAWS_DSV4F,20260829_194336_ae3e6ed2,syntax,1,2,True,2.0
CFN_RealAWS_DSV4F,20260829_194336_ae3e6ed2,schema,1,1,True,1.0
CFN_RealAWS_DSV4F,20260829_194336_ae3e6ed2,security,3,1,True,1.0
CFN_RealAWS_DSV4F,20260829_194336_ae3e6ed2,deploy,4,2,True,2.0
CFN_RealAWS_DSV4F,20260829_200605_02259fec,security,1,1,True,1.0
CFN_RealAWS_DSV4F,20260829_201604_385912c0,schema,1,2,True,2.0
CFN_RealAWS_DSV4F,20260829_201604_385912c0,security,3,3,True,3.0
CFN_RealAWS_DSV4F,20260829_201604_385912c0,deploy,6,1,True,1.0
CFN_RealAWS_DSV4F,20260829_233346_5371819f,syntax,1,1,True,1.0
CFN_RealAWS_DSV4F,20260829_233346_5371819f,schema,1,2,True,2.0
CFN_RealAWS_DSV4F,20260829_233346_5371819f,security,3,1,True,1.0
CFN_RealAWS_DSV4F,20260830_122727_4d15300f,syntax,1,1,True,1.0
CFN_RealAWS_DSV4F,20260830_122727_4d15300f,security,2,1,True,1.0
CFN_RealAWS_DSV4F,20260830_122727_4d15300f,deploy,3,5,True,5.0
CFN_RealAWS_DSV4F,20260830_124408_d685f3c8,deploy,1,1,True,1.0
CFN_RealAWS_DSV4F,20260830_131442_09313536,schema,1,2,True,2.0
CFN_RealAWS_DSV4F,20260830_131442_09313536,security,3,1,True,1.0
CFN_RealAWS_DSV4F,20260830_132532_ee9766d0,syntax,1,1,True,1.0
CFN_RealAWS_DSV4F,20260830_132532_ee9766d0,deploy,2,1,True,1.0
CFN_RealAWS_DSV4F,20260830_132808_3b420939,syntax,1,1,True,1.0
CFN_RealAWS_DSV4F,20260830_132808_3b420939,schema,1,1,True,1.0
CFN_RealAWS_DSV4F,20260830_133202_3e782622,syntax,1,1,True,1.0
CFN_RealAWS_DSV4F,20260830_133202_3e782622,schema,1,2,True,2.0
CFN_RealAWS_DSV4F,20260830_133553_34d60d5f,syntax,1,1,True,1.0
CFN_RealAWS_DSV4F,20260830_133553_34d60d5f,schema,1,2,True,2.0
CFN_RealAWS_DSV4F,20260830_133553_34d60d5f,security,3,1,True,1.0
CFN_RealAWS_DSV4F,20260830_134500_04480b4b,syntax,1,3,True,3.0
CFN_RealAWS_DSV4F,20260830_134500_04480b4b,schema,1,4,True,4.0
CFN_RealAWS_DSV4F,20260830_134500_04480b4b,security,5,1,True,1.0
CFN_RealAWS_DSV4F,20260830_135139_10470198,syntax,1,1,True,1.0
CFN_RealAWS_DSV4F,20260830_135139_10470198,schema,1,2,True,2.0
CFN_RealAWS_DSV4F,20260830_135139_10470198,security,3,1,True,1.0
CFN_RealAWS_DSV4F,20260830_142024_8e5d7e12,schema,1,2,True,2.0
CFN_RealAWS_DSV4F,20260830_142256_203254ea,schema,1,2,True,2.0
CFN_RealAWS_DSV4F,20260830_142256_203254ea,security,3,1,True,1.0
CFN_RealAWS_DSV4F,20260830_142729_e2b6a6c4,syntax,1,3,True,3.0
CFN_RealAWS_DSV4F,20260830_142729_e2b6a6c4,schema,1,3,True,3.0
CFN_RealAWS_DSV4F,20260830_143253_1cbe522d,schema,1,3,True,3.0
CFN_RealAWS_DSV4F,20260830_143810_45e22f3d,deploy,1,1,True,1.0
CFN_RealAWS_DSV4F,20260830_151113_b0786062,schema,1,2,True,2.0
CFN_RealAWS_DSV4F,20260830_151808_39f06a9e,syntax,1,4,True,4.0
CFN_RealAWS_DSV4F,20260830_151808_39f06a9e,schema,1,2,True,2.0
CFN_RealAWS_DSV4F,20260830_152756_c81eab2f,syntax,1,1,True,1.0
CFN_RealAWS_DSV4F,20260830_152756_c81eab2f,schema,1,1,True,1.0
CFN_RealAWS_DSV4F,20260830_152756_c81eab2f,security,2,1,True,1.0
CFN_RealAWS_DSV4F,20260830_162437_2fa34310,schema,1,1,True,1.0
CFN_RealAWS_DSV4F,20260830_162437_2fa34310,security,2,1,True,1.0
CFN_RealAWS_DSV4F,20260830_162437_2fa34310,deploy,3,1,True,1.0
CFN_RealAWS_DSV4F,20260830_164602_add53328,syntax,1,1,True,1.0
CFN_RealAWS_DSV4F,20260830_164602_add53328,schema,1,1,True,1.0
CFN_RealAWS_DSV4F,20260830_165337_e3d486ab,syntax,1,1,True,1.0
CFN_RealAWS_DSV4F,20260830_165337_e3d486ab,schema,1,1,True,1.0
CFN_RealAWS_DSV4F,20260830_165337_e3d486ab,security,2,1,True,1.0
CFN_RealAWS_DSV4F,20260830_165337_e3d486ab,deploy,3,2,True,2.0
CFN_RealAWS_DSV4F,20260830_174805_dc763897,schema,1,1,True,1.0
CFN_RealAWS_DSV4F,20260830_174805_dc763897,security,2,1,True,1.0
CFN_RealAWS_DSV4F,20260830_174805_dc763897,deploy,3,1,True,1.0
CFN_RealAWS_DSV4F,20260830_180950_046cc125,syntax,1,1,True,1.0
CFN_RealAWS_DSV4F,20260830_180950_046cc125,schema,1,3,True,2.0
CFN_RealAWS_DSV4F,20260830_180950_046cc125,deploy,3,2,True,3.0
CFN_RealAWS_DSV4F,20260830_183550_46545ffd,syntax,1,1,True,1.0
CFN_RealAWS_DSV4F,20260830_183550_46545ffd,schema,1,2,True,2.0
CFN_RealAWS_DSV4F,20260830_184601_35724f74,security,1,1,True,1.0
CFN_RealAWS_DSV4F,20260830_185539_a8073f79,schema,1,1,True,1.0
CFN_RealAWS_DSV4F,20260830_185539_a8073f79,security,6,1,True,1.0
CFN_RealAWS_DSV4F,20260830_185539_a8073f79,deploy,2,4,True,5.0
CFN_RealAWS_DSV4F,20260830_193937_43c6a7db,syntax,1,1,True,1.0
CFN_RealAWS_DSV4F,20260830_193937_43c6a7db,schema,1,1,True,1.0
CFN_RealAWS_DSV4F,20260830_193937_43c6a7db,security,2,1,True,1.0
CFN_RealAWS_DSV4F,20260830_195131_458de2ef,syntax,1,1,True,1.0
CFN_RealAWS_DSV4F,20260830_195131_458de2ef,schema,1,4,True,2.0
CFN_RealAWS_DSV4F,20260830_195131_458de2ef,deploy,3,2,True,4.0
CFN_RealAWS_DSV4F,20260830_201423_270d53ae,security,2,1,True,1.0
CFN_RealAWS_DSV4F,20260830_201423_270d53ae,deploy,1,1,True,2.0
CFN_RealAWS_DSV4F,20260830_203132_cc64d456,schema,1,1,True,1.0
CFN_RealAWS_DSV4F,20260830_210206_2211d4e8,security,1,1,True,1.0
CFN_RealAWS_DSV4F,20260830_211307_fda221b2,schema,1,3,True,3.0
CFN_RealAWS_DSV4F,20260830_214927_99ae6bb7,syntax,1,1,True,1.0
CFN_RealAWS_DSV4F,20260830_214927_99ae6bb7,schema,1,2,True,2.0
CFN_RealAWS_DSV4F,20260830_214927_99ae6bb7,deploy,3,1,True,1.0
CFN_RealAWS_DSV4F,20260830_220814_e3604de7,schema,2,1,True,1.0
CFN_RealAWS_DSV4F,20260830_220814_e3604de7,security,1,1,True,1.0
CFN_RealAWS_DSV4F,20260830_221852_3877678a,schema,3,1,True,1.0
CFN_RealAWS_DSV4F,20260830_221852_3877678a,security,1,2,True,2.0
CFN_RealAWS_DSV4F,20260830_221852_3877678a,deploy,4,4,True,4.0
CFN_RealAWS_DSV4F,20260830_231806_98f2fa3f,schema,1,1,True,1.0
CFN_RealAWS_DSV4F,20260830_233033_abc78be9,schema,4,1,True,1.0
CFN_RealAWS_DSV4F,20260830_233033_abc78be9,deploy,1,12,True,13.0
CFN_RealAWS_DSV4F,20260831_023401_e93cf139,syntax,1,1,True,1.0
CFN_RealAWS_DSV4F,20260831_023401_e93cf139,schema,1,2,True,2.0
CFN_RealAWS_DSV4F,20260831_023401_e93cf139,deploy,3,7,True,7.0
CFN_RealAWS_DSV4F,20260831_050406_a9c94a5c,schema,3,1,True,1.0
CFN_RealAWS_DSV4F,20260831_050406_a9c94a5c,deploy,1,3,True,4.0
CFN_RealAWS_DSV4F,20260831_061148_b4ff11af,schema,1,1,True,1.0
CFN_RealAWS_DSV4F,20260831_061148_b4ff11af,deploy,2,3,True,3.0
CFN_RealAWS_DSV4F,20260831_133513_9b6a7438,syntax,1,2,True,2.0
CFN_RealAWS_DSV4F,20260831_133513_9b6a7438,schema,1,1,True,1.0
CFN_RealAWS_DSV4F,20260831_133513_9b6a7438,deploy,3,4,True,4.0
CFN_RealAWS_DSV4F,20260831_140318_12335236,syntax,1,1,True,1.0
CFN_RealAWS_DSV4F,20260831_140318_12335236,schema,1,2,True,2.0
CFN_RealAWS_DSV4F,20260831_140318_12335236,security,3,2,True,2.0
CFN_RealAWS_DSV4F,20260831_140318_12335236,deploy,5,8,True,8.0
CFN_RealAWS_DSV4F,20260831_144801_dc69ab73,deploy,1,15,False,
CFN_RealAWS_DSV4F,20260831_154835_491cc80d,schema,1,1,True,1.0
CFN_RealAWS_DSV4F,20260831_212121_f543f20f,schema,1,2,True,2.0
CFN_RealAWS_DSV4F,20260831_212121_f543f20f,deploy,3,1,True,1.0
CFN_RealAWS_DSV4F,20260831_212753_dd6e7ba1,syntax,1,4,True,1.0
CFN_RealAWS_DSV4F,20260831_212753_dd6e7ba1,schema,1,6,True,1.0
CFN_RealAWS_DSV4F,20260831_212753_dd6e7ba1,security,2,1,True,1.0
CFN_RealAWS_DSV4F,20260831_212753_dd6e7ba1,deploy,3,8,False,
CFN_RealAWS_DSV4F,20260901_004639_90d0fce8,schema,1,1,True,1.0
CFN_RealAWS_DSV4F,20260901_010538_6851d1e7,syntax,1,1,True,1.0
CFN_RealAWS_DSV4F,20260901_010538_6851d1e7,schema,1,2,True,2.0
CFN_RealAWS_DSV4F,20260901_010538_6851d1e7,security,3,1,True,1.0
CFN_RealAWS_DSV4F,20260901_010538_6851d1e7,deploy,4,12,False,
CFN_RealAWS_DSV4F,20260901_014921_6d042f21,syntax,1,2,True,2.0
CFN_RealAWS_DSV4F,20260901_014921_6d042f21,schema,1,4,True,3.0
CFN_RealAWS_DSV4F,20260901_014921_6d042f21,security,4,1,True,1.0
CFN_RealAWS_DSV4F,20260901_014921_6d042f21,deploy,5,8,True,9.0
CFN_RealAWS_DSV4F,20260901_022604_c9ff4867,syntax,1,1,True,1.0
CFN_RealAWS_DSV4F,20260901_022604_c9ff4867,schema,1,5,True,1.0
CFN_RealAWS_DSV4F,20260901_022604_c9ff4867,security,2,10,True,1.0
CFN_RealAWS_DSV4F,20260901_024557_5d705f08,syntax,1,3,True,2.0
CFN_RealAWS_DSV4F,20260901_024557_5d705f08,schema,1,10,True,10.0
CFN_RealAWS_DSV4F,20260901_024557_5d705f08,security,11,1,True,1.0
CFN_RealAWS_DSV4F,20260901_024557_5d705f08,deploy,12,2,True,2.0
CFN_RealAWS_DSV4F,20260917_170146_1adeaf10,schema,1,1,True,1.0
CFN_RealAWS_DSV4F,20260917_200516_60790144,security,1,1,True,1.0
CFN_RealAWS_DSV4F,20260917_202344_e099c9e9,schema,1,1,True,1.0
CFN_RealAWS_DSV4F,20260917_202344_e099c9e9,deploy,2,2,True,2.0
CFN_RealAWS_DSV4F,20260917_205823_94a514e7,deploy,1,1,True,1.0
CFN_RealAWS_DSV4F,20260917_212432_c26be45a,syntax,1,1,True,1.0
CFN_RealAWS_DSV4F,20260917_212432_c26be45a,schema,1,1,True,1.0
CFN_RealAWS_DSV4F,20260917_225718_d31311c4,syntax,2,1,True,1.0
CFN_RealAWS_DSV4F,20260917_225718_d31311c4,schema,1,2,True,2.0
CFN_RealAWS_DSV4F,20260917_225718_d31311c4,security,3,1,True,1.0
CFN_RealAWS_DSV4F,20260917_225718_d31311c4,deploy,4,1,True,1.0
CFN_RealAWS_DSV4F,20260917_235456_3a88151b,security,1,1,True,1.0
CFN_RealAWS_DSV4F,20260917_235456_3a88151b,deploy,2,1,True,1.0
CFN_RealAWS_DSV4F,20260918_001822_b70a74f8,security,1,1,True,1.0
CFN_RealAWS_DSV4F,20260918_001822_b70a74f8,deploy,2,1,True,1.0
CFN_RealAWS_DSV4F,20260918_004307_646bbbc2,syntax,1,1,True,1.0
CFN_RealAWS_DSV4F,20260918_004307_646bbbc2,schema,1,1,True,1.0
CFN_RealAWS_DSV4F,20260918_004307_646bbbc2,security,2,1,True,1.0
CFN_RealAWS_DSV4F,20260918_005908_163fb376,schema,1,1,True,1.0
CFN_RealAWS_DSV4F,20260918_005908_163fb376,deploy,2,8,True,8.0
CFN_RealAWS_DSV4F,20260918_025407_9d40d829,schema,1,1,True,1.0
CFN_RealAWS_DSV4F,20260918_025407_9d40d829,security,2,1,True,1.0
CFN_RealAWS_DSV4F,20260918_025407_9d40d829,deploy,3,1,True,1.0
CFN_RealAWS_DSV4F,20260918_032147_b010baea,schema,1,2,True,1.0
CFN_RealAWS_DSV4F,20260918_032147_b010baea,security,2,1,True,1.0
CFN_RealAWS_DSV4F,20260918_032147_b010baea,deploy,4,1,True,1.0
CFN_RealAWS_DSV4F,20260918_035411_e9c63e3b,schema,1,1,True,1.0
CFN_RealAWS_DSV4F,20260918_035411_e9c63e3b,security,2,1,True,1.0
CFN_RealAWS_DSV4F,20260918_035411_e9c63e3b,deploy,3,1,True,1.0
CFN_RealAWS_DSV4F,20260918_042117_14b28ca1,schema,1,1,True,1.0
CFN_RealAWS_DSV4F,20260918_042117_14b28ca1,deploy,2,1,True,1.0
CFN_RealAWS_DSV4F,20260918_060419_fa648976,syntax,1,1,True,1.0
CFN_RealAWS_DSV4F,20260918_060419_fa648976,schema,1,2,True,2.0
CFN_RealAWS_DSV4F,20260918_060419_fa648976,deploy,3,3,True,3.0
CFN_RealAWS_DSV4F,20260918_064528_fa011d6b,schema,1,1,True,1.0
CFN_RealAWS_DSV4F,20260918_064528_fa011d6b,deploy,2,2,True,2.0
CFN_RealAWS_DSV4F,20260918_071444_ccdb1377,security,1,1,True,1.0
CFN_RealAWS_DSV4F,20260918_112053_9c671e5e,schema,1,2,True,2.0
CFN_RealAWS_DSV4F,20260918_112053_9c671e5e,deploy,3,10,True,10.0
CFN_RealAWS_DSV4F,20260918_130759_656988b1,security,1,1,True,1.0
CFN_RealAWS_DSV4F,20260918_130759_656988b1,deploy,2,6,True,6.0
CFN_RealAWS_DSV4F,20260918_141952_72030909,schema,1,1,True,1.0
CFN_RealAWS_DSV4F,20260918_141952_72030909,security,2,1,True,1.0
CFN_RealAWS_DSV4F,20260918_141952_72030909,deploy,3,10,True,10.0
CFN_RealAWS_DSV4F,20260918_164444_174512ab,deploy,1,2,True,2.0
CFN_RealAWS_DSV4F,20260918_165653_670cfab9,schema,1,1,True,1.0
CFN_RealAWS_DSV4F,20260918_170558_486c72fa,schema,1,2,True,2.0
CFN_RealAWS_DSV4F,20260918_170558_486c72fa,deploy,3,3,True,3.0
CFN_RealAWS_DSV4F,20260918_172948_eaf838a7,schema,1,1,True,1.0
CFN_RealAWS_DSV4F,20260918_172948_eaf838a7,security,2,1,True,1.0
CFN_RealAWS_DSV4F,20260918_173640_64d98d46,schema,1,1,True,1.0
CFN_RealAWS_DSV4F,20260918_173640_64d98d46,deploy,2,2,True,2.0
CFN_RealAWS_DSV4F,20260918_175059_10c5932f,security,1,1,True,1.0
CFN_RealAWS_DSV4F,20260918_221352_a6a2b1c9,schema,1,1,True,1.0
CFN_RealAWS_DSV4F,20260918_221828_8a52504a,schema,1,1,True,1.0
CFN_RealAWS_DSV4F,20260918_222215_eb23e33d,deploy,1,9,True,9.0
CFN_RealAWS_DSV4F,20260919_002340_244cadca,schema,1,3,True,1.0
CFN_RealAWS_DSV4F,20260919_002340_244cadca,deploy,2,12,False,
CFN_RealAWS_DSV4F,20260919_022150_1d525b6f,schema,1,1,True,1.0
CFN_RealAWS_DSV4F,20260919_023439_8ceb10fb,schema,1,1,True,1.0
CFN_RealAWS_DSV4F,20260919_024742_afd95840,schema,1,1,True,1.0
CFN_RealAWS_DSV4F,20260919_024742_afd95840,deploy,2,1,True,1.0
CFN_RealAWS_DSV4F,20260919_032318_c6ea0072,schema,1,1,True,1.0
CFN_RealAWS_DSV4F,20260919_033827_8c96d0bc,deploy,1,2,True,2.0
CFN_RealAWS_DSV4F,20260919_043611_54540117,schema,1,1,True,1.0
CFN_RealAWS_DSV4F,20260919_045115_2646e4e6,deploy,1,1,True,1.0
CFN_RealAWS_DSV4F,20260919_051249_744e4884,schema,1,1,True,1.0
CFN_RealAWS_DSV4F,20260919_055306_85ed259a,schema,1,4,True,2.0
CFN_RealAWS_DSV4F,20260919_055306_85ed259a,deploy,3,11,False,
CFN_RealAWS_DSV4F,20260919_125541_15af09e1,security,1,1,True,1.0
CFN_RealAWS_DSV4F,20260919_130112_8186cede,schema,1,1,True,1.0
CFN_RealAWS_DSV4F,20260919_145521_8a090616,security,1,1,True,1.0
CFN_RealAWS_DSV4F,20260919_145521_8a090616,deploy,2,1,True,1.0
CFN_RealAWS_DSV4F,20260919_150154_0bcf4dff,schema,1,1,True,1.0
CFN_RealAWS_DSV4F,20260919_151037_85a93af4,schema,1,1,True,1.0
CFN_RealAWS_DSV4F,20260919_151037_85a93af4,deploy,2,1,True,1.0
CFN_RealAWS_DSV4F,20260919_152220_b7b45760,deploy,1,1,True,1.0
CFN_RealAWS_DSV4F,20260919_152927_b6acff6a,deploy,1,6,True,6.0
CFN_RealAWS_DSV4F,20260919_161614_0a3b0227,deploy,1,1,True,1.0
CFN_RealAWS_DSV4F,20260919_162143_0f4fcab4,schema,3,1,True,1.0
CFN_RealAWS_DSV4F,20260919_162143_0f4fcab4,deploy,1,5,True,6.0
CFN_RealAWS_DSV4F,20260919_175942_f2d4b98d,schema,1,1,True,1.0
CFN_RealAWS_DSV4F,20260919_181354_468ca45d,schema,1,1,True,1.0
CFN_RealAWS_DSV4F,20260919_181354_468ca45d,deploy,2,8,True,8.0
CFN_RealAWS_DSV4F,20260919_231744_d559f899,deploy,1,1,True,1.0
CFN_RealAWS_DSV4F,20260920_001159_74b953bd,syntax,1,1,True,1.0
CFN_RealAWS_DSV4F,20260920_001159_74b953bd,deploy,2,2,True,2.0
CFN_RealAWS_DSV4F,20260920_012541_7997c036,schema,1,1,True,1.0
CFN_RealAWS_DSV4F,20260920_012541_7997c036,deploy,2,1,True,1.0
CFN_RealAWS_DSV4F,20260920_021744_42efc06a,syntax,1,1,True,1.0
CFN_RealAWS_DSV4F,20260920_021744_42efc06a,security,2,2,True,2.0
CFN_RealAWS_DSV4F,20260920_030101_9df621e5,schema,1,1,True,1.0
CFN_RealAWS_DSV4F,20260920_030101_9df621e5,deploy,2,5,True,5.0
CFN_RealAWS_DSV4F,20260920_054724_eac7eb63,syntax,1,1,True,1.0
CFN_RealAWS_DSV4F,20260920_054724_eac7eb63,schema,1,2,True,2.0
CFN_RealAWS_DSV4F,20260920_054724_eac7eb63,deploy,3,3,True,3.0
CFN_RealAWS_DSV4F,20260920_072321_4b4e16b0,security,4,1,True,1.0
CFN_RealAWS_DSV4F,20260920_072321_4b4e16b0,deploy,1,3,True,4.0
CFN_RealAWS_DSV4F,20260920_092650_81ad5163,security,1,1,True,1.0
CFN_RealAWS_DSV4F,20260920_092650_81ad5163,deploy,2,1,True,1.0
CFN_RealAWS_DSV4F,20260920_170545_89cc9a84,schema,1,2,True,2.0
CFN_RealAWS_DSV4F,20260920_170545_89cc9a84,deploy,3,7,True,7.0
CFN_RealAWS_DSV4F,20260920_181509_d44778dd,security,2,1,True,1.0
CFN_RealAWS_DSV4F,20260920_181509_d44778dd,deploy,1,1,True,2.0
CFN_RealAWS_DSV4F,20260920_182254_c4c27fcb,schema,1,1,True,1.0
CFN_RealAWS_DSV4F,20260920_182254_c4c27fcb,deploy,2,6,True,6.0
CFN_RealAWS_DSV4F,20260920_191652_7cf4d0b3,schema,2,1,True,1.0
CFN_RealAWS_DSV4F,20260920_191652_7cf4d0b3,security,1,1,True,1.0
CFN_RealAWS_DSV4F,20260920_192551_38e2e911,schema,1,1,True,1.0
CFN_RealAWS_DSV4F,20260920_193307_32c980f7,deploy,1,1,True,1.0
CFN_RealAWS_DSV4F,20260920_195547_a184427c,deploy,1,2,True,2.0
CFN_RealAWS_DSV4F,20260920_202139_ce1de77f,schema,1,1,True,1.0
CFN_RealAWS_DSV4F,20260920_202753_1a87bff8,schema,1,1,True,1.0
CFN_RealAWS_DSV4F,20260920_203456_1cfcf8d0,schema,1,2,True,2.0
CFN_RealAWS_DSV4F,20260920_212432_f1362fee,schema,1,1,True,1.0
CFN_RealAWS_DSV4F,20260920_224049_1b1f542d,schema,1,1,True,1.0
CFN_RealAWS_DSV4F,20260920_224623_ec1db505,schema,1,1,True,1.0
CFN_RealAWS_DSV4F,20260920_225101_6b302283,security,1,1,True,1.0
CFN_RealAWS_DSV4F,20260920_225419_2251d7b2,deploy,1,3,True,3.0
CFN_RealAWS_DSV4F,20260920_231536_7e5c281e,schema,1,1,True,1.0
CFN_RealAWS_DSV4F,20260920_231536_7e5c281e,security,2,1,True,1.0
CFN_RealAWS_DSV4F,20260920_232703_f8b5c733,schema,1,1,True,1.0
CFN_RealAWS_DSV4F,20260920_233327_8bbf7f91,schema,1,1,True,1.0
CFN_RealAWS_DSV4F,20260920_233807_4d5845e9,schema,1,1,True,1.0
CFN_RealAWS_DSV4F,20260921_011941_bfadc1af,schema,1,2,True,2.0
CFN_RealAWS_DSV4F,20260921_011941_bfadc1af,deploy,3,1,True,1.0
CFN_RealAWS_DSV4F,20260921_012727_aa5696d5,deploy,1,1,True,1.0
CFN_RealAWS_DSV4F,20260921_013509_74a48831,schema,1,1,True,1.0
CFN_RealAWS_DSV4F,20260921_023043_74860d90,security,1,1,True,1.0
CFN_RealAWS_DSV4F,20260921_023614_703d9c6e,schema,1,1,True,1.0
CFN_RealAWS_DSV4F,20260921_024652_4c6655d2,schema,1,1,True,1.0
CFN_RealAWS_DSV4F,20260921_025102_a6e04049,security,1,1,True,1.0
CFN_RealAWS_DSV4F,20260921_025458_0d319c24,deploy,1,2,True,2.0
CFN_RealAWS_DSV4F,20260921_032458_590e80b0,syntax,1,1,True,1.0
CFN_RealAWS_DSV4F,20260921_032458_590e80b0,schema,1,1,True,1.0
CFN_RealAWS_DSV4F,20260921_033606_cc9ac199,syntax,14,1,True,1.0
CFN_RealAWS_DSV4F,20260921_033606_cc9ac199,schema,1,4,True,1.0
CFN_RealAWS_DSV4F,20260921_033606_cc9ac199,deploy,2,11,False,
CFN_RealAWS_DSV4F,20260921_102705_8fcb4471,schema,1,2,True,1.0
CFN_RealAWS_DSV4F,20260921_102705_8fcb4471,deploy,2,1,True,2.0
CFN_RealAWS_DSV4F,20260921_104039_2964e8bf,security,1,1,True,1.0
CFN_RealAWS_DSV4F,20260921_155012_52ed1a03,schema,3,2,True,1.0
CFN_RealAWS_DSV4F,20260921_155012_52ed1a03,security,4,4,True,1.0
CFN_RealAWS_DSV4F,20260921_155012_52ed1a03,deploy,1,9,False,
CFN_RealAWS_DSV4F,20260921_231124_16ee6ec5,deploy,1,15,False,
CFN_RealAWS_DSV4F,20260922_031019_791592ac,schema,2,1,True,1.0
CFN_RealAWS_DSV4F,20260922_031019_791592ac,security,1,1,True,1.0
CFN_RealAWS_DSV4F,20260922_031019_791592ac,deploy,3,3,True,3.0
CFN_RealAWS_DSV4F,20260922_033025_4c6fc751,schema,1,2,True,1.0
CFN_RealAWS_DSV4F,20260922_033025_4c6fc751,security,2,2,True,1.0
CFN_RealAWS_DSV4F,20260922_033025_4c6fc751,deploy,3,11,False,
CFN_RealAWS_DSV4F,20260922_052834_8336e3df,syntax,1,1,True,1.0
CFN_RealAWS_DSV4F,20260922_052834_8336e3df,schema,1,2,True,1.0
CFN_RealAWS_DSV4F,20260922_052834_8336e3df,security,2,2,True,2.0
CFN_RealAWS_DSV4F,20260922_052834_8336e3df,deploy,5,2,True,2.0
CFN_RealAWS_DSV4F,20260922_112611_ca3b452b,schema,1,1,True,1.0
CFN_RealAWS_DSV4F_DeployOnly_L345,20260908_115729_9105d4a8,deploy,1,1,True,1.0
CFN_RealAWS_DSV4F_DeployOnly_L345,20260908_120312_e88ea48f,deploy,1,1,True,1.0
CFN_RealAWS_DSV4F_DeployOnly_L345,20260908_121708_f6618231,schema,1,1,True,1.0
CFN_RealAWS_DSV4F_DeployOnly_L345,20260908_130650_88720a23,syntax,1,1,True,1.0
CFN_RealAWS_DSV4F_DeployOnly_L345,20260908_130650_88720a23,schema,1,4,True,3.0
CFN_RealAWS_DSV4F_DeployOnly_L345,20260908_130650_88720a23,deploy,4,8,True,9.0
CFN_RealAWS_DSV4F_DeployOnly_L345,20260908_165811_80c8bfac,deploy,1,1,True,1.0
CFN_RealAWS_DSV4F_DeployOnly_L345,20260908_175231_ee6f36d1,schema,1,1,True,1.0
CFN_RealAWS_DSV4F_DeployOnly_L345,20260908_180021_96cc5a6f,syntax,1,4,True,3.0
CFN_RealAWS_DSV4F_DeployOnly_L345,20260908_180021_96cc5a6f,schema,1,6,True,4.0
CFN_RealAWS_DSV4F_DeployOnly_L345,20260908_180021_96cc5a6f,deploy,5,9,False,
CFN_RealAWS_DSV4F_DeployOnly_L345,20260908_190158_77839ebc,syntax,1,3,True,2.0
CFN_RealAWS_DSV4F_DeployOnly_L345,20260908_190158_77839ebc,schema,1,3,True,2.0
CFN_RealAWS_DSV4F_DeployOnly_L345,20260908_190158_77839ebc,deploy,3,12,False,
CFN_RealAWS_DSV4F_DeployOnly_L345,20260908_221112_b555d44d,syntax,1,1,True,1.0
CFN_RealAWS_DSV4F_DeployOnly_L345,20260908_221112_b555d44d,schema,1,2,True,1.0
CFN_RealAWS_DSV4F_DeployOnly_L345,20260908_221112_b555d44d,deploy,2,4,True,5.0
CFN_RealAWS_DSV4F_DeployOnly_L345,20260908_231300_93750367,syntax,1,1,True,1.0
CFN_RealAWS_DSV4F_DeployOnly_L345,20260908_231300_93750367,schema,1,2,True,2.0
CFN_RealAWS_DSV4F_DeployOnly_L345,20260908_234913_46bf7566,syntax,1,1,True,1.0
CFN_RealAWS_DSV4F_DeployOnly_L345,20260908_234913_46bf7566,schema,1,2,True,2.0
CFN_RealAWS_DSV4F_DeployOnly_L345,20260908_235910_f3141d66,syntax,1,3,True,2.0
CFN_RealAWS_DSV4F_DeployOnly_L345,20260908_235910_f3141d66,schema,1,4,True,1.0
CFN_RealAWS_DSV4F_DeployOnly_L345,20260908_235910_f3141d66,deploy,5,10,False,
CFN_RealAWS_DSV4F_DeployOnly_L345,20260909_025643_11e0b1a1,schema,1,1,True,1.0
CFN_RealAWS_DSV4F_DeployOnly_L345,20260909_025643_11e0b1a1,deploy,2,4,True,4.0
CFN_RealAWS_DSV4F_DeployOnly_L345,20260909_040351_09a4ff0a,syntax,1,1,True,1.0
CFN_RealAWS_DSV4F_DeployOnly_L345,20260909_040351_09a4ff0a,schema,1,1,True,1.0
CFN_RealAWS_DSV4F_DeployOnly_L345,20260909_042524_9873ec9c,schema,1,4,True,3.0
CFN_RealAWS_DSV4F_DeployOnly_L345,20260909_042524_9873ec9c,deploy,4,5,True,6.0
CFN_RealAWS_DSV4F_DeployOnly_L345,20260909_053334_1256e308,schema,1,1,True,1.0
CFN_RealAWS_DSV4F_DeployOnly_L345,20260909_053334_1256e308,deploy,2,5,True,5.0
CFN_RealAWS_DSV4F_DeployOnly_L345,20260909_062004_0633eb86,schema,1,3,True,3.0
CFN_RealAWS_DSV4F_DeployOnly_L345,20260909_062004_0633eb86,deploy,4,2,True,2.0
CFN_RealAWS_DSV4F_DeployOnly_L345,20260909_065620_455cf90d,schema,6,1,True,1.0
CFN_RealAWS_DSV4F_DeployOnly_L345,20260909_065620_455cf90d,deploy,1,5,True,6.0
CFN_RealAWS_DSV4F_DeployOnly_L345,20260909_082310_2bf98ddf,deploy,1,3,True,3.0
CFN_RealAWS_DSV4F_DeployOnly_L345,20260909_112547_c16c2651,schema,1,1,True,1.0
CFN_RealAWS_DSV4F_DeployOnly_L345,20260909_112927_e33c9fa4,schema,1,2,True,1.0
CFN_RealAWS_DSV4F_DeployOnly_L345,20260909_112927_e33c9fa4,deploy,2,13,False,
CFN_RealAWS_DSV4F_DeployOnly_L345,20260909_140654_1d1c29e8,schema,1,1,True,1.0
CFN_RealAWS_DSV4F_DeployOnly_L345,20260909_140654_1d1c29e8,deploy,2,3,True,3.0
CFN_RealAWS_DSV4F_DeployOnly_L345,20260909_142319_0f8850f0,syntax,1,1,True,1.0
CFN_RealAWS_DSV4F_DeployOnly_L345,20260909_142319_0f8850f0,schema,1,2,True,2.0
CFN_RealAWS_DSV4F_DeployOnly_L345,20260909_142319_0f8850f0,deploy,3,2,True,2.0
CFN_RealAWS_DSV4F_DeployOnly_L345,20260909_142946_d109eef3,schema,1,3,True,2.0
CFN_RealAWS_DSV4F_DeployOnly_L345,20260909_142946_d109eef3,deploy,3,2,True,3.0
CFN_RealAWS_DSV4F_DeployOnly_L345,20260909_144947_399a7fd5,deploy,1,2,True,2.0
CFN_RealAWS_DSV4F_DeployOnly_L345,20260909_150026_b7ade617,syntax,1,1,True,1.0
CFN_RealAWS_DSV4F_DeployOnly_L345,20260909_150026_b7ade617,schema,1,2,True,2.0
CFN_RealAWS_DSV4F_DeployOnly_L345,20260909_150530_99d18013,schema,1,2,True,1.0
CFN_RealAWS_DSV4F_DeployOnly_L345,20260909_150530_99d18013,deploy,2,13,False,
CFN_RealAWS_DSV4F_DeployOnly_L345,20260909_183217_f55a7f20,deploy,1,3,True,3.0
CFN_RealAWS_DSV4F_DeployOnly_L345,20260909_191205_d02f4b36,syntax,1,1,True,1.0
CFN_RealAWS_DSV4F_DeployOnly_L345,20260909_191205_d02f4b36,schema,1,1,True,1.0
CFN_RealAWS_DSV4F_DeployOnly_L345,20260909_191855_c2c919ca,deploy,1,5,True,5.0
CFN_RealAWS_DSV4F_DeployOnly_L345,20260909_202059_157c6a27,syntax,1,3,True,3.0
CFN_RealAWS_DSV4F_DeployOnly_L345,20260909_202059_157c6a27,schema,1,1,True,1.0
CFN_RealAWS_DSV4F_DeployOnly_L345,20260909_202059_157c6a27,deploy,4,1,True,1.0
CFN_RealAWS_DSV4F_DeployOnly_L345,20260909_204214_d3c878ca,deploy,1,1,True,1.0
CFN_RealAWS_DSV4F_DeployOnly_L345,20260909_205703_00d4fd15,schema,5,1,True,1.0
CFN_RealAWS_DSV4F_DeployOnly_L345,20260909_205703_00d4fd15,deploy,1,4,True,5.0
CFN_RealAWS_DSV4F_DeployOnly_L345,20260909_223129_829f3e98,schema,1,1,True,1.0
CFN_RealAWS_DSV4F_DeployOnly_L345,20260909_223129_829f3e98,deploy,2,2,True,2.0
CFN_RealAWS_DSV4F_DeployOnly_L345,20260909_223843_4ce28b14,syntax,1,1,True,1.0
CFN_RealAWS_DSV4F_DeployOnly_L345,20260909_223843_4ce28b14,schema,1,1,True,1.0
CFN_RealAWS_DSV4F_DeployOnly_L345,20260909_224917_890995ce,schema,1,2,True,2.0
CFN_RealAWS_DSV4F_DeployOnly_L345,20260909_235817_2ecf1460,schema,1,2,True,1.0
CFN_RealAWS_DSV4F_DeployOnly_L345,20260909_235817_2ecf1460,deploy,2,12,True,13.0
CFN_RealAWS_DSV4F_DeployOnly_L345,20260910_194314_e6742cbd,schema,1,1,True,1.0
CFN_RealAWS_DSV4F_DeployOnly_L345,20260910_194314_e6742cbd,deploy,2,6,True,6.0
CFN_RealAWS_DSV4F_DeployOnly_L345,20260910_202417_2435f383,syntax,1,1,True,1.0
CFN_RealAWS_DSV4F_DeployOnly_L345,20260910_202417_2435f383,schema,1,2,True,2.0
CFN_RealAWS_DSV4F_DeployOnly_L345,20260910_202417_2435f383,deploy,3,4,True,4.0
CFN_RealAWS_DSV4F_DeployOnly_L345,20260910_204310_b09553a0,deploy,1,1,True,1.0
CFN_RealAWS_DSV4F_DeployOnly_L345,20260910_213113_33dafc8d,schema,1,5,True,3.0
CFN_RealAWS_DSV4F_DeployOnly_L345,20260910_213113_33dafc8d,deploy,4,5,True,7.0
CFN_RealAWS_DSV4F_DeployOnly_L345,20260910_221536_d80747fa,schema,1,1,True,1.0
CFN_RealAWS_DSV4F_DeployOnly_L345,20260910_222651_897741e0,syntax,1,1,True,1.0
CFN_RealAWS_DSV4F_DeployOnly_L345,20260910_222651_897741e0,schema,1,2,True,2.0
CFN_RealAWS_DSV4F_DeployOnly_L345,20260910_222651_897741e0,deploy,3,1,True,1.0
CFN_RealAWS_DSV4F_DeployOnly_L345,20260910_223435_387a677f,schema,1,1,True,1.0
CFN_RealAWS_DSV4F_DeployOnly_L345,20260910_223952_81df1327,deploy,1,1,True,1.0
CFN_RealAWS_DSV4F_DeployOnly_L345,20260910_224349_cd5dbd21,schema,1,1,True,1.0
CFN_RealAWS_DSV4F_DeployOnly_L345,20260910_224349_cd5dbd21,deploy,2,5,True,5.0
CFN_RealAWS_DSV4F_DeployOnly_L345,20260911_000323_9b0d4182,schema,1,1,True,1.0
CFN_RealAWS_DSV4F_DeployOnly_L345,20260911_000754_e71ca511,syntax,1,1,True,1.0
CFN_RealAWS_DSV4F_DeployOnly_L345,20260911_001525_2ea52f47,schema,1,1,True,1.0
CFN_RealAWS_DSV4F_DeployOnly_L345,20260911_002152_f6707ed8,schema,1,1,True,1.0
CFN_RealAWS_DSV4F_DeployOnly_L345,20260911_002152_f6707ed8,deploy,2,2,True,2.0
CFN_RealAWS_DSV4F_DeployOnly_L345,20260911_004323_1f56c597,deploy,1,2,True,2.0
CFN_RealAWS_DSV4F_DeployOnly_L345,20260911_010450_8c4a8f32,syntax,1,2,True,2.0
CFN_RealAWS_DSV4F_DeployOnly_L345,20260911_010450_8c4a8f32,schema,1,3,True,3.0
CFN_RealAWS_DSV4F_DeployOnly_L345,20260911_012836_57ad232f,schema,1,3,True,3.0
CFN_RealAWS_DSV4F_DeployOnly_L345,20260911_013432_e565a2fe,schema,1,1,True,1.0
CFN_RealAWS_DSV4F_DeployOnly_L345,20260911_013432_e565a2fe,deploy,2,6,True,6.0
CFN_RealAWS_DSV4F_DeployOnly_L345,20260911_021445_c92bd7bb,schema,1,1,True,1.0
CFN_RealAWS_DSV4F_DeployOnly_L345,20260911_021445_c92bd7bb,deploy,2,1,True,1.0
CFN_RealAWS_DSV4F_DeployOnly_L345,20260911_022139_bcde659e,schema,1,1,True,1.0
CFN_RealAWS_DSV4F_DeployOnly_L345,20260911_023017_76806a8f,deploy,1,1,True,1.0
CFN_RealAWS_DSV4F_DeployOnly_L345,20260911_023713_e71a54ab,schema,1,2,True,2.0
CFN_RealAWS_DSV4F_DeployOnly_L345,20260911_024231_b8fd5950,deploy,1,5,True,5.0
CFN_RealAWS_DSV4F_DeployOnly_L345,20260911_035642_2ab1b129,syntax,1,1,True,1.0
CFN_RealAWS_DSV4F_DeployOnly_L345,20260911_035642_2ab1b129,schema,1,1,True,1.0
CFN_RealAWS_DSV4F_DeployOnly_L345,20260911_035642_2ab1b129,deploy,2,8,True,8.0
CFN_RealAWS_DSV4F_DeployOnly_L345,20260911_042903_a7764a97,schema,1,1,True,1.0
CFN_RealAWS_DSV4F_DeployOnly_L345,20260911_042903_a7764a97,deploy,2,1,True,1.0
CFN_RealAWS_DSV4F_DeployOnly_L345,20260911_045328_1cbda581,syntax,1,2,True,1.0
CFN_RealAWS_DSV4F_DeployOnly_L345,20260911_045328_1cbda581,schema,1,3,True,3.0
CFN_RealAWS_DSV4F_DeployOnly_L345,20260911_045328_1cbda581,deploy,4,11,False,
CFN_RealAWS_DSV4F_DeployOnly_L345,20260911_054713_bea469b1,syntax,1,1,True,1.0
CFN_RealAWS_DSV4F_DeployOnly_L345,20260911_054713_bea469b1,schema,1,3,True,2.0
CFN_RealAWS_DSV4F_DeployOnly_L345,20260911_054713_bea469b1,deploy,3,12,False,
CFN_RealAWS_DSV4F_DeployOnly_L345,20260911_091041_08dc4492,syntax,1,1,True,1.0
CFN_RealAWS_DSV4F_DeployOnly_L345,20260911_091041_08dc4492,schema,1,2,True,2.0
CFN_RealAWS_DSV4F_DeployOnly_L345,20260911_091041_08dc4492,deploy,3,2,True,2.0
CFN_RealAWS_DSV4F_DeployOnly_L345,20260911_094738_e6c53d78,deploy,1,5,True,5.0
CFN_RealAWS_DSV4F_DeployOnly_L345,20260911_101123_595a702a,schema,1,1,True,1.0
CFN_RealAWS_DSV4F_DeployOnly_L345,20260911_133259_4dfe34bf,schema,1,2,True,1.0
CFN_RealAWS_DSV4F_DeployOnly_L345,20260911_133259_4dfe34bf,deploy,2,13,False,
CFN_RealAWS_DSV4F_DeployOnly_L345,20260912_020420_7191195b,schema,2,1,True,1.0
CFN_RealAWS_DSV4F_DeployOnly_L345,20260912_020420_7191195b,deploy,1,1,True,2.0
CFN_RealAWS_DSV4F_DeployOnly_L345,20260912_041603_76451fc1,schema,1,1,True,1.0
CFN_RealAWS_DSV4F_DeployOnly_L345,20260912_184808_c67dc6b2,schema,2,2,True,1.0
CFN_RealAWS_DSV4F_DeployOnly_L345,20260912_184808_c67dc6b2,deploy,1,5,True,7.0
CFN_RealAWS_DSV4F_DeployOnly_L345,20260912_191707_de5f315a,schema,1,2,True,1.0
CFN_RealAWS_DSV4F_DeployOnly_L345,20260912_191707_de5f315a,deploy,2,4,True,5.0
CFN_RealAWS_DSV4F_DeployOnly_L345,20260913_001142_bce6db21,schema,1,1,True,1.0
CFN_RealAWS_DSV4F_DeployOnly_L345,20260913_001142_bce6db21,deploy,2,1,True,1.0
CFN_RealAWS_DSV4F_DeployOnly_L345,20260913_002045_5938638b,schema,1,2,True,1.0
CFN_RealAWS_DSV4F_DeployOnly_L345,20260913_002045_5938638b,deploy,2,2,True,3.0
CFN_RealAWS_DSV4F_DeployOnly_L345,20260913_005544_f719b9a0,deploy,1,3,True,3.0
CFN_RealAWS_DSV4F_DeployOnly_L345,20260913_011733_e4b5fd89,schema,3,1,True,1.0
CFN_RealAWS_DSV4F_DeployOnly_L345,20260913_011733_e4b5fd89,deploy,1,5,True,6.0
CFN_RealAWS_DSV4F_DeployOnly_L345,20260913_014502_5e9e434e,syntax,1,1,True,1.0
CFN_RealAWS_DSV4F_DeployOnly_L345,20260913_014502_5e9e434e,schema,1,1,True,1.0
CFN_RealAWS_DSV4F_DeployOnly_L345,20260913_022856_7c7a5311,syntax,1,1,True,1.0
CFN_RealAWS_DSV4F_DeployOnly_L345,20260913_022856_7c7a5311,schema,1,2,True,1.0
CFN_RealAWS_DSV4F_DeployOnly_L345,20260913_022856_7c7a5311,deploy,2,10,True,11.0
CFN_RealAWS_DSV4F_DeployOnly_L345,20260913_033307_c461e3f2,schema,1,4,True,2.0
CFN_RealAWS_DSV4F_DeployOnly_L345,20260913_033307_c461e3f2,deploy,3,11,False,
CFN_RealAWS_DSV4F_DeployOnly_L345,20260913_060953_2831b4ad,schema,1,2,True,2.0
CFN_RealAWS_DSV4F_DeployOnly_L345,20260913_071040_1a78f6b7,syntax,1,3,True,3.0
CFN_RealAWS_DSV4F_DeployOnly_L345,20260913_071040_1a78f6b7,schema,1,3,True,3.0
CFN_RealAWS_DSV4F_DeployOnly_L345,20260913_071040_1a78f6b7,deploy,4,1,True,1.0
CFN_RealAWS_DSV4F_DeployOnly_L345,20260913_081858_acb4a0df,deploy,1,2,True,2.0
CFN_RealAWS_DSV4F_DeployOnly_L345,20260913_094020_e8182b33,schema,1,1,True,1.0
CFN_RealAWS_DSV4F_DeployOnly_L345,20260913_094020_e8182b33,deploy,2,2,True,2.0
CFN_RealAWS_DSV4F_DeployOnly_L345,20260913_163517_c4c9c272,schema,1,2,True,2.0
CFN_RealAWS_DSV4F_DeployOnly_L345,20260913_165243_6ca2ec88,schema,1,1,True,1.0
CFN_RealAWS_DSV4F_DeployOnly_L345,20260913_172845_c968f8aa,schema,1,1,True,1.0
CFN_RealAWS_DSV4F_DeployOnly_L345,20260913_172845_c968f8aa,deploy,2,2,True,2.0
CFN_RealAWS_DSV4F_DeployOnly_L345,20260913_175957_a985e74f,syntax,1,9,True,4.0
CFN_RealAWS_DSV4F_DeployOnly_L345,20260913_175957_a985e74f,schema,1,10,True,10.0
CFN_RealAWS_DSV4F_DeployOnly_L345,20260913_175957_a985e74f,deploy,11,5,False,
CFN_RealAWS_DSV4F_DeployOnly_L345,20260913_185405_2078cc02,schema,1,1,True,1.0
CFN_RealAWS_DSV4F_DeployOnly_L345,20260913_191712_cda7968c,schema,1,1,True,1.0
CFN_RealAWS_DSV4F_DeployOnly_L345,20260913_191712_cda7968c,deploy,2,4,True,4.0
CFN_RealAWS_DSV4F_DeployOnly_L345,20260913_200417_d0cf80ec,syntax,1,1,True,1.0
CFN_RealAWS_DSV4F_DeployOnly_L345,20260913_200417_d0cf80ec,schema,1,5,True,5.0
CFN_RealAWS_DSV4F_DeployOnly_L345,20260913_200417_d0cf80ec,deploy,6,1,True,1.0
CFN_RealAWS_DSV4F_DeployOnly_L345,20260913_210803_6307fe71,schema,1,1,True,1.0
CFN_RealAWS_DSV4F_DeployOnly_L345,20260913_210803_6307fe71,deploy,2,1,True,1.0
CFN_RealAWS_DSV4F_DeployOnly_L345,20260913_212716_231b9f9a,schema,1,1,True,1.0
CFN_RealAWS_DSV4F_DeployOnly_L345,20260913_213751_7d254dd2,schema,1,1,True,1.0
CFN_RealAWS_DSV4F_DeployOnly_L345,20260913_214845_cf97259c,deploy,1,1,True,1.0
CFN_RealAWS_DSV4F_DeployOnly_L345,20260913_220431_50bccd4c,deploy,1,1,True,1.0
CFN_RealAWS_DSV4F_DeployOnly_L345,20260913_223215_1d8e98e7,schema,1,1,True,1.0
CFN_RealAWS_DSV4F_DeployOnly_L345,20260913_234856_268c5931,deploy,1,1,True,1.0
CFN_RealAWS_DSV4F_DeployOnly_L345,20260914_014542_e383b78c,deploy,1,7,True,7.0
CFN_RealAWS_DSV4F_DeployOnly_L345,20260914_075146_7490db2e,deploy,1,1,True,1.0
CFN_RealAWS_DSV4F_DeployOnly_L345,20260914_211341_82890c2d,schema,1,1,True,1.0
CFN_RealAWS_DSV4F_DeployOnly_L345,20260914_213339_bf5dc4da,schema,1,1,True,1.0
CFN_RealAWS_DSV4F_DeployOnly_L345,20260914_225357_9a9517a4,schema,1,2,True,1.0
CFN_RealAWS_DSV4F_DeployOnly_L345,20260914_225357_9a9517a4,deploy,2,1,True,2.0
CFN_RealAWS_DSV4F_DeployOnly_L345,20260914_233741_49929b78,schema,1,1,True,1.0
CFN_RealAWS_DSV4F_DeployOnly_L345,20260914_233741_49929b78,deploy,2,4,True,4.0
CFN_RealAWS_DSV4F_DeployOnly_L345,20260915_005503_aab42b2b,deploy,1,1,True,1.0
CFN_RealAWS_DSV4F_DeployOnly_L345,20260916_102714_f34f13b5,schema,1,1,True,1.0
CFN_RealAWS_GLM53F,20260901_181816_4104263c,deploy,1,2,True,2.0
CFN_RealAWS_GLM53F,20260901_183321_9c2746e7,schema,1,2,True,1.0
CFN_RealAWS_GLM53F,20260901_183321_9c2746e7,deploy,2,1,True,2.0
CFN_RealAWS_GLM53F,20260901_200003_ab8df327,security,1,1,True,1.0
CFN_RealAWS_GLM53F,20260901_201919_86e05cf8,schema,1,1,True,1.0
CFN_RealAWS_GLM53F,20260901_221344_fe165c90,schema,1,1,True,1.0
CFN_RealAWS_GLM53F,20260901_225222_7956b21e,syntax,2,1,True,1.0
CFN_RealAWS_GLM53F,20260901_225222_7956b21e,schema,1,2,True,2.0
CFN_RealAWS_GLM53F,20260901_235159_b965cadc,deploy,1,2,True,2.0
CFN_RealAWS_GLM53F,20260902_004335_29b4135e,schema,1,1,True,1.0
CFN_RealAWS_GLM53F,20260902_010145_99c0c6ec,schema,1,1,True,1.0
CFN_RealAWS_GLM53F,20260902_021145_43dd8f65,security,3,2,True,2.0
CFN_RealAWS_GLM53F,20260902_021145_43dd8f65,deploy,1,2,True,4.0
CFN_RealAWS_GLM53F,20260902_023804_15acdeb0,schema,1,1,True,1.0
CFN_RealAWS_GLM53F,20260902_030910_31c164f4,deploy,1,1,True,1.0
CFN_RealAWS_GLM53F,20260902_032515_2092f3ff,deploy,1,1,True,1.0
CFN_RealAWS_GLM53F,20260902_034225_42130785,schema,1,2,True,2.0
CFN_RealAWS_GLM53F,20260902_034225_42130785,security,3,1,True,1.0
CFN_RealAWS_GLM53F,20260902_034225_42130785,deploy,4,12,False,
CFN_RealAWS_GLM53F,20260902_054720_f3b6d2f7,schema,1,1,True,1.0
CFN_RealAWS_GLM53F,20260902_055747_afc852c2,schema,1,1,True,1.0
CFN_RealAWS_GLM53F,20260902_062155_50c65bf2,schema,1,1,True,1.0
CFN_RealAWS_GLM53F,20260902_065933_c5857c17,syntax,2,1,True,1.0
CFN_RealAWS_GLM53F,20260902_065933_c5857c17,schema,1,3,True,3.0
CFN_RealAWS_GLM53F,20260902_065933_c5857c17,security,4,1,True,1.0
CFN_RealAWS_GLM53F,20260902_100337_d51d9b5f,schema,1,1,True,1.0
CFN_RealAWS_GLM53F,20260902_100337_d51d9b5f,deploy,2,1,True,1.0
CFN_RealAWS_GLM53F,20260902_102531_f448f615,syntax,1,1,True,1.0
CFN_RealAWS_GLM53F,20260902_102531_f448f615,schema,1,2,True,2.0
CFN_RealAWS_GLM53F,20260902_102531_f448f615,security,3,1,True,1.0
CFN_RealAWS_GLM53F,20260902_111956_1d181799,schema,1,1,True,1.0
CFN_RealAWS_GLM53F,20260902_111956_1d181799,deploy,2,1,True,1.0
CFN_RealAWS_GLM53F,20260902_155035_085fa15f,syntax,1,1,True,1.0
CFN_RealAWS_GLM53F,20260902_155035_085fa15f,schema,1,1,True,1.0
CFN_RealAWS_GLM53F,20260902_155035_085fa15f,deploy,2,3,True,3.0
CFN_RealAWS_GLM53F,20260902_205901_7f6bd319,syntax,1,1,True,1.0
CFN_RealAWS_GLM53F,20260902_205901_7f6bd319,deploy,2,1,True,1.0
CFN_RealAWS_GLM53F,20260902_213230_d382f0b3,syntax,1,1,True,1.0
CFN_RealAWS_GLM53F,20260902_213230_d382f0b3,schema,1,1,True,1.0
CFN_RealAWS_GLM53F,20260902_213230_d382f0b3,security,2,1,True,1.0
CFN_RealAWS_GLM53F,20260902_214650_54286b7d,deploy,1,1,True,1.0
CFN_RealAWS_GLM53F,20260902_230459_1161ed6f,syntax,1,1,True,1.0
CFN_RealAWS_GLM53F,20260902_230459_1161ed6f,schema,1,1,True,1.0
CFN_RealAWS_GLM53F,20260902_230459_1161ed6f,security,2,1,True,1.0
CFN_RealAWS_GLM53F,20260902_232800_d53c4567,syntax,1,2,True,2.0
CFN_RealAWS_GLM53F,20260902_232800_d53c4567,schema,1,3,True,3.0
CFN_RealAWS_GLM53F,20260902_232800_d53c4567,security,4,1,True,1.0
CFN_RealAWS_GLM53F,20260902_235826_b595d833,syntax,2,1,True,1.0
CFN_RealAWS_GLM53F,20260902_235826_b595d833,schema,1,2,True,2.0
CFN_RealAWS_GLM53F,20260902_235826_b595d833,deploy,3,1,True,1.0
CFN_RealAWS_GLM53F,20260903_060235_7652952d,schema,1,1,True,1.0
CFN_RealAWS_GLM53F,20260903_070948_60aeafb3,syntax,1,1,True,1.0
CFN_RealAWS_GLM53F,20260903_070948_60aeafb3,schema,1,2,True,2.0
CFN_RealAWS_GLM53F,20260903_070948_60aeafb3,security,3,1,True,1.0
CFN_RealAWS_GLM53F,20260903_070948_60aeafb3,deploy,4,1,True,1.0
CFN_RealAWS_GLM53F,20260903_102752_6e119ce5,syntax,2,1,True,1.0
CFN_RealAWS_GLM53F,20260903_102752_6e119ce5,schema,1,1,True,1.0
CFN_RealAWS_GLM53F,20260903_102752_6e119ce5,security,3,1,True,1.0
CFN_RealAWS_GLM53F,20260903_102752_6e119ce5,deploy,4,1,True,1.0
CFN_RealAWS_GLM53F,20260903_133153_75a2e9cd,schema,1,1,True,1.0
CFN_RealAWS_GLM53F,20260903_133153_75a2e9cd,security,2,1,True,1.0
CFN_RealAWS_GLM53F,20260903_140044_b0c52ab8,syntax,1,1,True,1.0
CFN_RealAWS_GLM53F,20260903_140044_b0c52ab8,schema,1,1,True,1.0
CFN_RealAWS_GLM53F,20260903_140044_b0c52ab8,deploy,2,1,True,1.0
CFN_RealAWS_GLM53F,20260903_195923_fc9853cd,schema,1,1,True,1.0
CFN_RealAWS_GLM53F,20260903_212314_2d54358d,deploy,1,1,True,1.0
CFN_RealAWS_GLM53F,20260904_131104_fc8e14df,syntax,1,1,True,1.0
CFN_RealAWS_GLM53F,20260904_131104_fc8e14df,schema,1,1,True,1.0
CFN_RealAWS_GLM53F,20260904_153908_95f8ef7f,syntax,1,1,True,1.0
CFN_RealAWS_GLM53F,20260904_153908_95f8ef7f,schema,1,2,True,1.0
CFN_RealAWS_GLM53F,20260904_153908_95f8ef7f,security,2,1,True,1.0
CFN_RealAWS_GLM53F,20260904_163001_8fd8b6a7,schema,1,2,True,2.0
CFN_RealAWS_GLM53F,20260904_163001_8fd8b6a7,deploy,3,2,True,2.0
CFN_RealAWS_GLM53F,20260904_204600_11f6ee8a,syntax,2,1,True,1.0
CFN_RealAWS_GLM53F,20260904_204600_11f6ee8a,schema,1,2,True,2.0
CFN_RealAWS_GLM53F,20260904_204600_11f6ee8a,deploy,3,1,True,1.0
CFN_RealAWS_GLM53F,20260904_222834_3c785253,schema,1,3,True,1.0
CFN_RealAWS_GLM53F,20260904_222834_3c785253,deploy,2,12,False,
CFN_RealAWS_GLM53F,20260904_225145_4268e9f6,schema,1,1,True,1.0
CFN_RealAWS_GLM53F,20260904_225527_9c93ede9,schema,1,2,True,1.0
CFN_RealAWS_GLM53F,20260904_225527_9c93ede9,security,2,1,True,1.0
CFN_RealAWS_GLM53F,20260904_225527_9c93ede9,deploy,3,7,True,8.0
CFN_RealAWS_GLM53F,20260905_002729_11d601a4,deploy,1,15,False,
CFN_RealAWS_GLM53F,20260905_011106_8b55dfb0,schema,4,1,True,1.0
CFN_RealAWS_GLM53F,20260905_011106_8b55dfb0,deploy,1,4,True,5.0
CFN_RealAWS_GLM53F,20260905_012609_33a56623,schema,1,1,True,1.0
CFN_RealAWS_GLM53F,20260905_012609_33a56623,deploy,2,3,True,3.0
CFN_RealAWS_GLM53F,20260905_014027_9d127b4f,deploy,1,10,True,10.0
CFN_RealAWS_GLM53F,20260905_022834_638986a2,schema,1,1,True,1.0
CFN_RealAWS_GLM53F,20260905_023251_ed8a934e,syntax,1,1,True,1.0
CFN_RealAWS_GLM53F,20260905_023251_ed8a934e,schema,1,3,True,3.0
CFN_RealAWS_GLM53F,20260905_023647_76e1d496,schema,1,2,True,2.0
CFN_RealAWS_GLM53F,20260905_023647_76e1d496,deploy,3,2,True,2.0
CFN_RealAWS_GLM53F,20260905_025628_17098f43,deploy,1,3,True,3.0
CFN_RealAWS_GLM53F,20260905_030615_5b4f36a2,schema,1,2,True,2.0
CFN_RealAWS_GLM53F,20260905_030615_5b4f36a2,security,3,1,True,1.0
CFN_RealAWS_GLM53F,20260905_030615_5b4f36a2,deploy,4,8,True,8.0
CFN_RealAWS_GLM53F,20260905_042632_5fafae0d,syntax,1,2,True,1.0
CFN_RealAWS_GLM53F,20260905_042632_5fafae0d,schema,1,4,True,2.0
CFN_RealAWS_GLM53F,20260905_042632_5fafae0d,security,3,1,True,1.0
CFN_RealAWS_GLM53F,20260905_042632_5fafae0d,deploy,4,10,False,
CFN_RealAWS_GLM53F,20260905_044434_770d56c6,schema,1,1,True,1.0
CFN_RealAWS_GLM53F,20260905_092004_2ba1b033,security,1,1,True,1.0
CFN_RealAWS_GLM53F,20260905_092004_2ba1b033,deploy,2,13,True,13.0
CFN_RealAWS_GLM53F,20260905_100038_28cb0d34,syntax,1,1,True,1.0
CFN_RealAWS_GLM53F,20260905_100038_28cb0d34,schema,1,2,True,2.0
CFN_RealAWS_GLM53F,20260905_100038_28cb0d34,deploy,3,2,True,2.0
CFN_RealAWS_GLM53F,20260905_112040_9d13cee2,syntax,1,1,True,1.0
CFN_RealAWS_GLM53F,20260905_112040_9d13cee2,schema,1,5,True,4.0
CFN_RealAWS_GLM53F,20260905_112040_9d13cee2,security,5,1,True,1.0
CFN_RealAWS_GLM53F,20260905_112040_9d13cee2,deploy,7,9,False,
CFN_RealAWS_GLM53F,20260905_115446_884a95d4,schema,1,1,True,1.0
CFN_RealAWS_GLM53F,20260905_115446_884a95d4,security,2,1,True,1.0
CFN_RealAWS_GLM53F,20260905_115446_884a95d4,deploy,3,2,True,2.0
CFN_RealAWS_GLM53F,20260905_120225_44278c86,security,1,1,True,1.0
CFN_RealAWS_GLM53F,20260905_120523_8fb6845e,syntax,10,1,True,1.0
CFN_RealAWS_GLM53F,20260905_120523_8fb6845e,schema,1,4,True,1.0
CFN_RealAWS_GLM53F,20260905_120523_8fb6845e,security,2,1,True,1.0
CFN_RealAWS_GLM53F,20260905_120523_8fb6845e,deploy,3,5,True,8.0
CFN_RealAWS_GLM53F,20260905_133208_da772ad6,schema,1,8,True,7.0
CFN_RealAWS_GLM53F,20260905_133208_da772ad6,deploy,8,4,True,5.0
CFN_RealAWS_GLM53F,20260905_134559_026fb7ed,schema,1,1,True,1.0
CFN_RealAWS_GLM53F,20260905_134923_16af1168,schema,1,1,True,1.0
CFN_RealAWS_GLM53F,20260905_135159_0c342a91,security,1,1,True,1.0
CFN_RealAWS_GLM53F,20260905_135524_d8f2711f,schema,1,1,True,1.0
CFN_RealAWS_GLM53F,20260905_135524_d8f2711f,deploy,2,2,True,2.0
CFN_RealAWS_GLM53F,20260905_140518_1de6335e,schema,1,2,True,1.0
CFN_RealAWS_GLM53F,20260905_140518_1de6335e,deploy,2,13,False,
CFN_RealAWS_GLM53F,20260905_142423_b0d72db0,schema,1,6,True,1.0
CFN_RealAWS_GLM53F,20260905_142423_b0d72db0,security,2,1,True,1.0
CFN_RealAWS_GLM53F,20260905_142423_b0d72db0,deploy,4,8,False,
CFN_RealAWS_GLM53F,20260905_153254_401a1285,schema,1,1,True,1.0
CFN_RealAWS_GLM53F,20260905_165612_cbf74c2e,schema,2,1,True,1.0
CFN_RealAWS_GLM53F,20260905_165612_cbf74c2e,security,1,1,True,1.0
CFN_RealAWS_GLM53F,20260905_170748_c2f0a056,syntax,1,1,True,1.0
CFN_RealAWS_GLM53F,20260905_170748_c2f0a056,schema,1,2,True,2.0
CFN_RealAWS_GLM53F,20260905_170748_c2f0a056,security,3,1,True,1.0
CFN_RealAWS_GLM53F,20260905_170748_c2f0a056,deploy,4,5,True,5.0
CFN_RealAWS_GLM53F,20260905_180450_8603c04e,syntax,1,1,True,1.0
CFN_RealAWS_GLM53F,20260905_180450_8603c04e,schema,1,2,True,2.0
CFN_RealAWS_GLM53F,20260905_180450_8603c04e,deploy,3,1,True,1.0
CFN_RealAWS_GLM53F,20260905_182043_29395dcd,schema,1,1,True,1.0
CFN_RealAWS_GLM53F,20260905_182702_5c51bf46,schema,1,1,True,1.0
CFN_RealAWS_GLM53F,20260905_233410_78576e02,schema,1,2,True,2.0
CFN_RealAWS_GLM53F,20260905_233410_78576e02,deploy,3,9,True,9.0
CFN_RealAWS_GLM53F,20260906_005756_5ae323ab,deploy,1,1,True,1.0
CFN_RealAWS_GLM53F,20260906_012242_7d2767ca,syntax,15,1,False,
CFN_RealAWS_GLM53F,20260906_012242_7d2767ca,schema,1,3,True,1.0
CFN_RealAWS_GLM53F,20260906_012242_7d2767ca,security,11,1,True,1.0
CFN_RealAWS_GLM53F,20260906_012242_7d2767ca,deploy,2,11,False,
CFN_RealAWS_GLM53F,20260906_034758_f60b23cb,schema,1,5,True,1.0
CFN_RealAWS_GLM53F,20260906_034758_f60b23cb,security,4,1,True,1.0
CFN_RealAWS_GLM53F,20260906_034758_f60b23cb,deploy,2,7,True,12.0
CFN_RealAWS_GLM53F,20260906_055310_6996b75c,schema,1,1,True,1.0
CFN_RealAWS_GLM53F,20260906_134838_02ef86c3,schema,1,3,True,2.0
CFN_RealAWS_GLM53F,20260906_134838_02ef86c3,deploy,3,2,True,3.0
CFN_RealAWS_GLM53F,20260906_140513_4f3e62e5,syntax,1,2,True,2.0
CFN_RealAWS_GLM53F,20260906_140513_4f3e62e5,schema,1,2,True,1.0
CFN_RealAWS_GLM53F,20260906_140513_4f3e62e5,deploy,3,2,True,3.0
CFN_RealAWS_GLM53F,20260906_165001_d31199de,schema,1,2,True,1.0
CFN_RealAWS_GLM53F,20260906_165001_d31199de,deploy,2,2,True,3.0
CFN_RealAWS_GLM53F,20260906_165709_214b39ce,schema,1,2,True,2.0
CFN_RealAWS_GLM53F,20260906_165709_214b39ce,security,3,1,True,1.0
CFN_RealAWS_GLM53F,20260906_165709_214b39ce,deploy,4,2,True,2.0
CFN_RealAWS_GLM53F,20260906_174922_449e4c3a,syntax,1,1,True,1.0
CFN_RealAWS_GLM53F,20260906_174922_449e4c3a,schema,1,2,True,2.0
CFN_RealAWS_GLM53F,20260906_174922_449e4c3a,deploy,3,1,True,1.0
CFN_RealAWS_GLM53F,20260906_175705_a8b9b83b,syntax,3,1,True,1.0
CFN_RealAWS_GLM53F,20260906_175705_a8b9b83b,schema,1,2,True,1.0
CFN_RealAWS_GLM53F,20260906_175705_a8b9b83b,deploy,2,1,True,2.0
CFN_RealAWS_GLM53F,20260906_180253_4fc79e4b,schema,1,3,True,2.0
CFN_RealAWS_GLM53F,20260906_180253_4fc79e4b,deploy,3,8,True,9.0
CFN_RealAWS_GLM53F,20260906_183739_d0cc4475,security,12,1,True,1.0
CFN_RealAWS_GLM53F,20260906_183739_d0cc4475,deploy,1,14,False,
CFN_RealAWS_GLM53F,20260906_185000_95722df7,syntax,11,3,True,2.0
CFN_RealAWS_GLM53F,20260906_185000_95722df7,schema,1,11,True,2.0
CFN_RealAWS_GLM53F,20260906_185000_95722df7,security,7,2,True,1.0
CFN_RealAWS_GLM53F,20260906_185000_95722df7,deploy,3,2,False,
CFN_RealAWS_GLM53F,20260906_191359_cb9e19e5,schema,1,1,True,1.0
CFN_RealAWS_GLM53F,20260906_191359_cb9e19e5,security,2,1,True,1.0
CFN_RealAWS_GLM53F,20260906_191826_b3fcc4f3,schema,4,1,True,1.0
CFN_RealAWS_GLM53F,20260906_191826_b3fcc4f3,deploy,1,14,False,
CFN_RealAWS_GLM53F,20260906_194510_db1745be,schema,1,2,True,2.0
CFN_RealAWS_GLM53F,20260906_194510_db1745be,security,3,1,True,1.0
CFN_RealAWS_GLM53F,20260906_195516_f7a39329,schema,1,1,True,1.0
CFN_RealAWS_GLM53F,20260906_195516_f7a39329,deploy,2,14,False,
CFN_RealAWS_GLM53F,20260906_212531_d044e13f,deploy,1,2,True,2.0
CFN_RealAWS_GLM53F,20260906_221241_f2f1263a,syntax,1,1,True,1.0
CFN_RealAWS_GLM53F,20260906_221241_f2f1263a,schema,1,2,True,2.0
CFN_RealAWS_GLM53F,20260907_020506_76da9723,schema,8,1,True,1.0
CFN_RealAWS_GLM53F,20260907_020506_76da9723,deploy,1,9,True,10.0
CFN_RealAWS_GLM53F,20260907_042038_fa52582d,deploy,1,1,True,1.0
CFN_RealAWS_GLM53F,20260907_050416_b1003e5e,syntax,1,1,True,1.0
CFN_RealAWS_GLM53F,20260907_050416_b1003e5e,schema,1,3,True,3.0
CFN_RealAWS_GLM53F,20260907_050416_b1003e5e,security,4,1,True,1.0
CFN_RealAWS_GLM53F,20260907_050416_b1003e5e,deploy,5,2,True,2.0
CFN_RealAWS_GLM53F,20260907_055013_e0276132,deploy,1,1,True,1.0
CFN_RealAWS_GLM53F,20260907_061823_025a972e,syntax,1,1,True,1.0
CFN_RealAWS_GLM53F,20260907_061823_025a972e,schema,1,1,True,1.0
CFN_RealAWS_GLM53F,20260907_061823_025a972e,security,2,1,True,1.0
CFN_RealAWS_GLM53F,20260907_063412_19572ff5,syntax,1,1,True,1.0
CFN_RealAWS_GLM53F,20260907_063412_19572ff5,schema,1,2,True,2.0
CFN_RealAWS_GLM53F,20260907_065134_0f4654a5,syntax,1,1,True,1.0
CFN_RealAWS_GLM53F,20260907_065134_0f4654a5,schema,1,1,True,1.0
CFN_RealAWS_GLM53F,20260907_065134_0f4654a5,security,2,1,True,1.0
CFN_RealAWS_GLM53F,20260907_071007_a799ba1e,syntax,12,1,True,1.0
CFN_RealAWS_GLM53F,20260907_071007_a799ba1e,schema,1,11,True,8.0
CFN_RealAWS_GLM53F,20260907_071007_a799ba1e,deploy,9,3,True,6.0
CFN_RealAWS_GLM53F,20260907_080010_3772c61b,security,4,1,True,1.0
CFN_RealAWS_GLM53F,20260907_080010_3772c61b,deploy,1,3,True,4.0
CFN_RealAWS_GLM53F,20260907_085031_5ea998c3,schema,1,1,True,1.0
CFN_RealAWS_GLM53F,20260907_091931_7d5d635a,schema,1,1,True,1.0
CFN_RealAWS_GLM53F,20260907_124424_896f9329,schema,1,1,True,1.0
CFN_RealAWS_GLM53F,20260907_124424_896f9329,deploy,2,1,True,1.0
CFN_RealAWS_GLM53F,20260907_125210_03ded643,schema,3,1,True,1.0
CFN_RealAWS_GLM53F,20260907_125210_03ded643,security,1,2,True,2.0
CFN_RealAWS_GLM53F,20260907_125210_03ded643,deploy,4,1,True,1.0
CFN_RealAWS_GLM53F,20260907_130340_1306ad4d,schema,1,1,True,1.0
CFN_RealAWS_GLM53F,20260907_130340_1306ad4d,deploy,2,3,True,3.0
CFN_RealAWS_GLM53F,20260907_141019_1abdf54d,schema,1,1,True,1.0
CFN_RealAWS_GLM53F,20260907_142045_5f9175ed,deploy,1,1,True,1.0
CFN_RealAWS_GLM53F,20260907_143549_3e765a8c,schema,1,4,True,3.0
CFN_RealAWS_GLM53F,20260907_143549_3e765a8c,deploy,4,4,True,5.0
CFN_RealAWS_GLM53F,20260907_155513_550430d0,schema,1,1,True,1.0
CFN_RealAWS_GLM53F,20260907_160943_0c0effec,schema,1,2,True,2.0
CFN_RealAWS_GLM53F,20260907_160943_0c0effec,deploy,3,1,True,1.0
CFN_RealAWS_GLM53F,20260922_235901_b2a57b91,deploy,1,15,False,
CFN_RealAWS_GLM53F,20260923_010417_00c0109d,schema,1,15,False,
CFN_RealAWS_GLM53F,20260923_011352_77195c3a,syntax,1,1,True,1.0
CFN_RealAWS_GLM53F,20260923_011352_77195c3a,schema,1,2,True,2.0
CFN_RealAWS_GLM53F,20260923_011352_77195c3a,security,15,1,False,
CFN_RealAWS_GLM53F,20260923_011352_77195c3a,deploy,3,12,False,
CFN_RealAWS_GLM53F,20260923_014317_7acc7702,deploy,1,1,True,1.0
CFN_RealAWS_GLM53F,20260923_014952_ff725f2b,schema,1,1,True,1.0
CFN_RealAWS_GLM53F,20260923_014952_ff725f2b,deploy,2,1,True,1.0
CFN_RealAWS_GLM53F,20260923_020039_62ff847b,syntax,1,1,True,1.0
CFN_RealAWS_GLM53F,20260923_020039_62ff847b,schema,1,3,True,2.0
CFN_RealAWS_GLM53F,20260923_020039_62ff847b,deploy,3,12,False,
CFN_RealAWS_GLM53F,20260923_044326_c06b2ac1,schema,1,2,True,2.0
CFN_RealAWS_GLM53F,20260923_045645_f79bf5ba,schema,1,1,True,1.0
CFN_RealAWS_GLM53F,20260923_052306_63b3d833,schema,1,1,True,1.0
CFN_RealAWS_GLM53F,20260923_053749_ade9d652,deploy,1,2,True,2.0
CFN_RealAWS_GLM53F,20260923_061042_79bfbac4,deploy,1,10,True,10.0
CFN_RealAWS_GLM53F,20260923_075724_11c47fa0,schema,1,1,True,1.0
CFN_RealAWS_GLM53F,20260923_075724_11c47fa0,deploy,2,2,True,2.0
CFN_RealAWS_GLM53F,20260923_084917_06068a60,schema,1,3,True,1.0
CFN_RealAWS_GLM53F,20260923_084917_06068a60,security,2,8,True,1.0
CFN_RealAWS_GLM53F,20260923_084917_06068a60,deploy,3,4,False,
CFN_RealAWS_GLM53F,20260923_094120_842c4268,schema,1,1,True,1.0
CFN_RealAWS_GLM53F,20260923_095434_d4a1ab16,schema,1,1,True,1.0
CFN_RealAWS_GLM53F,20260923_113559_9176152f,schema,1,1,True,1.0
CFN_RealAWS_GLM53F,20260923_113559_9176152f,deploy,2,14,False,
CFN_RealAWS_GLM53F,20260923_130206_963f634a,deploy,1,1,True,1.0
CFN_RealAWS_GLM53F,20260923_131155_d7b8d72e,schema,1,15,False,
CFN_RealAWS_GLM53F,20260923_131759_928f648a,schema,1,1,True,1.0
CFN_RealAWS_GLM53F,20260923_132709_d606b49d,schema,1,1,True,1.0
CFN_RealAWS_GLM53F,20260923_133131_86b1fd42,schema,7,3,True,1.0
CFN_RealAWS_GLM53F,20260923_133131_86b1fd42,deploy,1,12,False,
CFN_RealAWS_GLM53F,20260923_143851_fb625194,schema,2,1,True,1.0
CFN_RealAWS_GLM53F,20260923_143851_fb625194,security,1,3,True,1.0
CFN_RealAWS_GLM53F,20260923_150423_1e762a18,deploy,1,1,True,1.0
CFN_RealAWS_GLM53F,20260923_152316_18a2edfb,schema,1,1,True,1.0
CFN_RealAWS_GLM53F,20260923_152316_18a2edfb,deploy,2,2,True,2.0
CFN_RealAWS_GLM53F,20260923_153218_12603a89,deploy,1,1,True,1.0
CFN_RealAWS_GLM53F,20260923_154556_f4ec6465,deploy,1,1,True,1.0
CFN_RealAWS_GLM53F,20260923_155805_7571ed4c,schema,1,1,True,1.0
CFN_RealAWS_GLM53F,20260923_160752_882ba3c5,schema,1,1,True,1.0
CFN_RealAWS_GLM53F,20260923_161141_591bafec,schema,1,1,True,1.0
CFN_RealAWS_GLM53F,20260923_161141_591bafec,deploy,2,3,True,3.0
CFN_RealAWS_GLM53F,20260923_163320_a8110c34,schema,1,1,True,1.0
CFN_RealAWS_GLM53F,20260923_163726_e2e07bf4,deploy,1,1,True,1.0
CFN_RealAWS_GLM53F,20260923_164717_261fc637,schema,1,2,True,1.0
CFN_RealAWS_GLM53F,20260923_164717_261fc637,security,2,2,True,2.0
CFN_RealAWS_GLM53F,20260923_164717_261fc637,deploy,5,7,True,7.0
CFN_RealAWS_GLM53F,20260923_195812_4df89fa3,schema,1,1,True,1.0
CFN_RealAWS_GLM53F,20260923_195812_4df89fa3,deploy,2,2,True,2.0
CFN_RealAWS_GLM53F,20260923_201233_74f8fe1a,schema,1,3,True,3.0
CFN_RealAWS_GLM53F,20260923_202014_156c868c,schema,2,1,True,1.0
CFN_RealAWS_GLM53F,20260923_202014_156c868c,deploy,1,1,True,2.0
CFN_RealAWS_GLM53F,20260923_202815_50c68d45,schema,1,1,True,1.0
CFN_RealAWS_GLM53F,20260923_203309_403cfb63,schema,2,1,True,1.0
CFN_RealAWS_GLM53F,20260923_203309_403cfb63,security,1,1,True,1.0
CFN_RealAWS_GLM53F,20260923_203309_403cfb63,deploy,3,1,True,1.0
CFN_RealAWS_GLM53F,20260923_204700_6cf4a238,schema,1,1,True,1.0
CFN_RealAWS_GLM53F,20260923_205054_e54c62f1,schema,1,1,True,1.0
CFN_RealAWS_GLM53F,20260923_205054_e54c62f1,deploy,2,2,True,2.0
CFN_RealAWS_GLM53F,20260923_210431_1b37d682,schema,1,1,True,1.0
CFN_RealAWS_GLM53F,20260923_210431_1b37d682,deploy,2,1,True,1.0
CFN_RealAWS_GLM53F,20260923_211622_222adb08,syntax,2,1,True,1.0
CFN_RealAWS_GLM53F,20260923_211622_222adb08,schema,1,4,True,3.0
CFN_RealAWS_GLM53F,20260923_211622_222adb08,security,4,1,True,1.0
CFN_RealAWS_GLM53F,20260923_211622_222adb08,deploy,5,2,True,3.0
CFN_RealAWS_GLM53F,20260923_215955_8153d75c,security,1,1,True,1.0
CFN_RealAWS_GLM53F,20260923_215955_8153d75c,deploy,2,1,True,1.0
CFN_RealAWS_GLM53F,20260923_222243_0c0f139e,deploy,1,1,True,1.0
CFN_RealAWS_GLM53F,20260923_223114_6a9e812d,schema,1,1,True,1.0
CFN_RealAWS_GLM53F,20260923_223642_2fcb06ec,schema,1,5,True,5.0
CFN_RealAWS_GLM53F,20260923_224532_9a915c84,schema,1,1,True,1.0
CFN_RealAWS_GLM53F,20260923_225026_a12fc722,schema,1,1,True,1.0
CFN_RealAWS_GLM53F,20260923_225026_a12fc722,deploy,2,1,True,1.0
CFN_RealAWS_GLM53F,20260923_230039_9783c962,schema,1,1,True,1.0
CFN_RealAWS_GLM53F,20260923_230039_9783c962,security,3,1,True,1.0
CFN_RealAWS_GLM53F,20260923_230039_9783c962,deploy,2,1,True,2.0
CFN_RealAWS_GLM53F,20260923_232040_12c269ee,schema,1,2,True,1.0
CFN_RealAWS_GLM53F,20260923_232040_12c269ee,security,2,1,True,1.0
CFN_RealAWS_GLM53F,20260923_232914_182eef36,schema,1,1,True,1.0
CFN_RealAWS_GLM53F,20260923_232914_182eef36,deploy,2,3,True,3.0
CFN_RealAWS_GLM53F,20260923_234437_564959d4,schema,1,1,True,1.0
CFN_RealAWS_GLM53F,20260923_235706_362460d1,syntax,1,1,True,1.0
CFN_RealAWS_GLM53F,20260923_235706_362460d1,schema,1,3,True,2.0
CFN_RealAWS_GLM53F,20260923_235706_362460d1,security,3,1,True,1.0
CFN_RealAWS_GLM53F,20260923_235706_362460d1,deploy,5,2,True,2.0
CFN_RealAWS_GLM53F,20260924_002548_febb3482,syntax,1,1,True,1.0
CFN_RealAWS_GLM53F,20260924_002548_febb3482,schema,1,2,True,2.0
CFN_RealAWS_GLM53F,20260924_002548_febb3482,security,3,1,True,1.0
CFN_RealAWS_GLM53F,20260924_010153_e01ebcd2,schema,2,1,True,1.0
CFN_RealAWS_GLM53F,20260924_010153_e01ebcd2,security,1,1,True,1.0
CFN_RealAWS_GLM53F,20260924_013732_08bbe0b1,syntax,1,1,True,1.0
CFN_RealAWS_GLM53F,20260924_013732_08bbe0b1,schema,1,4,True,4.0
CFN_RealAWS_GLM53F,20260924_013732_08bbe0b1,security,5,1,True,1.0
CFN_RealAWS_GLM53F,20260924_013732_08bbe0b1,deploy,6,1,True,1.0
CFN_RealAWS_GLM53F,20260924_020337_a032c255,syntax,15,1,False,
CFN_RealAWS_GLM53F,20260924_020337_a032c255,schema,1,2,True,1.0
CFN_RealAWS_GLM53F,20260924_020337_a032c255,deploy,2,13,False,
CFN_RealAWS_GLM53F,20260924_042812_af730dc3,security,1,1,True,1.0
CFN_RealAWS_GLM53F,20260924_044852_f6548d47,schema,1,1,True,1.0
CFN_RealAWS_GLM53F,20260924_044852_f6548d47,security,2,1,True,1.0
CFN_RealAWS_GLM53F,20260924_044852_f6548d47,deploy,3,3,True,3.0
CFN_RealAWS_GLM53F,20260924_054302_9f614c9e,schema,7,1,True,1.0
CFN_RealAWS_GLM53F,20260924_054302_9f614c9e,security,1,1,True,1.0
CFN_RealAWS_GLM53F,20260924_054302_9f614c9e,deploy,2,5,True,6.0
CFN_RealAWS_GLM53F,20260924_065304_04541b45,syntax,1,1,True,1.0
CFN_RealAWS_GLM53F,20260924_065304_04541b45,schema,1,1,True,1.0
CFN_RealAWS_GLM53F,20260924_070937_fbe0752f,schema,3,1,True,1.0
CFN_RealAWS_GLM53F,20260924_070937_fbe0752f,deploy,1,5,True,6.0
CFN_RealAWS_GLM53F,20260924_081750_25d9a321,schema,1,1,True,1.0
CFN_RealAWS_GLM53F,20260924_084904_131cee18,schema,1,1,True,1.0
CFN_RealAWS_GLM53F,20260924_090316_8e8bf71c,security,1,1,True,1.0
CFN_RealAWS_GLM53F,20260924_091726_c482c8fa,schema,4,2,True,2.0
CFN_RealAWS_GLM53F,20260924_091726_c482c8fa,deploy,1,3,True,5.0
CFN_RealAWS_GLM53F,20260924_101750_808a90c1,schema,1,1,True,1.0
CFN_RealAWS_GLM53F,20260924_103143_356d5e50,security,1,1,True,1.0
CFN_RealAWS_GLM53F,20260924_104817_2a0a683b,schema,1,1,True,1.0
CFN_RealAWS_GLM53F,20260924_105506_de644194,syntax,1,1,True,1.0
CFN_RealAWS_GLM53F,20260924_105506_de644194,schema,1,2,True,2.0
CFN_RealAWS_GLM53F,20260924_110016_17432f30,schema,1,2,True,2.0
CFN_RealAWS_GLM53F,20260924_110405_032f22d1,schema,1,1,True,1.0
CFN_RealAWS_GLM53F,20260924_111449_da4582d8,syntax,1,1,True,1.0
CFN_RealAWS_GLM53F,20260924_111449_da4582d8,schema,1,1,True,1.0
CFN_RealAWS_GLM53F,20260924_111449_da4582d8,security,2,1,True,1.0
CFN_RealAWS_GLM53F,20260924_112330_6001324e,schema,1,1,True,1.0
CFN_RealAWS_GLM53F,20260924_113146_4317447e,deploy,1,2,True,2.0
CFN_RealAWS_GLM53F,20260924_113939_cf6c99c1,schema,1,1,True,1.0
CFN_RealAWS_GLM53F,20260924_115204_a72caf3b,schema,1,1,True,1.0
CFN_RealAWS_GLM53F,20260924_115639_c8fc4e25,security,1,1,True,1.0
CFN_RealAWS_GLM53F,20260924_120040_e8092f05,deploy,1,4,True,4.0
CFN_RealAWS_GLM53F,20260924_122059_7cfa0f34,deploy,1,2,True,2.0
CFN_RealAWS_GLM53F,20260924_123514_781245c0,schema,1,3,True,1.0
CFN_RealAWS_GLM53F,20260924_123514_781245c0,deploy,2,6,True,8.0
CFN_RealAWS_GLM53F,20260924_131413_63957a76,schema,1,1,True,1.0
CFN_RealAWS_GLM53F,20260924_131413_63957a76,deploy,2,3,True,3.0
CFN_RealAWS_GLM53F,20260924_140450_044011d1,schema,1,2,True,2.0
CFN_RealAWS_GLM53F,20260924_140450_044011d1,deploy,3,10,True,10.0
CFN_RealAWS_GLM53F,20260924_154935_79d3a48c,schema,1,2,True,2.0
CFN_RealAWS_GLM53F,20260924_154935_79d3a48c,security,3,2,True,2.0
CFN_RealAWS_GLM53F,20260924_154935_79d3a48c,deploy,5,4,True,4.0
CFN_RealAWS_GLM53F,20260924_165503_fb323792,schema,1,1,True,1.0
CFN_RealAWS_GLM53F,20260924_165503_fb323792,deploy,2,2,True,2.0
CFN_RealAWS_GLM53F,20260924_172653_1a4b96b2,schema,1,1,True,1.0
CFN_RealAWS_GLM53F,20260924_172653_1a4b96b2,security,2,1,True,1.0
CFN_RealAWS_GLM53F,20260924_174537_f038cd32,schema,1,1,True,1.0
CFN_RealAWS_GLM53F,20260924_180301_182afb5f,syntax,1,1,True,1.0
CFN_RealAWS_GLM53F,20260924_180301_182afb5f,schema,1,4,True,4.0
CFN_RealAWS_GLM53F,20260924_180301_182afb5f,security,5,1,True,1.0
CFN_RealAWS_GLM53F,20260924_180301_182afb5f,deploy,6,7,True,7.0
CFN_RealAWS_GLM53F,20260924_200846_12f46547,schema,1,1,True,1.0
CFN_RealAWS_GLM53F,20260924_200846_12f46547,deploy,2,1,True,1.0
CFN_RealAWS_GLM53F,20260924_205334_f1480bc1,schema,1,1,True,1.0
CFN_RealAWS_GLM53F,20260924_211003_8fc1dede,schema,1,3,True,1.0
CFN_RealAWS_GLM53F,20260924_211003_8fc1dede,security,7,1,True,1.0
CFN_RealAWS_GLM53F,20260924_211003_8fc1dede,deploy,2,11,False,
CFN_RealAWS_GLM53F,20260925_050254_a0f95705,schema,1,1,True,1.0
CFN_RealAWS_GLM53F,20260925_060021_2231e13f,schema,1,2,True,2.0
CFN_RealAWS_GLM53F,20260925_060021_2231e13f,deploy,3,2,True,2.0
CFN_RealAWS_GLM53F,20260925_075822_db6a0151,syntax,1,1,True,1.0
CFN_RealAWS_GLM53F,20260925_075822_db6a0151,schema,1,1,True,1.0
CFN_RealAWS_GLM53F,20260925_075822_db6a0151,security,2,1,True,1.0
CFN_RealAWS_Gemini36F_L345,20260915_155631_716cafc8,security,1,1,True,1.0
CFN_RealAWS_Gemini36F_L345,20260915_155631_716cafc8,deploy,2,2,True,2.0
CFN_RealAWS_Gemini36F_L345,20260915_160340_1234b198,deploy,1,1,True,1.0
CFN_RealAWS_Gemini36F_L345,20260915_161045_1e275966,deploy,1,1,True,1.0
CFN_RealAWS_Gemini36F_L345,20260915_161428_901bf00a,security,1,1,True,1.0
CFN_RealAWS_Gemini36F_L345,20260915_161614_1ef90edb,schema,1,2,True,1.0
CFN_RealAWS_Gemini36F_L345,20260915_161614_1ef90edb,security,2,1,True,1.0
CFN_RealAWS_Gemini36F_L345,20260915_161614_1ef90edb,deploy,3,5,True,6.0
CFN_RealAWS_Gemini36F_L345,20260915_164610_953bfe2c,deploy,1,1,True,1.0
CFN_RealAWS_Gemini36F_L345,20260915_164816_538dd7ed,deploy,1,2,True,2.0
CFN_RealAWS_Gemini36F_L345,20260915_170404_f5bb7a56,schema,1,1,True,1.0
CFN_RealAWS_Gemini36F_L345,20260915_170638_d36a6b26,deploy,1,2,True,2.0
CFN_RealAWS_Gemini36F_L345,20260915_171851_c52a4e1b,deploy,1,1,True,1.0
CFN_RealAWS_Gemini36F_L345,20260915_172644_61bcf502,security,1,2,True,2.0
CFN_RealAWS_Gemini36F_L345,20260915_173106_ce9c0935,schema,1,1,True,1.0
CFN_RealAWS_Gemini36F_L345,20260915_173249_b98a3336,deploy,1,1,True,1.0
CFN_RealAWS_Gemini36F_L345,20260915_173520_8b495800,schema,1,1,True,1.0
CFN_RealAWS_Gemini36F_L345,20260915_173520_8b495800,security,2,2,True,2.0
CFN_RealAWS_Gemini36F_L345,20260915_173520_8b495800,deploy,4,1,True,1.0
CFN_RealAWS_Gemini36F_L345,20260915_174518_8959cc7f,schema,1,1,True,1.0
CFN_RealAWS_Gemini36F_L345,20260915_174705_630c8190,deploy,1,1,True,1.0
CFN_RealAWS_Gemini36F_L345,20260915_175218_dff96fa8,schema,6,1,True,1.0
CFN_RealAWS_Gemini36F_L345,20260915_175218_dff96fa8,security,4,2,True,2.0
CFN_RealAWS_Gemini36F_L345,20260915_175218_dff96fa8,deploy,1,3,True,6.0
CFN_RealAWS_Gemini36F_L345,20260915_175609_b076abe9,schema,1,1,True,1.0
CFN_RealAWS_Gemini36F_L345,20260915_175920_c601dee0,schema,1,1,True,1.0
CFN_RealAWS_Gemini36F_L345,20260915_175920_c601dee0,security,2,1,True,1.0
CFN_RealAWS_Gemini36F_L345,20260915_175920_c601dee0,deploy,3,1,True,1.0
CFN_RealAWS_Gemini36F_L345,20260915_180718_6e61e3b3,schema,1,1,True,1.0
CFN_RealAWS_Gemini36F_L345,20260915_180832_3da38e0d,deploy,1,1,True,1.0
CFN_RealAWS_Gemini36F_L345,20260915_180959_41a0a917,schema,1,1,True,1.0
CFN_RealAWS_Gemini36F_L345,20260915_180959_41a0a917,deploy,2,2,True,2.0
CFN_RealAWS_Gemini36F_L345,20260915_182605_b0e1116d,deploy,1,2,True,2.0
CFN_RealAWS_Gemini36F_L345,20260915_182845_2b7ed7d3,deploy,1,1,True,1.0
CFN_RealAWS_Gemini36F_L345,20260915_183151_11fae765,schema,1,1,True,1.0
CFN_RealAWS_Gemini36F_L345,20260915_183151_11fae765,deploy,2,1,True,1.0
CFN_RealAWS_Gemini36F_L345,20260915_183911_ed84a1a0,security,1,1,True,1.0
CFN_RealAWS_Gemini36F_L345,20260915_184737_3f75000e,security,1,1,True,1.0
CFN_RealAWS_Gemini36F_L345,20260915_185305_31b7d889,security,1,1,True,1.0
CFN_RealAWS_Gemini36F_L345,20260915_185305_31b7d889,deploy,2,1,True,1.0
CFN_RealAWS_Gemini36F_L345,20260915_234547_6bea5ba0,security,1,1,True,1.0
CFN_RealAWS_Gemini36F_L345,20260916_004146_8f98d971,syntax,2,1,True,1.0
CFN_RealAWS_Gemini36F_L345,20260916_004146_8f98d971,schema,1,2,True,2.0
CFN_RealAWS_Gemini36F_L345,20260916_004146_8f98d971,security,3,1,True,1.0
CFN_RealAWS_Gemini36F_L345,20260916_005437_1ede831d,schema,3,1,True,1.0
CFN_RealAWS_Gemini36F_L345,20260916_005437_1ede831d,deploy,1,2,True,3.0
CFN_RealAWS_Gemini36F_L345,20260916_012543_c0b2cb21,security,1,1,True,1.0
CFN_RealAWS_Gemini36F_L345,20260916_012543_c0b2cb21,deploy,2,1,True,1.0
CFN_RealAWS_Gemini36F_L345,20260916_014137_cc74cc99,schema,1,1,True,1.0
CFN_RealAWS_Gemini36F_L345,20260916_014137_cc74cc99,security,2,1,True,1.0
CFN_RealAWS_Gemini36F_L345,20260916_014137_cc74cc99,deploy,3,9,True,9.0
CFN_RealAWS_Gemini36F_L345,20260916_022509_dd10db7d,security,1,1,True,1.0
CFN_RealAWS_Gemini36F_L345,20260916_022830_75b40fbf,deploy,1,1,True,1.0
CFN_RealAWS_Gemini36F_L345,20260916_023616_1510d59a,schema,1,2,True,1.0
CFN_RealAWS_Gemini36F_L345,20260916_023616_1510d59a,deploy,2,2,True,3.0
CFN_RealAWS_Gemini36F_L345,20260916_024628_74e8b65e,schema,1,1,True,1.0
CFN_RealAWS_Gemini36F_L345,20260916_024628_74e8b65e,security,2,1,True,1.0
CFN_RealAWS_Gemini36F_L345,20260916_025056_fd3820d6,syntax,1,1,True,1.0
CFN_RealAWS_Gemini36F_L345,20260916_025056_fd3820d6,schema,1,1,True,1.0
CFN_RealAWS_Gemini36F_L345,20260916_025425_af525506,security,1,1,True,1.0
CFN_RealAWS_Gemini36F_L345,20260916_025914_2aa33228,schema,1,1,True,1.0
CFN_RealAWS_Gemini36F_L345,20260916_025914_2aa33228,deploy,2,1,True,1.0
CFN_RealAWS_Gemini36F_L345,20260916_030652_29c72f8b,schema,1,2,True,2.0
CFN_RealAWS_Gemini36F_L345,20260916_030652_29c72f8b,deploy,3,1,True,1.0
CFN_RealAWS_Gemini36F_L345,20260916_031143_7fb254ba,syntax,1,1,True,1.0
CFN_RealAWS_Gemini36F_L345,20260916_031143_7fb254ba,schema,1,1,True,1.0
CFN_RealAWS_Gemini36F_L345,20260916_032821_0107c954,schema,1,1,True,1.0
CFN_RealAWS_Gemini36F_L345,20260916_032821_0107c954,security,2,2,True,2.0
CFN_RealAWS_Gemini36F_L345,20260916_033227_09edaefe,schema,1,1,True,1.0
CFN_RealAWS_Gemini36F_L345,20260916_033227_09edaefe,security,2,1,True,1.0
CFN_RealAWS_Gemini36F_L345,20260916_033227_09edaefe,deploy,3,1,True,1.0
CFN_RealAWS_Gemini36F_L345,20260916_034102_ee339b21,deploy,1,1,True,1.0
CFN_RealAWS_Gemini36F_L345,20260916_034611_92e821d6,schema,1,1,True,1.0
CFN_RealAWS_Gemini36F_L345,20260916_034900_a9fde5e2,schema,1,1,True,1.0
CFN_RealAWS_Gemini36F_L345,20260916_035158_07efb170,schema,1,1,True,1.0
CFN_RealAWS_Gemini36F_L345,20260916_060027_f75b2fe6,security,1,1,True,1.0
CFN_RealAWS_Gemini36F_L345,20260916_060245_e833089d,schema,1,1,True,1.0
CFN_RealAWS_Gemini36F_L345,20260916_060245_e833089d,deploy,2,8,True,8.0
CFN_RealAWS_Gemini36F_L345,20260916_063652_846e1046,security,1,1,True,1.0
CFN_RealAWS_Gemini36F_L345,20260916_064452_3b488212,schema,1,1,True,1.0
CFN_RealAWS_Gemini36F_L345,20260916_064452_3b488212,deploy,2,9,True,9.0
CFN_RealAWS_Gemini36F_L345,20260916_073555_47258356,schema,1,1,True,1.0
CFN_RealAWS_Gemini36F_L345,20260916_073555_47258356,deploy,2,1,True,1.0
CFN_RealAWS_Gemini36F_L345,20260916_074016_1b78c6f3,security,1,1,True,1.0
CFN_RealAWS_Gemini36F_L345,20260916_074227_e3f149da,security,1,1,True,1.0
CFN_RealAWS_Gemini36F_L345,20260916_075841_463dd175,security,1,1,True,1.0
CFN_RealAWS_Gemini36F_L345,20260916_080041_8a33cce8,security,1,1,True,1.0
CFN_RealAWS_Gemini36F_L345,20260916_081318_7fce6470,schema,1,1,True,1.0
CFN_RealAWS_Gemini36F_L345,20260916_085145_475d05a7,deploy,1,1,True,1.0
CFN_RealAWS_Gemini36F_L345,20260916_085700_4632d63b,schema,6,1,True,1.0
CFN_RealAWS_Gemini36F_L345,20260916_085700_4632d63b,security,1,1,True,1.0
CFN_RealAWS_Gemini36F_L345,20260916_085700_4632d63b,deploy,2,6,True,7.0
CFN_RealAWS_Gemini36F_L345,20260916_094148_5e1c1318,security,1,1,True,1.0
CFN_RealAWS_Gemini36F_L345,20260916_095241_6fccb9e3,deploy,1,2,True,2.0
CFN_RealAWS_Gemini36F_L345,20260916_100012_72bca514,deploy,1,2,True,2.0
CFN_RealAWS_Gemini36F_L345,20260916_100409_942d27a6,schema,1,1,True,1.0
CFN_RealAWS_Gemini36F_L345,20260916_101016_2d3056da,schema,1,1,True,1.0
CFN_RealAWS_Gemini36F_L345,20260916_101016_2d3056da,deploy,2,14,False,
CFN_RealAWS_Gemini36F_L345,20260916_105241_abffebfd,deploy,1,3,True,3.0
CFN_RealAWS_Gemini36F_L345,20260916_110247_5119bec6,security,1,1,True,1.0
CFN_RealAWS_Gemini36F_L345,20260916_110836_7e9f19f2,syntax,1,1,True,1.0
CFN_RealAWS_Gemini36F_L345,20260916_110836_7e9f19f2,schema,1,1,True,1.0
CFN_RealAWS_Gemini36F_L345,20260916_111149_4fabb992,schema,1,1,True,1.0
CFN_RealAWS_Gemini36F_L345,20260916_111149_4fabb992,security,2,1,True,1.0
CFN_RealAWS_Gemini36F_L345,20260916_112153_f3a7ca2d,deploy,1,2,True,2.0
CFN_RealAWS_Gemini36F_L345,20260916_114307_a0af6d83,deploy,1,2,True,2.0
CFN_RealAWS_Gemini36F_L345,20260916_120234_9e72ae62,deploy,1,2,True,2.0
CFN_RealAWS_Gemini36F_L345,20260916_122812_fd2f87e0,schema,2,1,True,1.0
CFN_RealAWS_Gemini36F_L345,20260916_122812_fd2f87e0,security,1,1,True,1.0
CFN_RealAWS_Gemini36F_L345,20260916_122812_fd2f87e0,deploy,3,1,True,1.0
CFN_RealAWS_Gemini36F_L345,20260916_125209_d3808a91,deploy,1,1,True,1.0
CFN_RealAWS_Gemini36F_L345,20260916_131943_6b915eaa,syntax,1,1,True,1.0
CFN_RealAWS_Gemini36F_L345,20260916_131943_6b915eaa,schema,1,1,True,1.0
CFN_RealAWS_Gemini36F_L345,20260916_131943_6b915eaa,security,2,1,True,1.0
CFN_RealAWS_Gemini36F_L345,20260916_142338_47ad7766,schema,1,1,True,1.0
CFN_RealAWS_Gemini36F_L345,20260916_142338_47ad7766,security,2,1,True,1.0
CFN_RealAWS_Gemini36F_L345,20260916_144654_66ac1c45,schema,1,2,True,1.0
CFN_RealAWS_Gemini36F_L345,20260916_144654_66ac1c45,security,3,1,True,1.0
CFN_RealAWS_Gemini36F_L345,20260916_144654_66ac1c45,deploy,2,1,True,3.0
CFN_RealAWS_Gemini36F_L345,20260916_151851_3d2ce2c8,schema,1,1,True,1.0
CFN_RealAWS_Gemini36F_L345,20260916_160541_b1ba57ee,security,1,1,True,1.0
CFN_RealAWS_Gemini36F_L345,20260916_162455_5d1ee06f,security,1,1,True,1.0
CFN_RealAWS_Gemini36F_L345,20260916_165221_661e6347,security,1,1,True,1.0
CFN_RealAWS_Gemini36F_L345,20260916_172750_3b82a901,security,1,1,True,1.0
CFN_RealAWS_Gemini36F_L345,20260916_174341_09f9bfdc,syntax,2,1,True,1.0
CFN_RealAWS_Gemini36F_L345,20260916_174341_09f9bfdc,schema,1,2,True,2.0
CFN_RealAWS_Gemini36F_L345,20260916_174341_09f9bfdc,deploy,3,3,True,3.0
CFN_RealAWS_Gemini36F_L345,20260916_183352_aa2f30b2,schema,1,1,True,1.0
CFN_RealAWS_Gemini36F_L345,20260916_183352_aa2f30b2,security,3,1,True,1.0
CFN_RealAWS_Gemini36F_L345,20260916_183352_aa2f30b2,deploy,2,1,True,2.0
CFN_RealAWS_Gemini36F_L345,20260916_190322_f4720226,schema,1,2,True,2.0
CFN_RealAWS_Gemini36F_L345,20260916_191913_89ddaa6e,security,1,1,True,1.0
CFN_RealAWS_Gemini36F_L345,20260916_200532_a2b9838e,deploy,1,1,True,1.0
CFN_RealAWS_Gemini36F_L345,20260916_205930_ea5f6078,schema,1,1,True,1.0
CFN_RealAWS_Gemini36F_L345,20260916_205930_ea5f6078,deploy,2,1,True,1.0
CFN_RealAWS_Gemini36F_L345,20260916_212517_c9f1266f,security,1,1,True,1.0
CFN_RealAWS_Gemini36F_L345,20260916_213855_32dc8098,security,1,2,True,2.0
CFN_RealAWS_Gemini36F_L345,20260916_213855_32dc8098,deploy,3,1,True,1.0
CFN_RealAWS_Gemini36F_L345,20260916_220314_12f47ca5,schema,1,1,True,1.0
CFN_RealAWS_Gemini36F_L345,20260916_223024_66200e6e,schema,1,1,True,1.0
CFN_RealAWS_Gemini36F_L345,20260916_230439_e3179a89,schema,1,1,True,1.0
CFN_RealAWS_Gemini36F_L345,20260916_230439_e3179a89,deploy,2,3,True,3.0
CFN_RealAWS_Gemini36F_L345,20260917_003056_79b30387,security,3,1,True,1.0
CFN_RealAWS_Gemini36F_L345,20260917_003056_79b30387,deploy,1,2,True,3.0
CFN_RealAWS_Gemini38F,20260929_193701_3850d5f4,deploy,1,1,True,1.0
CFN_RealAWS_Gemini38F,20260929_194346_b3fb50df,security,2,1,True,1.0
CFN_RealAWS_Gemini38F,20260929_194346_b3fb50df,deploy,1,1,True,2.0
CFN_RealAWS_Gemini38F,20260929_195734_0f7a7bac,syntax,1,1,True,1.0
CFN_RealAWS_Gemini38F,20260929_195734_0f7a7bac,schema,1,2,True,2.0
CFN_RealAWS_Gemini38F,20260929_201428_da8001e3,deploy,1,15,False,
CFN_RealAWS_Gemini38F,20260929_213419_6b2adc9d,schema,1,1,True,1.0
CFN_RealAWS_Gemini38F,20260929_214656_c1f547b8,schema,1,1,True,1.0
CFN_RealAWS_Gemini38F,20260929_215501_ae848d66,deploy,1,2,True,2.0
CFN_RealAWS_Gemini38F,20260929_231333_fa4b66ef,deploy,1,2,True,2.0
CFN_RealAWS_Gemini38F,20260929_233231_1d711c18,schema,2,1,True,1.0
CFN_RealAWS_Gemini38F,20260929_233231_1d711c18,security,1,1,True,1.0
CFN_RealAWS_Gemini38F,20260930_000058_976f6d1e,syntax,1,1,True,1.0
CFN_RealAWS_Gemini38F,20260930_000058_976f6d1e,schema,1,1,True,1.0
CFN_RealAWS_Gemini38F,20260930_000058_976f6d1e,deploy,2,1,True,1.0
CFN_RealAWS_Gemini38F,20260930_003637_14ab489e,schema,1,1,True,1.0
CFN_RealAWS_Gemini38F,20260930_012110_ad2777b5,schema,1,1,True,1.0
CFN_RealAWS_Gemini38F,20260930_012110_ad2777b5,security,2,3,True,2.0
CFN_RealAWS_Gemini38F,20260930_012110_ad2777b5,deploy,4,6,True,7.0
CFN_RealAWS_Gemini38F,20260930_034959_7eeb10cc,schema,1,1,True,1.0
CFN_RealAWS_Gemini38F,20260930_035559_817b790d,syntax,1,1,True,1.0
CFN_RealAWS_Gemini38F,20260930_035559_817b790d,schema,1,1,True,1.0
CFN_RealAWS_Gemini38F,20260930_040317_a7e8711c,schema,1,1,True,1.0
CFN_RealAWS_Gemini38F,20260930_040911_55ee8c95,security,2,1,True,1.0
CFN_RealAWS_Gemini38F,20260930_040911_55ee8c95,deploy,1,1,True,2.0
CFN_RealAWS_Gemini38F,20260930_043836_45a29964,schema,2,1,True,1.0
CFN_RealAWS_Gemini38F,20260930_043836_45a29964,security,1,1,True,1.0
CFN_RealAWS_Gemini38F,20260930_051022_8b9d24ce,schema,1,1,True,1.0
CFN_RealAWS_Gemini38F,20260930_051720_3c7b4316,security,1,1,True,1.0
CFN_RealAWS_Gemini38F,20260930_054024_b5946af6,schema,1,1,True,1.0
CFN_RealAWS_Gemini38F,20260930_060512_e31c1b03,schema,1,1,True,1.0
CFN_RealAWS_Gemini38F,20260930_060512_e31c1b03,deploy,2,1,True,1.0
CFN_RealAWS_Gemini38F,20260930_063708_cae44f60,deploy,1,1,True,1.0
CFN_RealAWS_Gemini38F,20260930_080216_2c9e7005,security,1,1,True,1.0
CFN_RealAWS_Gemini38F,20260930_080216_2c9e7005,deploy,2,2,True,2.0
CFN_RealAWS_Gemini38F,20260930_090145_2ba4303c,deploy,1,1,True,1.0
CFN_RealAWS_Gemini38F,20260930_092326_dae57b83,deploy,1,1,True,1.0
CFN_RealAWS_Gemini38F,20260930_095324_b8c26e74,deploy,1,1,True,1.0
CFN_RealAWS_Gemini38F,20260930_101645_10d6787a,deploy,1,1,True,1.0
CFN_RealAWS_Gemini38F,20260930_111346_c416671a,schema,1,1,True,1.0
CFN_RealAWS_Gemini38F,20260930_114708_0bd80cf0,deploy,1,1,True,1.0
CFN_RealAWS_Gemini38F,20260930_123205_e958bc2f,security,1,1,True,1.0
CFN_RealAWS_Gemini38F,20260930_125033_d58100f8,deploy,1,1,True,1.0
CFN_RealAWS_Gemini38F,20260930_131546_31949272,security,2,1,True,1.0
CFN_RealAWS_Gemini38F,20260930_131546_31949272,deploy,1,1,True,2.0
CFN_RealAWS_Gemini38F,20260930_133934_a5d5ae35,security,1,1,True,1.0
CFN_RealAWS_Gemini38F,20260930_133934_a5d5ae35,deploy,2,1,True,1.0
CFN_RealAWS_Gemini38F,20260930_142647_8ea0d21f,schema,1,1,True,1.0
CFN_RealAWS_Gemini38F,20260930_150004_f3995fb4,deploy,1,1,True,1.0
CFN_RealAWS_Gemini38F,20260930_151055_acebc311,syntax,3,1,True,1.0
CFN_RealAWS_Gemini38F,20260930_151055_acebc311,schema,3,1,True,1.0
CFN_RealAWS_Gemini38F,20260930_151055_acebc311,security,4,1,True,1.0
CFN_RealAWS_Gemini38F,20260930_151055_acebc311,deploy,1,2,True,4.0
CFN_RealAWS_Gemini38F,20260930_152352_41e5360b,schema,1,2,True,2.0
CFN_RealAWS_Gemini38F,20260930_153147_06f23f81,security,1,1,True,1.0
CFN_RealAWS_Gemini38F,20260930_153147_06f23f81,deploy,2,1,True,1.0
CFN_RealAWS_Gemini38F,20260930_155626_09a61f83,deploy,1,1,True,1.0
CFN_RealAWS_Gemini38F,20260930_160305_e0b19553,deploy,1,2,True,2.0
CFN_RealAWS_Gemini38F,20260930_170041_c662a3dc,deploy,1,1,True,1.0
CFN_RealAWS_Gemini38F,20260930_175151_a98f463b,security,1,1,True,1.0
CFN_RealAWS_Gemini38F,20260930_175742_304ba1bf,security,1,1,True,1.0
CFN_RealAWS_Gemini38F,20260930_180655_14486f6b,security,1,1,True,1.0
CFN_RealAWS_Gemini38F,20260930_180655_14486f6b,deploy,2,2,True,2.0
CFN_RealAWS_Gemini38F,20260930_182510_115ba4a8,security,1,1,True,1.0
CFN_RealAWS_Gemini38F,20260930_183707_09c14f23,schema,1,1,True,1.0
CFN_RealAWS_Gemini38F,20260930_183707_09c14f23,security,2,2,True,1.0
CFN_RealAWS_Gemini38F,20260930_183707_09c14f23,deploy,3,2,True,3.0
CFN_RealAWS_Gemini38F,20260930_200233_d4c9fc53,schema,1,1,True,1.0
CFN_RealAWS_Gemini38F,20260930_202209_b57e6c64,security,1,1,True,1.0
CFN_RealAWS_Gemini38F,20260930_202940_6bfd579c,security,1,1,True,1.0
CFN_RealAWS_Gemini38F,20260930_202940_6bfd579c,deploy,2,6,True,6.0
CFN_RealAWS_Gemini38F,20260930_212447_1cf53587,schema,1,1,True,1.0
CFN_RealAWS_Gemini38F,20260930_213106_87be4995,security,1,1,True,1.0
CFN_RealAWS_Gemini38F,20260930_214248_38208a83,security,2,1,True,1.0
CFN_RealAWS_Gemini38F,20260930_214248_38208a83,deploy,1,1,True,2.0
CFN_RealAWS_Gemini38F,20260930_215254_d709e958,security,1,1,True,1.0
CFN_RealAWS_Gemini38F,20260930_215906_0c33184f,schema,1,1,True,1.0
CFN_RealAWS_Gemini38F,20260930_221718_c8ff711f,schema,1,5,True,3.0
CFN_RealAWS_Gemini38F,20260930_221718_c8ff711f,deploy,4,7,True,9.0
CFN_RealAWS_Gemini38F,20260930_231932_f4127f68,syntax,1,1,True,1.0
CFN_RealAWS_Gemini38F,20260930_231932_f4127f68,schema,1,1,True,1.0
CFN_RealAWS_Gemini38F,20260930_231932_f4127f68,security,2,1,True,1.0
CFN_RealAWS_Gemini38F,20261001_000934_2f428097,schema,1,2,True,2.0
CFN_RealAWS_Gemini38F,20261001_000934_2f428097,deploy,3,1,True,1.0
CFN_RealAWS_Gemini38F,20261001_003036_cbeb76e0,syntax,1,1,True,1.0
CFN_RealAWS_Gemini38F,20261001_003036_cbeb76e0,schema,1,1,True,1.0
CFN_RealAWS_Gemini38F,20261001_003036_cbeb76e0,security,2,1,True,1.0
CFN_RealAWS_Gemini38F,20261001_004343_27e43dd6,schema,1,2,True,1.0
CFN_RealAWS_Gemini38F,20261001_004343_27e43dd6,security,2,1,True,1.0
CFN_RealAWS_Gemini38F,20261001_011415_3e23e293,deploy,1,1,True,1.0
CFN_RealAWS_Gemini38F,20261001_023004_f3185fdd,schema,1,1,True,1.0
CFN_RealAWS_Gemini38F,20261001_030357_7bafda9f,schema,1,2,True,2.0
CFN_RealAWS_Gemini38F,20261001_030357_7bafda9f,security,3,1,True,1.0
CFN_RealAWS_Gemini38F,20261001_032257_d7c7db97,deploy,1,9,True,9.0
CFN_RealAWS_Gemini38F,20261001_052843_097f7e0c,security,1,1,True,1.0
CFN_RealAWS_Gemini38F,20261001_055652_14b3b96d,schema,1,1,True,1.0
CFN_RealAWS_Gemini38F,20261001_055652_14b3b96d,deploy,2,7,True,7.0
CFN_RealAWS_Gemini38F,20261001_082810_98f97f20,deploy,1,1,True,1.0
CFN_RealAWS_Gemini38F,20261001_090935_17503a76,security,1,1,True,1.0
CFN_RealAWS_Gemini38F,20261001_094733_439fdb72,security,3,1,True,1.0
CFN_RealAWS_Gemini38F,20261001_094733_439fdb72,deploy,1,6,True,7.0
CFN_RealAWS_Gemini38F,20261001_121505_ace8b765,syntax,1,1,True,1.0
CFN_RealAWS_Gemini38F,20261001_121505_ace8b765,schema,1,1,True,1.0
CFN_RealAWS_Gemini38F,20261001_121505_ace8b765,security,2,1,True,1.0
CFN_RealAWS_Gemini38F,20261001_122326_354d4879,security,1,1,True,1.0
CFN_RealAWS_Gemini38F,20261001_125827_5e147af3,deploy,1,1,True,1.0
CFN_RealAWS_Gemini38F,20261001_131954_7626880b,security,1,1,True,1.0
CFN_RealAWS_Gemini38F,20261001_131954_7626880b,deploy,2,1,True,1.0
CFN_RealAWS_Gemini38F,20261001_135323_9d8b813b,syntax,2,1,True,1.0
CFN_RealAWS_Gemini38F,20261001_135323_9d8b813b,schema,1,2,True,2.0
CFN_RealAWS_Gemini38F,20261001_135323_9d8b813b,security,3,1,True,1.0
CFN_RealAWS_Gemini38F,20261001_135323_9d8b813b,deploy,4,2,True,2.0
CFN_RealAWS_Gemini38F,20261001_141624_1ff08beb,security,1,1,True,1.0
CFN_RealAWS_Gemini38F,20261001_141624_1ff08beb,deploy,2,14,False,
CFN_RealAWS_Gemini38F,20261001_175023_a94f8a75,schema,5,2,True,1.0
CFN_RealAWS_Gemini38F,20261001_175023_a94f8a75,security,6,1,True,1.0
CFN_RealAWS_Gemini38F,20261001_175023_a94f8a75,deploy,1,4,True,7.0
CFN_RealAWS_Gemini38F,20261001_184841_946c5e65,syntax,1,1,True,1.0
CFN_RealAWS_Gemini38F,20261001_184841_946c5e65,schema,1,1,True,1.0
CFN_RealAWS_Gemini38F,20261001_184841_946c5e65,security,2,1,True,1.0
CFN_RealAWS_Gemini38F,20261001_192521_9df189eb,schema,1,1,True,1.0
CFN_RealAWS_Gemini38F,20261001_192521_9df189eb,security,2,1,True,1.0
CFN_RealAWS_Gemini38F,20261001_195513_f630a493,deploy,1,1,True,1.0
CFN_RealAWS_Gemini38F,20261001_204656_4f24b72f,deploy,1,1,True,1.0
CFN_RealAWS_Gemini38F,20261001_212509_3bc9fb45,security,1,1,True,1.0
CFN_RealAWS_Gemini38F,20261001_214423_1fe8f7f0,syntax,1,1,True,1.0
CFN_RealAWS_Gemini38F,20261001_214423_1fe8f7f0,schema,1,1,True,1.0
CFN_RealAWS_Gemini38F,20261001_221712_c0a80ddd,schema,1,2,True,2.0
CFN_RealAWS_Gemini38F,20261001_224943_c4efbbf7,security,1,1,True,1.0
CFN_RealAWS_Gemini38F,20261001_232156_9d818869,security,1,1,True,1.0
CFN_RealAWS_Gemini38F,20261001_234805_a8948332,security,2,1,True,1.0
CFN_RealAWS_Gemini38F,20261001_234805_a8948332,deploy,1,1,True,2.0
CFN_RealAWS_Gemini38F,20261002_004704_10688a68,schema,1,1,True,1.0
CFN_RealAWS_Gemini38F,20261002_011507_288d3705,schema,2,1,True,1.0
CFN_RealAWS_Gemini38F,20261002_011507_288d3705,security,1,1,True,1.0
CFN_RealAWS_Gemini38F,20261002_014007_741dda15,syntax,1,1,True,1.0
CFN_RealAWS_Gemini38F,20261002_014007_741dda15,schema,1,1,True,1.0
CFN_RealAWS_Gemini38F,20261002_014007_741dda15,security,2,1,True,1.0
CFN_RealAWS_Gemini38F,20261002_020257_e82f2421,schema,1,1,True,1.0
CFN_RealAWS_Gemini38F,20261002_020257_e82f2421,deploy,2,1,True,1.0
CFN_RealAWS_Gemini38F,20261002_022240_2e06bcd9,security,1,1,True,1.0
CFN_RealAWS_Gemini38F,20261002_023518_7722909d,schema,1,2,True,2.0
CFN_RealAWS_Gemini38F,20261002_023518_7722909d,deploy,3,1,True,1.0
CFN_RealAWS_Gemini38F,20261002_031348_ad97a2d6,security,1,1,True,1.0
CFN_RealAWS_Gemini38F,20261002_032725_63ed9d7a,schema,1,1,True,1.0
CFN_RealAWS_Gemini38F,20261002_032725_63ed9d7a,security,3,1,True,1.0
CFN_RealAWS_Gemini38F,20261002_032725_63ed9d7a,deploy,2,1,True,2.0
CFN_RealAWS_Gemini38F,20261002_034527_da1adc03,security,2,1,True,1.0
CFN_RealAWS_Gemini38F,20261002_034527_da1adc03,deploy,1,1,True,2.0
CFN_RealAWS_Gemini38F,20261002_041338_adc76a48,security,1,1,True,1.0
CFN_RealAWS_Gemini38F,20261002_043639_f77258f9,schema,1,4,True,4.0
CFN_RealAWS_Gemini38F,20261002_044817_ed213cb6,syntax,3,1,True,1.0
CFN_RealAWS_Gemini38F,20261002_044817_ed213cb6,schema,1,3,True,3.0
CFN_RealAWS_Gemini38F,20261002_051026_ce545090,deploy,1,1,True,1.0
CFN_RealAWS_Gemini38F,20261002_052434_074bc011,schema,1,2,True,1.0
CFN_RealAWS_Gemini38F,20261002_052434_074bc011,deploy,2,1,True,2.0
CFN_RealAWS_Gemini38F,20261002_055055_a9f1918c,schema,1,1,True,1.0
CFN_RealAWS_Gemini38F,20261002_055055_a9f1918c,deploy,2,1,True,1.0
CFN_RealAWS_Gemini38F,20261002_061648_0a54cff5,schema,1,1,True,1.0
CFN_RealAWS_Gemini38F,20261002_061648_0a54cff5,deploy,2,1,True,1.0
CFN_RealAWS_Gemini38F,20261002_064446_b682345f,deploy,1,1,True,1.0
CFN_RealAWS_Gemini38F,20261002_070542_5bb3ba06,security,1,1,True,1.0
CFN_RealAWS_Gemini38F,20261002_070542_5bb3ba06,deploy,2,1,True,1.0
CFN_RealAWS_Gemini38F,20261002_072036_e6a2145e,security,1,1,True,1.0
CFN_RealAWS_Gemini38F,20261002_074257_e5fbbae5,schema,1,1,True,1.0
CFN_RealAWS_Gemini38F,20261002_074257_e5fbbae5,security,2,1,True,1.0
CFN_RealAWS_Gemini38F,20261002_082120_27907651,schema,1,1,True,1.0
CFN_RealAWS_Gemini38F,20261002_082744_ded32ebb,deploy,1,2,True,2.0
CFN_RealAWS_Gemini38F,20261002_084725_60b2ad3e,deploy,1,1,True,1.0
CFN_RealAWS_Gemini38F,20261002_091557_3a0812e6,security,1,1,True,1.0
CFN_RealAWS_Gemini38F,20261002_093140_3309ac8e,security,1,1,True,1.0
CFN_RealAWS_Gemini38F,20261002_093140_3309ac8e,deploy,2,1,True,1.0
CFN_RealAWS_Gemini38F,20261002_094024_69e64091,security,2,1,True,1.0
CFN_RealAWS_Gemini38F,20261002_094024_69e64091,deploy,1,1,True,2.0
CFN_RealAWS_Gemini38F,20261002_094913_9c5b2985,schema,1,1,True,1.0
CFN_RealAWS_Gemini38F,20261002_100946_f5294106,security,1,1,True,1.0
CFN_RealAWS_Gemini38F,20261002_101502_f0a15319,deploy,1,1,True,1.0
CFN_RealAWS_Gemini38F,20261002_102945_7e287928,deploy,1,1,True,1.0
CFN_RealAWS_Gemini38F,20261002_104555_3892434a,schema,1,1,True,1.0
CFN_RealAWS_Gemini38F,20261002_105239_cdac6669,deploy,1,1,True,1.0
CFN_RealAWS_Gemini38F,20261002_110111_4e6fca5f,deploy,1,1,True,1.0
CFN_RealAWS_Gemini38F,20261002_111520_0083e0c7,deploy,1,1,True,1.0
CFN_RealAWS_Gemini38F,20261002_112355_d1c88b8a,security,1,1,True,1.0
CFN_RealAWS_Gemini38F,20261002_113521_45772583,security,1,1,True,1.0
CFN_RealAWS_Gemini38F,20261002_114245_c17abd3a,schema,1,1,True,1.0
CFN_RealAWS_Gemini38F,20261002_115809_1f5e28d7,deploy,1,1,True,1.0
CFN_RealAWS_Gemini38F,20261002_121932_413130c0,security,3,1,True,1.0
CFN_RealAWS_Gemini38F,20261002_121932_413130c0,deploy,1,2,True,3.0
CFN_RealAWS_Gemini38F,20261002_124214_adb89380,schema,1,1,True,1.0
CFN_RealAWS_Gemini38F,20261002_124908_699a4b64,syntax,1,1,True,1.0
CFN_RealAWS_Gemini38F,20261002_124908_699a4b64,schema,1,2,True,2.0
CFN_RealAWS_Gemini38F,20261002_125711_0f5b669b,security,1,1,True,1.0
CFN_RealAWS_OpenCode_DSV4F,20260912_125915_56a7a141,deploy,1,1,True,1.0
CFN_RealAWS_OpenCode_DSV4F,20260912_130126_8e8b2dc7,deploy,1,2,True,2.0
CFN_RealAWS_OpenCode_DSV4F,20260912_130739_caa7e96d,schema,1,1,True,1.0
CFN_RealAWS_OpenCode_DSV4F,20260912_132034_80d6cb9a,schema,1,2,True,2.0
CFN_RealAWS_OpenCode_DSV4F,20260912_132612_554ea9c0,security,1,1,True,1.0
CFN_RealAWS_OpenCode_DSV4F,20260912_132612_554ea9c0,deploy,2,1,True,1.0
CFN_RealAWS_OpenCode_DSV4F,20260912_133535_51f271a4,deploy,1,1,True,1.0
CFN_RealAWS_OpenCode_DSV4F,20260912_133739_f7ee1f75,schema,1,1,True,1.0
CFN_RealAWS_OpenCode_DSV4F,20260912_133739_f7ee1f75,deploy,2,3,True,3.0
CFN_RealAWS_OpenCode_DSV4F,20260912_141903_a62527a1,syntax,1,1,True,1.0
CFN_RealAWS_OpenCode_DSV4F,20260912_141903_a62527a1,schema,1,1,True,1.0
CFN_RealAWS_OpenCode_DSV4F,20260912_144126_1b8a8f27,deploy,1,1,True,1.0
CFN_RealAWS_OpenCode_DSV4F,20260912_145317_04e33f44,syntax,1,2,True,1.0
CFN_RealAWS_OpenCode_DSV4F,20260912_145317_04e33f44,schema,1,3,True,2.0
CFN_RealAWS_OpenCode_DSV4F,20260912_145317_04e33f44,deploy,3,2,True,3.0
CFN_RealAWS_OpenCode_DSV4F,20260912_150555_a6843260,schema,1,1,True,1.0
CFN_RealAWS_OpenCode_DSV4F,20260912_150555_a6843260,security,3,1,True,1.0
CFN_RealAWS_OpenCode_DSV4F,20260912_150555_a6843260,deploy,2,3,True,4.0
CFN_RealAWS_OpenCode_DSV4F,20260912_155323_2636c557,security,1,1,True,1.0
CFN_RealAWS_OpenCode_DSV4F,20260912_160937_f90c522d,security,4,2,True,2.0
CFN_RealAWS_OpenCode_DSV4F,20260912_160937_f90c522d,deploy,1,3,True,5.0
CFN_RealAWS_OpenCode_DSV4F,20260912_161622_89289d3e,syntax,1,1,True,1.0
CFN_RealAWS_OpenCode_DSV4F,20260912_161622_89289d3e,schema,1,1,True,1.0
CFN_RealAWS_OpenCode_DSV4F,20260912_162031_f5236c3b,schema,1,1,True,1.0
CFN_RealAWS_OpenCode_DSV4F,20260912_162031_f5236c3b,security,2,2,True,2.0
CFN_RealAWS_OpenCode_DSV4F,20260912_162031_f5236c3b,deploy,4,2,False,
CFN_RealAWS_OpenCode_DSV4F,20260912_162702_64dba9e1,schema,1,1,True,1.0
CFN_RealAWS_OpenCode_DSV4F,20260912_163023_94935bf3,deploy,1,1,True,1.0
CFN_RealAWS_OpenCode_DSV4F,20260912_163633_97ac1800,syntax,1,1,True,1.0
CFN_RealAWS_OpenCode_DSV4F,20260912_163633_97ac1800,schema,1,1,True,1.0
CFN_RealAWS_OpenCode_DSV4F,20260912_163633_97ac1800,deploy,2,1,True,1.0
CFN_RealAWS_OpenCode_DSV4F,20260912_165128_b88b460c,deploy,1,1,True,1.0
CFN_RealAWS_OpenCode_DSV4F,20260912_170824_ed160b86,schema,1,1,True,1.0
CFN_RealAWS_OpenCode_DSV4F,20260912_171400_ccec877d,schema,1,1,True,1.0
CFN_RealAWS_OpenCode_DSV4F,20260912_171400_ccec877d,security,2,1,True,1.0
CFN_RealAWS_OpenCode_DSV4F,20260912_184748_f9365d21,schema,1,1,True,1.0
CFN_RealAWS_OpenCode_DSV4F,20260912_184748_f9365d21,deploy,2,2,False,
CFN_RealAWS_OpenCode_DSV4F,20260913_051649_87e92027,schema,1,1,True,1.0
CFN_RealAWS_OpenCode_DSV4F,20260913_055219_68d700b2,syntax,1,3,True,3.0
CFN_RealAWS_OpenCode_DSV4F,20260913_055219_68d700b2,schema,2,1,True,1.0
CFN_RealAWS_OpenCode_DSV4F,20260913_055219_68d700b2,security,4,1,True,1.0
CFN_RealAWS_OpenCode_DSV4F,20260913_061634_7baa6779,schema,1,1,True,1.0
CFN_RealAWS_OpenCode_DSV4F,20260913_071348_d9e1d6ef,schema,1,1,True,1.0
CFN_RealAWS_OpenCode_DSV4F,20260913_083946_6b3392da,schema,1,1,True,1.0
CFN_RealAWS_OpenCode_DSV4F,20260913_083946_6b3392da,security,2,2,True,2.0
CFN_RealAWS_OpenCode_DSV4F,20260913_085941_164a7b4a,schema,1,1,True,1.0
CFN_RealAWS_OpenCode_DSV4F,20260913_085941_164a7b4a,security,2,2,True,2.0
CFN_RealAWS_OpenCode_DSV4F,20260913_085941_164a7b4a,deploy,4,1,False,
CFN_RealAWS_OpenCode_DSV4F,20260913_093430_79158dc7,schema,1,1,True,1.0
CFN_RealAWS_OpenCode_DSV4F,20260913_095621_5da22b0d,syntax,1,1,True,1.0
CFN_RealAWS_OpenCode_DSV4F,20260913_095621_5da22b0d,schema,1,1,True,1.0
CFN_RealAWS_OpenCode_DSV4F,20260913_101503_38b25814,schema,1,2,True,2.0
CFN_RealAWS_OpenCode_DSV4F,20260913_103721_543c98ab,schema,1,1,True,1.0
CFN_RealAWS_OpenCode_DSV4F,20260913_154709_74015c2c,schema,1,1,True,1.0
CFN_RealAWS_OpenCode_DSV4F,20260913_162430_95b6aff9,schema,1,3,True,3.0
CFN_RealAWS_OpenCode_DSV4F,20260913_164206_c1b4c5c5,security,1,1,True,1.0
CFN_RealAWS_OpenCode_DSV4F,20260913_164206_c1b4c5c5,deploy,2,1,True,1.0
CFN_RealAWS_OpenCode_DSV4F,20260913_180340_4a80bdb3,security,1,1,True,1.0
CFN_RealAWS_OpenCode_DSV4F,20260913_180617_20b44590,security,1,1,True,1.0
CFN_RealAWS_OpenCode_DSV4F,20260913_180617_20b44590,deploy,2,7,True,4.0
CFN_RealAWS_OpenCode_DSV4F,20260913_201344_6f266fb5,schema,4,1,True,1.0
CFN_RealAWS_OpenCode_DSV4F,20260913_201344_6f266fb5,deploy,1,8,True,5.0
CFN_RealAWS_OpenCode_DSV4F,20260913_223245_a024f30a,syntax,1,1,True,1.0
CFN_RealAWS_OpenCode_DSV4F,20260913_223245_a024f30a,security,2,1,True,1.0
CFN_RealAWS_OpenCode_DSV4F,20260913_233510_5f249684,schema,1,2,True,2.0
CFN_RealAWS_OpenCode_DSV4F,20260913_233510_5f249684,deploy,3,1,False,
CFN_RealAWS_OpenCode_DSV4F,20260913_234609_5e7e7738,schema,1,1,True,1.0
CFN_RealAWS_OpenCode_DSV4F,20260914_015042_a7f6cd6b,schema,1,1,True,1.0
CFN_RealAWS_OpenCode_DSV4F,20260914_015042_a7f6cd6b,security,2,1,True,1.0
CFN_RealAWS_OpenCode_DSV4F,20260914_015042_a7f6cd6b,deploy,3,1,False,
CFN_RealAWS_OpenCode_DSV4F,20260914_021358_d83e2b0d,schema,1,1,True,1.0
CFN_RealAWS_OpenCode_DSV4F,20260914_032122_b08b4a31,schema,1,1,True,1.0
CFN_RealAWS_OpenCode_DSV4F,20260914_035324_f776b2ae,syntax,1,1,True,1.0
CFN_RealAWS_OpenCode_DSV4F,20260914_035324_f776b2ae,schema,1,1,True,1.0
CFN_RealAWS_OpenCode_DSV4F,20260914_052229_0411efd7,schema,1,1,True,1.0
CFN_RealAWS_OpenCode_DSV4F,20260914_054650_2d776427,schema,1,1,True,1.0
CFN_RealAWS_OpenCode_DSV4F,20260914_081119_e0c094a9,schema,1,1,True,1.0
CFN_RealAWS_OpenCode_DSV4F,20260914_081119_e0c094a9,deploy,2,2,True,2.0
CFN_RealAWS_OpenCode_DSV4F,20260914_085428_68c25656,schema,1,2,True,2.0
CFN_RealAWS_OpenCode_DSV4F,20260914_092056_08a4e2ff,schema,1,1,True,1.0
CFN_RealAWS_OpenCode_DSV4F,20260914_092056_08a4e2ff,security,2,1,True,1.0
CFN_RealAWS_OpenCode_DSV4F,20260914_092056_08a4e2ff,deploy,3,1,True,1.0
CFN_RealAWS_OpenCode_DSV4F,20260914_094219_6d9b2300,schema,1,1,True,1.0
CFN_RealAWS_OpenCode_DSV4F,20260914_094219_6d9b2300,security,2,1,True,1.0
CFN_RealAWS_OpenCode_DSV4F,20260914_094219_6d9b2300,deploy,3,3,False,
CFN_RealAWS_OpenCode_DSV4F,20260914_102917_1d02da12,security,1,1,True,1.0
CFN_RealAWS_OpenCode_DSV4F,20260914_111723_63c50494,security,1,1,True,1.0
CFN_RealAWS_OpenCode_DSV4F,20260914_112740_ed1bcdb6,schema,2,1,True,1.0
CFN_RealAWS_OpenCode_DSV4F,20260914_112740_ed1bcdb6,deploy,1,2,True,3.0
CFN_RealAWS_OpenCode_DSV4F,20260914_115144_878df2d7,syntax,1,1,True,1.0
CFN_RealAWS_OpenCode_DSV4F,20260914_115144_878df2d7,schema,1,2,True,2.0
CFN_RealAWS_OpenCode_DSV4F,20260914_115144_878df2d7,security,5,1,True,1.0
CFN_RealAWS_OpenCode_DSV4F,20260914_115144_878df2d7,deploy,3,2,True,3.0
CFN_RealAWS_OpenCode_DSV4F,20260914_121536_94d3ec37,deploy,2,1,True,1.0
CFN_RealAWS_OpenCode_DSV4F,20260914_124117_96004455,security,1,1,True,1.0
CFN_RealAWS_OpenCode_DSV4F,20260914_131311_66a28550,syntax,2,1,True,1.0
CFN_RealAWS_OpenCode_DSV4F,20260914_131311_66a28550,schema,1,2,True,2.0
CFN_RealAWS_OpenCode_DSV4F,20260914_131311_66a28550,deploy,3,1,True,1.0
CFN_RealAWS_OpenCode_DSV4F,20260914_151010_c13a59ac,security,1,1,True,1.0
CFN_RealAWS_OpenCode_DSV4F,20260914_151010_c13a59ac,deploy,2,2,False,
CFN_RealAWS_OpenCode_DSV4F,20260914_161821_8515ff31,schema,1,1,True,1.0
CFN_RealAWS_OpenCode_DSV4F,20260914_181159_a26cc9a8,schema,1,1,True,1.0
CFN_RealAWS_OpenCode_DSV4F,20260914_181159_a26cc9a8,deploy,2,1,True,1.0
CFN_RealAWS_OpenCode_DSV4F,20260917_232736_a279ac3f,schema,1,2,True,1.0
CFN_RealAWS_OpenCode_DSV4F,20260917_232736_a279ac3f,deploy,2,3,True,4.0
CFN_RealAWS_OpenCode_DSV4F,20260918_011937_4456f616,schema,1,1,True,1.0
CFN_RealAWS_OpenCode_DSV4F,20260918_013426_c7cb741a,schema,1,1,True,1.0
CFN_RealAWS_OpenCode_DSV4F,20260918_013426_c7cb741a,deploy,2,1,True,1.0
CFN_RealAWS_OpenCode_DSV4F,20260918_015855_4b33023b,deploy,1,2,False,
CFN_RealAWS_OpenCode_DSV4F,20260918_024554_41744c04,schema,1,1,True,1.0
CFN_RealAWS_OpenCode_DSV4F,20260918_024554_41744c04,deploy,2,2,True,2.0
CFN_RealAWS_OpenCode_DSV4F,20260918_031747_c4f432da,syntax,1,1,True,1.0
CFN_RealAWS_OpenCode_DSV4F,20260918_031747_c4f432da,schema,1,3,True,3.0
CFN_RealAWS_OpenCode_DSV4F,20260918_031747_c4f432da,security,4,2,True,2.0
CFN_RealAWS_OpenCode_DSV4F,20260918_031747_c4f432da,deploy,6,2,False,
CFN_RealAWS_OpenCode_DSV4F,20260918_040525_0e895b14,deploy,1,1,True,1.0
CFN_RealAWS_OpenCode_DSV4F,20260918_042745_cdcbf27f,deploy,1,2,True,2.0
CFN_RealAWS_OpenCode_DSV4F,20260918_070722_5a4b8d2e,schema,1,1,True,1.0
CFN_RealAWS_OpenCode_DSV4F,20260918_070722_5a4b8d2e,deploy,2,2,True,2.0
CFN_RealAWS_OpenCode_DSV4F,20260918_121208_2a67aa28,deploy,1,1,True,1.0
CFN_RealAWS_OpenCode_DSV4F,20260918_133701_46a30d7f,syntax,1,1,True,1.0
CFN_RealAWS_OpenCode_DSV4F,20260918_133701_46a30d7f,schema,1,2,True,2.0
CFN_RealAWS_OpenCode_DSV4F,20260918_134555_7da60ab3,schema,1,1,True,1.0
CFN_RealAWS_OpenCode_DSV4F,20260918_134555_7da60ab3,deploy,2,1,True,1.0
CFN_RealAWS_OpenCode_DSV4F,20260918_151018_f4dcf25e,schema,1,1,True,1.0
CFN_RealAWS_OpenCode_DSV4F,20260918_151400_cb5aef60,deploy,1,3,True,3.0
CFN_RealAWS_OpenCode_DSV4F,20260918_153224_34ce2c60,schema,1,1,True,1.0
CFN_RealAWS_OpenCode_DSV4F,20260918_153604_fc42ecda,deploy,1,1,True,1.0
CFN_RealAWS_OpenCode_DSV4F,20260918_160439_f929595d,schema,1,1,True,1.0
CFN_RealAWS_OpenCode_DSV4F,20260918_160439_f929595d,security,2,1,True,1.0
CFN_RealAWS_OpenCode_DSV4F,20260918_160439_f929595d,deploy,3,2,True,2.0
CFN_RealAWS_OpenCode_DSV4F,20260918_163914_55d4eb6b,schema,1,1,True,1.0
CFN_RealAWS_OpenCode_DSV4F,20260918_181743_bdc968be,security,1,1,True,1.0
CFN_RealAWS_OpenCode_DSV4F,20260918_182231_65f70aa1,syntax,1,2,True,2.0
CFN_RealAWS_OpenCode_DSV4F,20260918_182231_65f70aa1,schema,1,1,True,1.0
CFN_RealAWS_OpenCode_DSV4F,20260918_182231_65f70aa1,deploy,3,1,True,1.0
CFN_RealAWS_OpenCode_DSV4F,20260918_184442_f90cd832,schema,1,1,True,1.0
CFN_RealAWS_OpenCode_DSV4F,20260918_184442_f90cd832,deploy,2,1,True,1.0
CFN_RealAWS_OpenCode_DSV4F,20260918_190844_fb0c7f6d,schema,1,15,False,
CFN_RealAWS_OpenCode_DSV4F,20260918_191754_50d7290b,schema,1,1,True,1.0
CFN_RealAWS_OpenCode_DSV4F,20260918_200227_3547a9f6,deploy,1,3,True,3.0
CFN_RealAWS_OpenCode_DSV4F,20260918_204129_c4ad91ed,schema,1,1,True,1.0
CFN_RealAWS_OpenCode_DSV4F,20260918_205607_d417cc6b,deploy,1,1,True,1.0
CFN_RealAWS_OpenCode_DSV4F,20260918_235943_f9b8c1ac,schema,1,15,False,
CFN_RealAWS_OpenCode_DSV4F,20260919_000734_3817ad07,schema,1,1,True,1.0
CFN_RealAWS_OpenCode_DSV4F,20260919_001236_fd92804a,schema,1,1,True,1.0
CFN_RealAWS_OpenCode_DSV4F,20260919_001756_f9785662,deploy,1,2,True,2.0
CFN_RealAWS_OpenCode_DSV4F,20260919_005353_1e329447,schema,1,2,True,2.0
CFN_RealAWS_OpenCode_DSV4F,20260919_005941_09126164,schema,1,1,True,1.0
CFN_RealAWS_OpenCode_DSV4F,20260919_005941_09126164,deploy,2,3,True,3.0
CFN_RealAWS_OpenCode_DSV4F,20260919_011306_90e736e2,security,1,3,True,3.0
CFN_RealAWS_OpenCode_DSV4F,20260919_012924_4fa7c526,schema,1,1,True,1.0
CFN_RealAWS_OpenCode_DSV4F,20260919_014553_69dd382d,schema,1,1,True,1.0
CFN_RealAWS_OpenCode_DSV4F,20260919_014553_69dd382d,deploy,2,4,True,4.0
CFN_RealAWS_OpenCode_DSV4F,20260919_021130_f9021da4,deploy,1,1,True,1.0
CFN_RealAWS_OpenCode_DSV4F,20260919_022138_c36f736e,syntax,1,1,True,1.0
CFN_RealAWS_OpenCode_DSV4F,20260919_022138_c36f736e,schema,1,2,True,2.0
CFN_RealAWS_OpenCode_DSV4F,20260919_022138_c36f736e,deploy,3,2,True,2.0
CFN_RealAWS_OpenCode_DSV4F,20260919_023456_60522dc8,schema,1,1,True,1.0
CFN_RealAWS_OpenCode_DSV4F,20260919_024026_41b16288,schema,1,1,True,1.0
CFN_RealAWS_OpenCode_DSV4F,20260919_024026_41b16288,security,2,1,True,1.0
CFN_RealAWS_OpenCode_DSV4F,20260919_024026_41b16288,deploy,3,3,True,3.0
CFN_RealAWS_OpenCode_DSV4F,20260919_030514_04c9d5d9,schema,1,1,True,1.0
CFN_RealAWS_OpenCode_DSV4F,20260919_030514_04c9d5d9,security,2,1,True,1.0
CFN_RealAWS_OpenCode_DSV4F,20260919_031153_e19a28a3,security,1,1,True,1.0
CFN_RealAWS_OpenCode_DSV4F,20260919_032801_26b5aa7d,schema,1,2,True,1.0
CFN_RealAWS_OpenCode_DSV4F,20260919_032801_26b5aa7d,security,4,2,True,2.0
CFN_RealAWS_OpenCode_DSV4F,20260919_032801_26b5aa7d,deploy,2,5,True,9.0
CFN_RealAWS_OpenCode_DSV4F,20260919_043316_d8c25710,security,2,1,True,1.0
CFN_RealAWS_OpenCode_DSV4F,20260919_043316_d8c25710,deploy,1,1,True,2.0
CFN_RealAWS_OpenCode_DSV4F,20260919_065730_98b46c7a,deploy,1,1,True,1.0
CFN_RealAWS_OpenCode_DSV4F,20260919_073007_cb26e791,schema,1,1,True,1.0
CFN_RealAWS_OpenCode_DSV4F,20260919_073007_cb26e791,deploy,2,1,True,1.0
CFN_RealAWS_OpenCode_DSV4F,20260919_081523_03208cdc,schema,1,1,True,1.0
CFN_RealAWS_OpenCode_DSV4F,20260919_081523_03208cdc,security,2,1,True,1.0
CFN_RealAWS_OpenCode_DSV4F,20260919_081523_03208cdc,deploy,3,1,True,1.0
CFN_RealAWS_OpenCode_DSV4F,20260919_085237_20805181,security,1,1,True,1.0
CFN_RealAWS_OpenCode_DSV4F,20260919_092220_ffec074c,syntax,1,2,True,2.0
CFN_RealAWS_OpenCode_DSV4F,20260919_092220_ffec074c,schema,1,1,True,1.0
CFN_RealAWS_OpenCode_DSV4F,20260919_092220_ffec074c,security,3,1,True,1.0
CFN_RealAWS_OpenCode_DSV4F,20260919_092220_ffec074c,deploy,4,5,True,5.0
CFN_RealAWS_OpenCode_DSV4F,20260919_120514_dfe3004e,syntax,1,2,True,2.0
CFN_RealAWS_OpenCode_DSV4F,20260919_120514_dfe3004e,security,3,1,True,1.0
CFN_RealAWS_OpenCode_DSV4F,20260919_122330_a7916f8a,syntax,1,1,True,1.0
CFN_RealAWS_OpenCode_DSV4F,20260919_122330_a7916f8a,schema,1,2,True,2.0
CFN_RealAWS_OpenCode_DSV4F,20260919_122330_a7916f8a,security,3,1,True,1.0
CFN_RealAWS_OpenCode_DSV4F,20260919_122921_03bceaff,deploy,1,13,False,
CFN_RealAWS_OpenCode_DSV4F,20260919_134746_2ecb78fe,schema,3,1,True,1.0
CFN_RealAWS_OpenCode_DSV4F,20260919_134746_2ecb78fe,security,1,1,True,1.0
CFN_RealAWS_OpenCode_DSV4F,20260919_134746_2ecb78fe,deploy,2,2,True,3.0
CFN_RealAWS_OpenCode_DSV4F,20260919_140109_f364de7f,schema,1,1,True,1.0
CFN_RealAWS_OpenCode_DSV4F,20260919_140109_f364de7f,security,2,1,True,1.0
CFN_RealAWS_OpenCode_DSV4F,20260919_141138_a61eafe0,syntax,1,3,True,1.0
CFN_RealAWS_OpenCode_DSV4F,20260919_141138_a61eafe0,schema,1,4,True,4.0
CFN_RealAWS_OpenCode_DSV4F,20260919_141138_a61eafe0,security,5,1,True,1.0
CFN_RealAWS_OpenCode_DSV4F,20260919_142950_31e5bd64,deploy,1,1,True,1.0
CFN_RealAWS_OpenCode_DSV4F,20260919_143727_5a36b701,syntax,1,1,True,1.0
CFN_RealAWS_OpenCode_DSV4F,20260919_143727_5a36b701,schema,1,2,True,2.0
CFN_RealAWS_OpenCode_DSV4F,20260919_143727_5a36b701,deploy,3,1,True,1.0
CFN_RealAWS_OpenCode_DSV4F,20260919_145145_41469362,syntax,4,1,True,1.0
CFN_RealAWS_OpenCode_DSV4F,20260919_145145_41469362,schema,1,5,True,5.0
CFN_RealAWS_OpenCode_DSV4F,20260919_145756_b6f6181d,security,1,1,True,1.0
CFN_RealAWS_OpenCode_DSV4F,20260919_150242_d7237c8a,schema,1,1,True,1.0
CFN_RealAWS_OpenCode_DSV4F,20260919_150242_d7237c8a,deploy,2,13,False,
CFN_RealAWS_OpenCode_DSV4F,20260919_155821_1a8b2489,security,1,1,True,1.0
CFN_RealAWS_OpenCode_DSV4F,20260919_161258_7f3e4bf0,schema,1,1,True,1.0
CFN_RealAWS_OpenCode_DSV4F,20260919_162012_84814f3e,schema,1,2,True,2.0
CFN_RealAWS_OpenCode_DSV4F,20260919_164402_591717b7,security,1,1,True,1.0
CFN_RealAWS_OpenCode_DSV4F,20260919_164911_d343e074,deploy,1,1,True,1.0
CFN_RealAWS_OpenCode_DSV4F,20260919_170932_136f1d0f,deploy,1,2,True,2.0
CFN_RealAWS_OpenCode_DSV4F,20260919_171957_d31c949e,schema,1,2,True,2.0
CFN_RealAWS_OpenCode_DSV4F,20260919_171957_d31c949e,deploy,3,1,True,1.0
CFN_RealAWS_OpenCode_DSV4F,20260919_175337_62078fd5,schema,1,2,True,2.0
CFN_RealAWS_OpenCode_DSV4F,20260919_175934_dab3bea0,security,1,1,True,1.0
CFN_RealAWS_OpenCode_DSV4F,20260919_181131_0e440ef2,syntax,1,1,True,1.0
CFN_RealAWS_OpenCode_DSV4F,20260919_181131_0e440ef2,schema,1,1,True,1.0
CFN_RealAWS_OpenCode_DSV4F,20260919_182200_01776c5e,schema,1,1,True,1.0
CFN_RealAWS_OpenCode_DSV4F,20260919_183021_0a38d39b,deploy,1,2,True,2.0
CFN_RealAWS_OpenCode_DSV4F,20260919_184630_4d3bb2ff,schema,10,1,True,1.0
CFN_RealAWS_OpenCode_DSV4F,20260919_184630_4d3bb2ff,deploy,1,4,False,
CFN_RealAWS_OpenCode_DSV4F,20260919_191352_548cbf17,syntax,1,1,True,1.0
CFN_RealAWS_OpenCode_DSV4F,20260919_191352_548cbf17,schema,1,1,True,1.0
CFN_RealAWS_OpenCode_DSV4F,20260919_191352_548cbf17,deploy,2,2,True,2.0
CFN_RealAWS_OpenCode_DSV4F,20260919_192622_e63b7e92,schema,1,2,True,2.0
CFN_RealAWS_OpenCode_DSV4F,20260919_192622_e63b7e92,deploy,3,1,True,1.0
CFN_RealAWS_OpenCode_DSV4F,20260919_193455_4d5ff366,security,1,1,True,1.0
CFN_RealAWS_OpenCode_DSV4F,20260919_195005_897bdf96,schema,1,3,True,2.0
CFN_RealAWS_OpenCode_DSV4F,20260919_195005_897bdf96,security,3,1,True,1.0
CFN_RealAWS_OpenCode_DSV4F,20260919_195005_897bdf96,deploy,4,6,False,
CFN_RealAWS_OpenCode_DSV4F,20260919_204107_072b1d9a,schema,1,1,True,1.0
CFN_RealAWS_OpenCode_DSV4F,20260919_204107_072b1d9a,deploy,2,1,True,1.0
CFN_RealAWS_OpenCode_DSV4F,20260919_205110_a255ee4e,schema,1,1,True,1.0
CFN_RealAWS_OpenCode_DSV4F,20260919_205110_a255ee4e,deploy,2,2,True,2.0
CFN_RealAWS_OpenCode_DSV4F,20260919_211011_b6d58de2,schema,1,1,True,1.0
CFN_RealAWS_OpenCode_DSV4F,20260919_211632_8a57e2ad,schema,1,3,True,1.0
CFN_RealAWS_OpenCode_DSV4F,20260919_211632_8a57e2ad,security,9,1,True,1.0
CFN_RealAWS_OpenCode_DSV4F,20260919_211632_8a57e2ad,deploy,2,11,False,
CFN_RealAWS_OpenCode_DSV4F,20260919_234814_99965d20,schema,1,1,True,1.0
CFN_RealAWS_OpenCode_DSV4F,20260919_234814_99965d20,security,2,1,True,1.0
CFN_RealAWS_OpenCode_DSV4F,20260920_001525_73e7aa11,schema,1,1,True,1.0
CFN_RealAWS_OpenCode_DSV4F,20260920_001525_73e7aa11,deploy,2,1,True,1.0
CFN_RealAWS_OpenCode_DSV4F,20260920_005737_e406e41c,schema,1,1,True,1.0
CFN_RealAWS_OpenCode_DSV4F,20260920_005737_e406e41c,security,2,1,True,1.0
CFN_RealAWS_OpenCode_DSV4F,20261002_170826_965c4eae,schema,1,1,True,1.0
CFN_RealAWS_OpenCode_DSV4F,20261002_170826_965c4eae,deploy,2,3,True,3.0
CFN_RealAWS_OpenCode_DSV4F,20261002_172339_76934f29,schema,1,3,True,3.0
CFN_RealAWS_OpenCode_DSV4F,20261002_172339_76934f29,security,4,1,True,1.0
CFN_RealAWS_OpenCode_DSV4F,20261002_172339_76934f29,deploy,5,10,True,6.0
CFN_RealAWS_OpenCode_DSV4F,20261002_182927_60daf96f,security,1,1,True,1.0
CFN_RealAWS_OpenCode_DSV4F,20261002_183812_ce9784e0,schema,2,1,True,1.0
CFN_RealAWS_OpenCode_DSV4F,20261002_183812_ce9784e0,security,1,1,True,1.0
CFN_RealAWS_OpenCode_DSV4F,20261003_072447_64484ae9,schema,1,2,True,2.0
CFN_RealAWS_OpenCode_DSV4F,20261003_072447_64484ae9,security,3,1,True,1.0
CFN_RealAWS_OpenCode_DSV4F,20261003_082436_0f28567c,deploy,1,1,True,1.0
CFN_RealAWS_OpenCode_DSV4F,20261003_150716_82d16678,deploy,1,2,True,2.0
CFN_RealAWS_OpenCode_DSV4F,20261003_154154_908853dd,deploy,1,1,True,1.0
CFN_RealAWS_OpenCode_DSV4F,20261003_162003_7f34b9f1,schema,1,1,True,1.0
CFN_RealAWS_OpenCode_DSV4F,20261003_165355_195b5e6c,schema,1,1,True,1.0
CFN_RealAWS_OpenCode_DSV4F,20261003_165355_195b5e6c,deploy,2,1,True,1.0
CFN_RealAWS_OpenCode_DSV4F,20261005_222720_be730fbd,deploy,1,1,False,
CFN_RealAWS_OpenCode_DSV4F,20261005_223358_5288b8fd,deploy,1,14,True,5.0
CFN_RealAWS_OpenCode_DSV4F,20261005_234945_265b4562,schema,1,3,True,2.0
CFN_RealAWS_OpenCode_DSV4F,20261005_234945_265b4562,security,3,2,True,1.0
CFN_RealAWS_OpenCode_DSV4F,20261005_234945_265b4562,deploy,4,4,True,6.0
CFN_RealAWS_OpenCode_DSV4F,20261006_011644_46dcde36,schema,1,1,True,1.0
CFN_RealAWS_OpenCode_DSV4F,20261006_011644_46dcde36,deploy,2,1,True,1.0
CFN_RealAWS_OpenCode_DSV4F,20261006_012259_d3c06967,schema,1,1,True,1.0
CFN_RealAWS_OpenCode_DSV4F,20261006_012259_d3c06967,deploy,2,14,False,
CFN_RealAWS_OpenCode_DSV4F,20261006_022042_84769099,schema,1,1,True,1.0
CFN_RealAWS_OpenCode_DSV4F,20261006_022527_5ab20ee2,deploy,1,2,True,2.0
CFN_RealAWS_OpenCode_DSV4F,20261006_023232_ce4bf7a2,security,1,2,True,1.0
CFN_RealAWS_OpenCode_DSV4F,20261006_023232_ce4bf7a2,deploy,4,1,True,1.0
CFN_RealAWS_OpenCode_DSV4F,20261006_025909_d73b57ef,deploy,1,2,True,2.0
CFN_RealAWS_OpenCode_DSV4F,20261006_030926_f4ed2f0d,deploy,1,10,False,
CFN_RealAWS_OpenCode_DSV4F,20261006_052053_cfdba522,deploy,1,5,True,3.0
CFN_RealAWS_OpenCode_DSV4F,20261006_060200_5241ebe8,syntax,1,1,True,1.0
CFN_RealAWS_OpenCode_DSV4F,20261006_060200_5241ebe8,schema,1,1,True,1.0
CFN_RealAWS_OpenCode_DSV4F,20261006_060200_5241ebe8,security,2,1,True,1.0
CFN_RealAWS_OpenCode_DSV4F,20261006_112708_d08a5df5,security,1,1,True,1.0
CFN_RealAWS_Opus55,20260925_011006_af852e24,security,1,1,True,1.0
CFN_RealAWS_Opus55,20260925_011006_af852e24,deploy,2,2,True,2.0
CFN_RealAWS_Opus55,20260925_030542_327811a0,syntax,1,1,True,1.0
CFN_RealAWS_Opus55,20260925_030542_327811a0,schema,1,1,True,1.0
CFN_RealAWS_Opus55,20260925_040331_1ef0bbe2,schema,3,1,True,1.0
CFN_RealAWS_Opus55,20260925_040331_1ef0bbe2,deploy,1,8,True,9.0
CFN_RealAWS_Opus55,20260925_084421_5a2991cd,syntax,1,1,True,1.0
CFN_RealAWS_Opus55,20260925_084421_5a2991cd,schema,1,2,True,2.0
CFN_RealAWS_Opus55,20260925_084421_5a2991cd,deploy,3,1,True,1.0
CFN_RealAWS_Opus55,20260925_095631_96506350,syntax,1,1,True,1.0
CFN_RealAWS_Opus55,20260925_095631_96506350,schema,1,1,True,1.0
CFN_RealAWS_Opus55,20260925_100356_fb78a6f9,syntax,1,1,True,1.0
CFN_RealAWS_Opus55,20260925_100356_fb78a6f9,schema,1,1,True,1.0
CFN_RealAWS_Opus55,20260925_100356_fb78a6f9,security,2,1,True,1.0
CFN_RealAWS_Opus55,20260925_100356_fb78a6f9,deploy,3,1,True,1.0
CFN_RealAWS_Opus55,20260925_102439_789425a1,deploy,1,1,True,1.0
CFN_RealAWS_Opus55,20260925_103809_7b47d2cf,deploy,1,2,True,2.0
CFN_RealAWS_Opus55,20260925_105915_5a99d279,deploy,1,1,True,1.0
CFN_RealAWS_Opus55,20260925_112054_0fadc59d,deploy,1,1,True,1.0
CFN_RealAWS_Opus55,20260925_114722_0c736794,security,1,1,True,1.0
CFN_RealAWS_Opus55,20260925_114722_0c736794,deploy,2,2,True,2.0
CFN_RealAWS_Opus55,20260925_133131_6f75cedf,deploy,1,6,True,6.0
CFN_RealAWS_Opus55,20260925_202548_fbd549b7,syntax,1,1,True,1.0
CFN_RealAWS_Opus55,20260925_202548_fbd549b7,schema,1,1,True,1.0
CFN_RealAWS_Opus55,20260925_202548_fbd549b7,deploy,2,6,True,6.0
CFN_RealAWS_Opus55,20260925_213114_c983a87a,deploy,1,1,True,1.0
CFN_RealAWS_Opus55,20260925_214557_0b86e4f1,syntax,1,1,True,1.0
CFN_RealAWS_Opus55,20260925_214557_0b86e4f1,schema,1,1,True,1.0
CFN_RealAWS_Opus55,20260925_214557_0b86e4f1,security,2,2,True,1.0
CFN_RealAWS_Opus55,20260925_214557_0b86e4f1,deploy,3,1,True,2.0
CFN_RealAWS_Opus55,20260925_221100_f1ce87cf,security,1,1,True,1.0
CFN_RealAWS_Opus55,20260925_222043_557dd3f6,deploy,1,8,True,8.0
CFN_RealAWS_Opus55,20260925_232031_3ac802ab,schema,2,1,True,1.0
CFN_RealAWS_Opus55,20260925_232031_3ac802ab,deploy,1,7,True,8.0
CFN_RealAWS_Opus55,20260926_001007_cb18ffe4,deploy,1,5,True,5.0
CFN_RealAWS_Opus55,20260926_010554_ceb9da9e,deploy,1,2,True,2.0
CFN_RealAWS_Opus55,20260926_012940_5df3a64a,schema,1,1,True,1.0
CFN_RealAWS_Opus55,20260926_012940_5df3a64a,deploy,2,5,True,5.0
CFN_RealAWS_Opus55,20260926_020838_8716b2f5,schema,1,1,True,1.0
CFN_RealAWS_Opus55,20260926_022810_9ed05de4,schema,1,1,True,1.0
CFN_RealAWS_Opus55,20260926_023639_cb367af5,schema,1,1,True,1.0
CFN_RealAWS_Opus55,20260926_023639_cb367af5,deploy,2,2,True,2.0
CFN_RealAWS_Opus55,20260926_033222_1a599d92,schema,1,1,True,1.0
CFN_RealAWS_Opus55,20260926_033956_6ac06507,syntax,1,1,True,1.0
CFN_RealAWS_Opus55,20260926_033956_6ac06507,schema,1,1,True,1.0
CFN_RealAWS_Opus55,20260926_033956_6ac06507,security,2,2,True,2.0
CFN_RealAWS_Opus55,20260926_033956_6ac06507,deploy,4,6,True,6.0
CFN_RealAWS_Opus55,20260926_052518_f8aa9c9f,syntax,1,1,True,1.0
CFN_RealAWS_Opus55,20260926_052518_f8aa9c9f,schema,1,1,True,1.0
CFN_RealAWS_Opus55,20260926_054841_1b2c904f,deploy,1,1,True,1.0
CFN_RealAWS_Opus55,20260926_063818_af9e5502,security,1,1,True,1.0
CFN_RealAWS_Opus55,20260926_073116_c8d90975,schema,1,1,True,1.0
CFN_RealAWS_Opus55,20260926_073116_c8d90975,deploy,2,2,True,2.0
CFN_RealAWS_Opus55,20260926_080956_663e8588,security,1,1,True,1.0
CFN_RealAWS_Opus55,20260926_082030_026edb3e,deploy,1,1,True,1.0
CFN_RealAWS_Opus55,20260926_090159_5187f691,deploy,1,4,True,4.0
CFN_RealAWS_Opus55,20260926_093933_7d4f43ff,deploy,1,1,True,1.0
CFN_RealAWS_Opus55,20260926_101926_76ae6a3e,deploy,1,1,True,1.0
CFN_RealAWS_Opus55,20260926_104258_5bd65238,deploy,1,1,True,1.0
CFN_RealAWS_Opus55,20260926_111644_f405c07a,deploy,1,2,True,2.0
CFN_RealAWS_Opus55,20260926_115435_7676ff7c,schema,2,1,True,1.0
CFN_RealAWS_Opus55,20260926_115435_7676ff7c,deploy,1,3,True,4.0
CFN_RealAWS_Opus55,20261005_152616_42dcd67b,security,1,1,True,1.0
CFN_RealAWS_Opus55,20261005_154423_93abe1fa,deploy,1,1,True,1.0
CFN_RealAWS_Opus55,20261005_155909_a53ae463,schema,1,1,True,1.0
CFN_RealAWS_Opus55,20261005_161228_4336786b,deploy,1,1,True,1.0
CFN_RealAWS_Opus55,20261005_163018_0e7e374e,security,1,1,True,1.0
CFN_RealAWS_Opus55,20261005_163958_ae9d2073,deploy,1,1,True,1.0
CFN_RealAWS_Opus55,20261005_164724_23c32256,security,1,1,True,1.0
CFN_RealAWS_Opus55,20261005_164724_23c32256,deploy,2,1,True,1.0
CFN_RealAWS_Opus55,20261005_165315_873d69c6,schema,1,1,True,1.0
CFN_RealAWS_Opus55,20261005_165315_873d69c6,security,2,1,True,1.0
CFN_RealAWS_Opus55,20261005_165315_873d69c6,deploy,3,3,True,3.0
CFN_RealAWS_Opus55,20261005_174546_2466e9a3,security,1,1,True,1.0
CFN_RealAWS_Opus55,20261005_174908_673fd25c,schema,1,1,True,1.0
CFN_RealAWS_Opus55,20261005_175332_70d5105f,syntax,1,1,True,1.0
CFN_RealAWS_Opus55,20261005_175332_70d5105f,schema,1,1,True,1.0
CFN_RealAWS_Opus55,20261005_175332_70d5105f,security,2,3,True,3.0
CFN_RealAWS_Opus55,20261005_175332_70d5105f,deploy,5,10,True,10.0
CFN_RealAWS_Opus55,20261005_225144_ecaf5a8e,deploy,1,1,True,1.0
CFN_RealAWS_Opus55,20261006_001813_4377761e,security,1,1,True,1.0
CFN_RealAWS_Opus55,20261006_003118_270b77a3,security,1,1,True,1.0
CFN_RealAWS_Opus55,20261006_003457_b7ac5f89,syntax,1,1,True,1.0
CFN_RealAWS_Opus55,20261006_003457_b7ac5f89,schema,1,1,True,1.0
CFN_RealAWS_Opus55,20261006_003457_b7ac5f89,security,2,1,True,1.0
CFN_RealAWS_Opus55,20261006_004133_6439b030,schema,1,1,True,1.0
CFN_RealAWS_Opus55,20261006_004133_6439b030,security,2,1,True,1.0
CFN_RealAWS_Opus55,20261006_005654_77df1382,security,1,1,True,1.0
CFN_RealAWS_Opus55,20261006_010415_0e7de1b6,security,1,1,True,1.0
CFN_RealAWS_Opus55,20261006_011812_7c282803,syntax,1,1,True,1.0
CFN_RealAWS_Opus55,20261006_011812_7c282803,schema,1,1,True,1.0
CFN_RealAWS_Opus55,20261006_013028_c0246bb5,security,1,1,True,1.0
CFN_RealAWS_Opus55,20261006_013529_eca58a56,security,1,1,True,1.0
CFN_RealAWS_Opus55,20261006_013529_eca58a56,deploy,2,3,True,3.0
CFN_RealAWS_Opus55,20261006_021424_c60dfb6f,syntax,1,1,True,1.0
CFN_RealAWS_Opus55,20261006_021424_c60dfb6f,schema,1,1,True,1.0
CFN_RealAWS_Opus55,20261006_021424_c60dfb6f,security,2,2,True,2.0
CFN_RealAWS_Opus55,20261006_021424_c60dfb6f,deploy,4,2,True,2.0
CFN_RealAWS_Opus55,20261006_023717_7e9b0905,security,1,1,True,1.0
CFN_RealAWS_Opus55,20261006_024145_4a550049,security,1,1,True,1.0
CFN_RealAWS_Opus55,20261006_025434_9032d68b,security,1,1,True,1.0
CFN_RealAWS_Opus55,20261006_025434_9032d68b,deploy,2,2,True,2.0
CFN_RealAWS_Opus55,20261006_034344_f7b09f51,syntax,1,1,True,1.0
CFN_RealAWS_Opus55,20261006_034344_f7b09f51,schema,1,1,True,1.0
CFN_RealAWS_Opus55,20261006_035127_83941959,schema,1,1,True,1.0
CFN_RealAWS_Opus55,20261006_040908_5c280461,security,1,1,True,1.0
CFN_RealAWS_Opus55,20261006_042146_747c331f,security,1,1,True,1.0
CFN_RealAWS_Opus55,20261006_044431_04090047,deploy,1,1,True,1.0
CFN_RealAWS_Opus55,20261006_050005_b2e5ccee,security,1,1,True,1.0
CFN_RealAWS_Opus55,20261006_050310_0fa95068,deploy,1,1,True,1.0
CFN_RealAWS_Opus55,20261006_051159_4e8d7cef,syntax,1,1,True,1.0
CFN_RealAWS_Opus55,20261006_051159_4e8d7cef,schema,1,1,True,1.0
CFN_RealAWS_Opus55,20261006_051159_4e8d7cef,security,2,1,True,1.0
CFN_RealAWS_Opus55,20261006_052016_f7f4d706,schema,1,2,True,1.0
CFN_RealAWS_Opus55,20261006_052016_f7f4d706,security,2,1,True,1.0
CFN_RealAWS_Opus55,20261006_052016_f7f4d706,deploy,3,1,True,2.0
CFN_RealAWS_Opus55,20261006_054426_d4dc5dce,security,1,1,True,1.0
CFN_RealAWS_Opus55,20261006_060512_3f7ca397,security,1,1,True,1.0
CFN_RealAWS_Opus55,20261006_061100_5c0b5a8b,syntax,1,1,True,1.0
CFN_RealAWS_Opus55,20261006_061100_5c0b5a8b,schema,1,1,True,1.0
CFN_RealAWS_Opus55,20261006_061100_5c0b5a8b,security,2,1,True,1.0
CFN_RealAWS_Opus55,20261006_061100_5c0b5a8b,deploy,3,2,True,2.0
CFN_RealAWS_Opus55,20261006_063332_dc5ea8c4,security,1,1,True,1.0
CFN_RealAWS_Opus55,20261006_064603_280e9680,security,1,1,True,1.0
CFN_RealAWS_Opus55,20261006_064835_417b06c4,syntax,1,1,True,1.0
CFN_RealAWS_Opus55,20261006_064835_417b06c4,schema,1,1,True,1.0
CFN_RealAWS_Opus55,20261006_071801_112c5207,security,1,1,True,1.0
CFN_RealAWS_Opus55,20261006_071801_112c5207,deploy,2,1,True,1.0
CFN_RealAWS_Opus55,20261006_074002_aaeca1ba,syntax,1,1,True,1.0
CFN_RealAWS_Opus55,20261006_074002_aaeca1ba,schema,1,1,True,1.0
CFN_RealAWS_Opus55,20261006_080926_fab39c0f,security,1,1,True,1.0
CFN_RealAWS_Opus55,20261006_080926_fab39c0f,deploy,2,10,True,10.0
CFN_RealAWS_Opus55,20261006_131701_cebd80b6,deploy,1,1,True,1.0
CFN_RealAWS_Opus55,20261006_132557_7d3f68ef,syntax,1,1,True,1.0
CFN_RealAWS_Opus55,20261006_132557_7d3f68ef,schema,1,1,True,1.0
CFN_RealAWS_Opus55,20261006_132557_7d3f68ef,security,2,1,True,1.0
CFN_RealAWS_Opus55,20261006_133643_c2108231,syntax,1,1,True,1.0
CFN_RealAWS_Opus55,20261006_133643_c2108231,schema,1,1,True,1.0
CFN_RealAWS_Opus55,20261006_140805_420033ef,security,1,1,True,1.0
CFN_RealAWS_Opus55,20261006_143248_3a27d47f,security,1,1,True,1.0
CFN_RealAWS_Opus55,20261006_143928_fa5e13f7,security,1,1,True,1.0
CFN_RealAWS_Opus55,20261006_144658_4e5dda65,schema,2,1,True,1.0
CFN_RealAWS_Opus55,20261006_144658_4e5dda65,security,1,1,True,1.0
CFN_RealAWS_Opus55,20261006_153156_31951cf0,security,1,1,True,1.0
CFN_RealAWS_Opus55,20261006_154149_00324de0,security,1,1,True,1.0
CFN_RealAWS_Opus55,20261006_154836_e50d63a2,syntax,1,1,True,1.0
CFN_RealAWS_Opus55,20261006_154836_e50d63a2,schema,1,1,True,1.0
CFN_RealAWS_Opus55,20261006_155829_d6c6b456,security,1,1,True,1.0
CFN_RealAWS_Opus55,20261006_160450_eddea8f3,syntax,1,1,True,1.0
CFN_RealAWS_Opus55,20261006_160450_eddea8f3,schema,1,1,True,1.0
CFN_RealAWS_Opus55,20261006_160450_eddea8f3,security,2,1,True,1.0
CFN_RealAWS_Opus55,20261006_161109_13be85b1,syntax,1,1,True,1.0
CFN_RealAWS_Opus55,20261006_161109_13be85b1,schema,1,1,True,1.0
CFN_RealAWS_Opus55,20261006_161109_13be85b1,security,2,1,True,1.0
CFN_RealAWS_Opus55,20261006_162530_ba0431e8,security,1,1,True,1.0
CFN_RealAWS_Opus55,20261006_163811_e5046122,syntax,1,1,True,1.0
CFN_RealAWS_Opus55,20261006_163811_e5046122,schema,1,1,True,1.0
CFN_RealAWS_Opus55,20261006_165329_ee1323db,deploy,1,15,False,
CFN_RealAWS_Opus55,20261006_172041_4adad9e4,deploy,1,1,True,1.0
CFN_RealAWS_Opus55,20261006_172453_7de18ad8,security,1,1,True,1.0
CFN_RealAWS_Opus55,20261006_172926_32bdba08,security,1,1,True,1.0
CFN_RealAWS_Opus55,20261006_173605_5bf162b2,security,1,1,True,1.0
CFN_RealAWS_Opus55,20261006_174721_ecf6b326,syntax,1,1,True,1.0
CFN_RealAWS_Opus55,20261006_174721_ecf6b326,schema,1,1,True,1.0
CFN_RealAWS_Opus55,20261006_174721_ecf6b326,deploy,2,2,True,2.0
CFN_RealAWS_Opus55,20261006_184438_cdfb20d2,deploy,1,1,True,1.0
CFN_RealAWS_Opus55,20261006_190132_5ca252db,deploy,1,1,True,1.0
CFN_RealAWS_Opus55,20261006_190744_ed8213d4,security,1,1,True,1.0
CFN_RealAWS_Opus55,20261006_191129_b02bba0c,security,1,1,True,1.0
CFN_RealAWS_Opus55,20261006_191651_9cc52431,syntax,1,1,True,1.0
CFN_RealAWS_Opus55,20261006_191651_9cc52431,schema,1,1,True,1.0
CFN_RealAWS_Opus55,20261006_192201_fd1400b3,security,1,1,True,1.0
CFN_RealAWS_Opus55,20261006_192839_fd26e087,security,1,1,True,1.0
CFN_RealAWS_Opus55,20261006_192839_fd26e087,deploy,2,1,True,1.0
CFN_RealAWS_Opus55,20261006_193431_11a39cdc,deploy,1,1,True,1.0
CFN_RealAWS_Opus55,20261006_194659_0319344c,security,1,1,True,1.0
CFN_RealAWS_Opus55,20261006_194903_d58875e0,deploy,1,2,True,2.0
CFN_RealAWS_Opus55,20261006_201340_3b2d33cd,security,1,1,True,1.0
CFN_RealAWS_Opus55,20261006_202218_d75d452a,syntax,1,1,True,1.0
CFN_RealAWS_Opus55,20261006_202218_d75d452a,schema,1,1,True,1.0
CFN_RealAWS_Opus55,20261006_202218_d75d452a,security,2,1,True,1.0
CFN_RealAWS_Opus55,20261006_202921_7edd6d0b,syntax,1,1,True,1.0
CFN_RealAWS_Opus55,20261006_202921_7edd6d0b,schema,1,1,True,1.0
CFN_RealAWS_Opus55,20261006_202921_7edd6d0b,deploy,2,1,True,1.0
CFN_RealAWS_Opus55,20261006_204142_94091a68,deploy,1,1,True,1.0
CFN_RealAWS_Opus55,20261006_210506_0bb6227b,schema,1,1,True,1.0
CFN_RealAWS_Opus55,20261006_211509_75b54b65,security,1,1,True,1.0
CFN_RealAWS_Opus55,20261006_213153_b29fb1f9,security,1,1,True,1.0
TF_Ablation_IaCGOD,20260920_044840_6163f0d1,syntax,1,2,True,2.0
TF_Ablation_IaCGOD,20260920_052918_8714d037,security,1,1,True,1.0
TF_Ablation_IaCGOD,20260920_053322_5d0755cc,syntax,1,3,True,3.0
TF_Ablation_IaCGOD,20260920_113329_270f24cd,syntax,1,2,True,2.0
TF_Ablation_IaCGOD,20260920_113329_270f24cd,deploy,3,2,True,2.0
TF_Ablation_IaCGOD,20260920_130711_d975b23d,syntax,1,5,True,2.0
TF_Ablation_IaCGOD,20260920_130711_d975b23d,security,8,1,True,1.0
TF_Ablation_IaCGOD,20260920_130711_d975b23d,deploy,3,4,True,8.0
TF_Ablation_IaCGOD,20260920_145841_3cc8cc64,syntax,1,1,True,1.0
TF_Ablation_IaCGOD,20260920_160627_f05e1d40,syntax,1,5,True,5.0
TF_Ablation_IaCGOD,20260920_160627_f05e1d40,deploy,6,1,True,1.0
TF_Ablation_IaCGOD,20260920_170901_24b5a19e,syntax,1,6,True,6.0
TF_Ablation_IaCGOD,20260920_170901_24b5a19e,deploy,7,1,True,1.0
TF_Ablation_IaCGOD,20260920_171951_83d21efb,syntax,1,5,True,5.0
TF_Ablation_IaCGOD,20260920_173231_6e298fd7,syntax,1,4,True,4.0
TF_Ablation_IaCGOD,20260920_173231_6e298fd7,deploy,5,2,True,2.0
TF_Ablation_IaCGOD,20260920_182649_7ce42e81,syntax,1,1,True,1.0
TF_Ablation_IaCGOD,20260920_183138_98a18edf,syntax,1,1,True,1.0
TF_Ablation_IaCGOD,20260920_183531_aa77b9ad,security,1,1,True,1.0
TF_Ablation_IaCGOD,20260920_191524_61fa72fb,syntax,1,1,True,1.0
TF_Ablation_IaCGOD,20260920_194921_1dc89f0f,security,1,1,True,1.0
TF_Ablation_IaCGOD,20260920_195222_b6766177,syntax,1,1,True,1.0
TF_Ablation_IaCGOD,20260920_195222_b6766177,security,2,1,True,1.0
TF_Ablation_IaCGOD,20260920_195823_a6bf8251,syntax,1,1,True,1.0
TF_Ablation_IaCGOD,20260920_195823_a6bf8251,security,2,1,True,1.0
TF_Ablation_IaCGOD,20260920_202257_380adb51,syntax,1,1,True,1.0
TF_Ablation_IaCGOD,20260920_203047_ae570fd5,syntax,1,3,True,3.0
TF_Ablation_IaCGOD,20260920_214104_3e36f70c,deploy,1,2,True,2.0
TF_Ablation_IaCGOD,20260920_215719_6387a601,security,1,1,True,1.0
TF_Ablation_IaCGOD,20260920_233757_c573320e,syntax,1,2,True,2.0
TF_Ablation_IaCGOD,20260921_093915_c3502290,syntax,1,3,True,2.0
TF_Ablation_IaCGOD,20260921_093915_c3502290,security,3,1,True,1.0
TF_Ablation_IaCGOD,20260921_093915_c3502290,deploy,4,6,True,7.0
TF_Ablation_IaCGOD,20260921_122938_0d5f92b1,syntax,1,2,True,2.0
TF_Ablation_IaCGOD,20260929_002056_2fdbe218,syntax,1,1,True,1.0
TF_Ablation_IaCGOD,20260929_002056_2fdbe218,security,2,1,True,1.0
TF_Ablation_IaCGOD,20260929_002342_31d6a924,syntax,1,1,True,1.0
TF_Ablation_IaCGOD,20260929_002937_f1ff4cac,syntax,1,2,True,2.0
TF_Ablation_IaCGOD,20260929_002937_f1ff4cac,deploy,3,1,True,1.0
TF_Ablation_IaCGOD,20260929_003136_0f6267b7,syntax,2,3,True,2.0
TF_Ablation_IaCGOD,20260929_003136_0f6267b7,security,1,1,True,1.0
TF_Ablation_IaCGOD,20260929_003136_0f6267b7,deploy,4,1,True,2.0
TF_Ablation_IaCGOD,20260929_004059_a8eb8ce6,syntax,1,1,True,1.0
TF_Ablation_IaCGOD,20260929_004323_b3b83216,syntax,1,1,True,1.0
TF_Ablation_IaCGOD,20260929_004554_6284131b,syntax,1,1,True,1.0
TF_Ablation_IaCGOD,20260929_004554_6284131b,security,2,1,True,1.0
TF_Ablation_IaCGOD,20260929_005103_b9b5b96f,syntax,1,2,True,2.0
TF_Ablation_IaCGOD,20260929_005923_7087fcf0,syntax,1,2,True,2.0
TF_Ablation_IaCGOD,20260929_010241_f218f1a7,security,1,1,True,1.0
TF_Ablation_IaCGOD,20260929_010355_9ed7156e,security,1,1,True,1.0
TF_Ablation_NoDenseRAG,20260926_174102_6c522225,syntax,3,5,True,5.0
TF_Ablation_NoDenseRAG,20260926_174102_6c522225,security,1,4,True,2.0
TF_Ablation_NoDenseRAG,20260926_174102_6c522225,deploy,9,2,True,3.0
TF_Ablation_NoDenseRAG,20260926_175940_65034a32,security,1,1,True,1.0
TF_Ablation_NoDenseRAG,20260926_180228_67780e63,syntax,1,1,True,1.0
TF_Ablation_NoDenseRAG,20260926_180228_67780e63,deploy,2,1,True,1.0
TF_Ablation_NoDenseRAG,20260926_180836_abcc9b49,security,1,1,True,1.0
TF_Ablation_NoDenseRAG,20260926_182148_1422bdb1,syntax,1,2,True,2.0
TF_Ablation_NoDenseRAG,20260926_182414_12c84071,syntax,1,1,True,1.0
TF_Ablation_NoDenseRAG,20260926_182700_6b7d5a98,syntax,1,1,True,1.0
TF_Ablation_NoDenseRAG,20260926_183542_7c0c7934,deploy,1,1,True,1.0
TF_Ablation_NoDenseRAG,20260926_183910_7d3a78bc,syntax,1,1,True,1.0
TF_Ablation_NoDenseRAG,20260926_183910_7d3a78bc,security,2,1,True,1.0
TF_Ablation_NoDenseRAG,20260926_184201_189d6ebb,syntax,1,3,True,2.0
TF_Ablation_NoDenseRAG,20260926_184201_189d6ebb,security,3,1,True,1.0
TF_Ablation_NoDenseRAG,20260926_184201_189d6ebb,deploy,5,1,True,1.0
TF_Ablation_NoDenseRAG,20260926_185403_e222cb1e,syntax,1,2,True,2.0
TF_Ablation_NoDenseRAG,20260926_185403_e222cb1e,security,3,1,True,1.0
TF_Ablation_NoDenseRAG,20260926_185848_0c90f3b1,security,1,1,True,1.0
TF_Ablation_NoDenseRAG,20260926_190226_5e867c86,syntax,1,1,True,1.0
TF_Ablation_NoDenseRAG,20260926_190930_6e687b07,syntax,1,1,True,1.0
TF_Ablation_NoDenseRAG,20260926_191122_7edd42d1,syntax,1,1,True,1.0
TF_Ablation_NoDenseRAG,20260926_191122_7edd42d1,security,2,1,True,1.0
TF_Ablation_NoDenseRAG,20260926_191122_7edd42d1,deploy,3,1,True,1.0
TF_Ablation_NoDenseRAG,20260927_162437_eaca4be3,syntax,1,2,True,2.0
TF_Ablation_NoDenseRAG,20260927_162437_eaca4be3,deploy,3,1,True,1.0
TF_Ablation_NoDenseRAG,20260927_162747_85f187e6,syntax,1,4,True,1.0
TF_Ablation_NoDenseRAG,20260927_162747_85f187e6,security,2,1,True,1.0
TF_Ablation_NoDenseRAG,20260927_162747_85f187e6,deploy,3,5,True,8.0
TF_Ablation_NoDenseRAG,20260927_164241_206db3df,syntax,1,8,True,4.0
TF_Ablation_NoDenseRAG,20260927_164241_206db3df,security,5,1,True,1.0
TF_Ablation_NoDenseRAG,20260927_164241_206db3df,deploy,6,6,False,
TF_Ablation_NoDenseRAG,20260927_175627_7b00ec7a,syntax,1,1,True,1.0
TF_Ablation_NoDenseRAG,20260927_180120_725f3c8e,syntax,1,7,True,7.0
TF_Ablation_NoDenseRAG,20260927_180543_9a6fb477,syntax,1,3,True,3.0
TF_Ablation_NoDenseRAG,20260927_180851_bd23cb11,syntax,1,6,True,3.0
TF_Ablation_NoDenseRAG,20260927_180851_bd23cb11,deploy,4,1,True,4.0
TF_Ablation_NoDenseRAG,20260928_001624_2559f04c,syntax,1,3,True,3.0
TF_Ablation_NoDenseRAG,20260928_001624_2559f04c,security,4,1,True,1.0
TF_Ablation_NoDenseRAG,20260928_001624_2559f04c,deploy,5,3,True,3.0
TF_Ablation_NoDenseRAG,20260928_002215_8aa6ba1c,syntax,1,4,True,4.0
TF_Ablation_NoDenseRAG,20260928_002519_0a71f395,syntax,1,4,True,4.0
TF_Ablation_NoDenseRAG,20260928_003156_b35a8808,syntax,1,8,True,8.0
TF_Ablation_NoDenseRAG,20260928_003156_b35a8808,deploy,9,2,True,2.0
TF_Ablation_NoDenseRAG,20260928_004210_5e6b9937,syntax,1,15,False,
TF_Ablation_NoDenseRAG,20260928_005326_ee5b8222,syntax,1,4,True,2.0
TF_Ablation_NoDenseRAG,20260928_005326_ee5b8222,security,3,1,True,1.0
TF_Ablation_NoDenseRAG,20260928_005326_ee5b8222,deploy,4,3,True,5.0
TF_Ablation_NoDenseRAG,20260928_010525_a91f610d,syntax,1,3,True,3.0
TF_Ablation_NoDenseRAG,20260928_010845_23b69bf3,syntax,1,3,True,3.0
TF_Ablation_NoDenseRAG,20260928_010845_23b69bf3,security,4,1,True,1.0
TF_Ablation_NoDenseRAG,20260928_010845_23b69bf3,deploy,5,1,True,1.0
TF_Ablation_NoDenseRAG,20260928_011633_aa729c58,syntax,1,6,True,6.0
TF_Ablation_NoDenseRAG,20260928_011633_aa729c58,security,7,1,True,1.0
TF_Ablation_NoDenseRAG,20260928_012653_27a6aa6d,syntax,1,1,True,1.0
TF_Ablation_NoDenseRAG,20260928_012653_27a6aa6d,security,2,1,True,1.0
TF_Ablation_NoDenseRAG,20260928_013005_472062e9,syntax,1,3,True,3.0
TF_Ablation_NoDenseRAG,20260928_014140_fdf34411,syntax,1,2,True,2.0
TF_Ablation_NoDenseRAG,20260928_014140_fdf34411,deploy,3,1,True,1.0
TF_Ablation_NoDenseRAG,20260928_014533_7837ce35,syntax,1,3,True,3.0
TF_Ablation_NoDenseRAG,20260928_014533_7837ce35,security,4,1,True,1.0
TF_Ablation_NoDenseRAG,20260928_014813_7f4ab9a9,syntax,1,5,True,5.0
TF_Ablation_NoDenseRAG,20260928_014813_7f4ab9a9,security,6,1,True,1.0
TF_Ablation_NoGraphRAG,20260929_142359_9631ffd2,syntax,1,1,True,1.0
TF_Ablation_NoGraphRAG,20260929_142359_9631ffd2,security,2,1,True,1.0
TF_Ablation_NoGraphRAG,20260929_142359_9631ffd2,deploy,3,4,True,4.0
TF_Ablation_NoGraphRAG,20260929_143721_4ee7cd3a,security,1,1,True,1.0
TF_Ablation_NoGraphRAG,20260929_144130_71c33ec0,syntax,1,1,True,1.0
TF_Ablation_NoGraphRAG,20260929_144130_71c33ec0,deploy,2,1,True,1.0
TF_Ablation_NoGraphRAG,20260929_144443_155f0133,security,1,1,True,1.0
TF_Ablation_NoGraphRAG,20260929_144806_2d05e5f9,syntax,1,2,True,2.0
TF_Ablation_NoGraphRAG,20260929_144806_2d05e5f9,deploy,3,1,True,1.0
TF_Ablation_NoGraphRAG,20260929_145431_b61de5ce,deploy,1,1,True,1.0
TF_Ablation_NoGraphRAG,20260929_150036_6c271677,syntax,1,1,True,1.0
TF_Ablation_NoGraphRAG,20260929_150036_6c271677,deploy,2,1,True,1.0
TF_Ablation_NoGraphRAG,20260929_150857_2ccb6547,syntax,1,2,True,2.0
TF_Ablation_NoGraphRAG,20260929_150857_2ccb6547,deploy,3,2,True,2.0
TF_Ablation_NoGraphRAG,20260929_151449_660fa078,syntax,1,1,True,1.0
TF_Ablation_NoGraphRAG,20260929_151449_660fa078,deploy,2,1,True,1.0
TF_Ablation_NoGraphRAG,20260929_151640_8f62572c,deploy,1,1,True,1.0
TF_Ablation_NoGraphRAG,20260929_152218_944e1e4c,security,1,1,True,1.0
TF_Ablation_NoGraphRAG,20260929_152633_26ae9067,syntax,1,2,True,2.0
TF_Ablation_NoGraphRAG,20260929_152834_0bce3e0c,syntax,1,1,True,1.0
TF_Ablation_NoGraphRAG,20260929_153408_dad80aa0,syntax,1,1,True,1.0
TF_Ablation_NoGraphRAG,20260929_153923_3583a4de,syntax,1,1,True,1.0
TF_Ablation_NoGraphRAG,20260929_153923_3583a4de,deploy,2,1,True,1.0
TF_Ablation_NoGraphRAG,20260929_154447_991566b2,syntax,1,1,True,1.0
TF_Ablation_NoGraphRAG,20260929_154447_991566b2,security,2,1,True,1.0
TF_Ablation_NoGraphRAG,20260929_154709_3e04baea,security,2,5,True,1.0
TF_Ablation_NoGraphRAG,20260929_154709_3e04baea,deploy,1,10,False,
TF_Ablation_NoGraphRAG,20260929_204824_5dcc278c,deploy,1,1,True,1.0
TF_Ablation_NoGraphRAG,20260929_205225_d0f8d3c3,syntax,1,2,True,2.0
TF_Ablation_NoGraphRAG,20260929_205733_c8993c26,syntax,1,1,True,1.0
TF_Ablation_NoGraphRAG,20260929_205733_c8993c26,security,2,1,True,1.0
TF_Ablation_NoGraphRAG,20260929_205948_9262afc0,syntax,1,2,True,1.0
TF_Ablation_NoGraphRAG,20260929_205948_9262afc0,security,2,1,True,1.0
TF_Ablation_NoGraphRAG,20260930_020634_b4cc1c1f,deploy,1,1,True,1.0
TF_Ablation_NoGraphRAG,20260930_021412_613721b5,syntax,1,1,True,1.0
TF_Ablation_NoGraphRAG,20260930_021554_c1db9b93,syntax,1,1,True,1.0
TF_Ablation_NoGraphRAG,20260930_021905_3a3a11e4,syntax,13,1,True,1.0
TF_Ablation_NoGraphRAG,20260930_021905_3a3a11e4,security,1,2,True,1.0
TF_Ablation_NoGraphRAG,20260930_021905_3a3a11e4,deploy,2,12,False,
TF_Ablation_NoGraphRAG,20260930_084528_e3019b47,syntax,8,2,True,2.0
TF_Ablation_NoGraphRAG,20260930_084528_e3019b47,deploy,1,9,True,11.0
TF_Ablation_NoGraphRAG,20260930_091446_a98ae042,syntax,1,1,True,1.0
TF_Ablation_NoGraphRAG,20260930_091659_d50dc40f,syntax,1,1,True,1.0
TF_Ablation_NoGraphRAG,20260930_091852_039b777b,security,1,1,True,1.0
TF_Ablation_NoGraphRAG,20260930_092145_b79b3beb,syntax,1,1,True,1.0
TF_Ablation_NoGraphRAG,20260930_092145_b79b3beb,security,2,1,True,1.0
TF_Ablation_NoPlanner,20260930_152800_4af94cf5,security,1,2,True,1.0
TF_Ablation_NoPlanner,20260930_152800_4af94cf5,deploy,2,3,True,4.0
TF_Ablation_NoPlanner,20260930_153845_781cdf5f,security,1,1,True,1.0
TF_Ablation_NoPlanner,20260930_153958_fa30740c,security,1,1,True,1.0
TF_Ablation_NoPlanner,20260930_154335_6dcdc6c9,security,1,1,True,1.0
TF_Ablation_NoPlanner,20260930_154549_281959c5,syntax,1,2,True,2.0
TF_Ablation_NoPlanner,20260930_154549_281959c5,deploy,3,1,True,1.0
TF_Ablation_NoPlanner,20260930_155131_35447571,syntax,1,1,True,1.0
TF_Ablation_NoPlanner,20260930_155131_35447571,deploy,2,1,True,1.0
TF_Ablation_NoPlanner,20260930_155745_06617959,syntax,1,1,True,1.0
TF_Ablation_NoPlanner,20260930_160339_78ca3df4,syntax,1,1,True,1.0
TF_Ablation_NoPlanner,20260930_160853_eb34ab57,deploy,1,1,True,1.0
TF_Ablation_NoPlanner,20260930_161410_dcb589d4,syntax,1,1,True,1.0
TF_Ablation_NoPlanner,20260930_161606_1f06db4d,security,1,1,True,1.0
TF_Ablation_NoPlanner,20260930_161935_3a9c1489,deploy,1,1,True,1.0
TF_Ablation_NoPlanner,20260930_162246_b3e115e9,syntax,1,1,True,1.0
TF_Ablation_NoPlanner,20260930_162630_34c3f7db,deploy,1,1,True,1.0
TF_Ablation_NoPlanner,20261001_163929_ab39a0c0,syntax,2,1,True,1.0
TF_Ablation_NoPlanner,20261001_163929_ab39a0c0,security,1,1,True,1.0
TF_Ablation_NoPlanner,20261001_163929_ab39a0c0,deploy,3,1,True,1.0
TF_Ablation_NoPlanner,20261001_164521_9c8ca6ab,syntax,1,1,True,1.0
TF_Ablation_NoPlanner,20261001_164521_9c8ca6ab,deploy,2,1,True,1.0
TF_Ablation_NoPlanner,20261001_165015_be104f25,syntax,1,1,True,1.0
TF_Ablation_NoPlanner,20261001_165312_54cd5379,security,1,1,True,1.0
TF_Ablation_NoPlanner,20261001_170521_8dd39d45,syntax,1,1,True,1.0
TF_Ablation_NoPlanner,20261001_170856_7117e320,syntax,1,4,True,1.0
TF_Ablation_NoPlanner,20261001_170856_7117e320,security,2,1,True,1.0
TF_Ablation_NoPlanner,20261001_170856_7117e320,deploy,3,10,False,
TF_Ablation_NoPlanner,20261001_205807_e729df8b,deploy,1,1,True,1.0
TF_Ablation_NoPlanner,20261001_210531_72b5f00a,security,1,1,True,1.0
TF_Ablation_NoPlanner,20261001_210753_aa29d5b8,security,1,1,True,1.0
TF_Ablation_NoQueryRewrite,20261004_192046_f3ebf6b1,security,1,1,True,1.0
TF_Ablation_NoQueryRewrite,20261004_192046_f3ebf6b1,deploy,2,1,True,1.0
TF_Ablation_NoQueryRewrite,20261004_192610_e8081aac,security,1,1,True,1.0
TF_Ablation_NoQueryRewrite,20261004_192917_e7a8738d,deploy,1,1,True,1.0
TF_Ablation_NoQueryRewrite,20261004_193205_dd469fe7,security,1,1,True,1.0
TF_Ablation_NoQueryRewrite,20261004_193205_dd469fe7,deploy,2,1,True,1.0
TF_Ablation_NoQueryRewrite,20261004_193535_01fbd6d8,syntax,1,1,True,1.0
TF_Ablation_NoQueryRewrite,20261004_194059_bcc5e427,security,1,1,True,1.0
TF_Ablation_NoQueryRewrite,20261004_194227_7ff4b1d5,syntax,1,2,True,2.0
TF_Ablation_NoQueryRewrite,20261004_194816_56cf74fc,syntax,1,2,True,2.0
TF_Ablation_NoQueryRewrite,20261004_195408_56fadd19,syntax,2,1,True,1.0
TF_Ablation_NoQueryRewrite,20261004_195408_56fadd19,security,1,1,True,1.0
TF_Ablation_NoQueryRewrite,20261004_195858_6807d793,syntax,1,1,True,1.0
TF_Ablation_NoQueryRewrite,20261004_195858_6807d793,deploy,2,1,True,1.0
TF_Ablation_NoQueryRewrite,20261004_200119_86ee3bcc,security,1,1,True,1.0
TF_Ablation_NoQueryRewrite,20261004_200119_86ee3bcc,deploy,2,1,True,1.0
TF_Ablation_NoQueryRewrite,20261004_200619_fa8a0ccb,deploy,1,1,True,1.0
TF_Ablation_NoQueryRewrite,20261004_200839_822477b2,syntax,1,1,True,1.0
TF_Ablation_NoQueryRewrite,20261004_200957_e3d75d51,security,1,1,True,1.0
TF_Ablation_NoQueryRewrite,20261004_200957_e3d75d51,deploy,2,1,True,1.0
TF_Ablation_NoQueryRewrite,20261004_201610_e516fdf8,syntax,1,1,True,1.0
TF_Ablation_NoQueryRewrite,20261004_201836_6c840ba7,syntax,1,1,True,1.0
TF_Ablation_NoQueryRewrite,20261004_202102_02ac603d,syntax,1,1,True,1.0
TF_Ablation_NoQueryRewrite,20261004_202102_02ac603d,security,2,1,True,1.0
TF_Ablation_NoQueryRewrite,20261004_202102_02ac603d,deploy,3,1,True,1.0
TF_Ablation_NoQueryRewrite,20261004_203003_1a97d028,syntax,1,1,True,1.0
TF_Ablation_NoQueryRewrite,20261004_203351_9ca03f0e,syntax,1,2,True,2.0
TF_Ablation_NoQueryRewrite,20261004_203351_9ca03f0e,security,3,1,True,1.0
TF_Ablation_NoQueryRewrite,20261004_203732_0131224d,syntax,1,2,True,2.0
TF_Ablation_NoQueryRewrite,20261004_203732_0131224d,security,3,1,True,1.0
TF_Ablation_NoQueryRewrite,20261004_203732_0131224d,deploy,4,1,True,1.0
TF_Ablation_NoQueryRewrite,20261004_204537_7d58f7de,syntax,1,1,True,1.0
TF_Ablation_NoQueryRewrite,20261004_204537_7d58f7de,security,2,1,True,1.0
TF_Ablation_NoQueryRewrite,20261004_204537_7d58f7de,deploy,3,1,True,1.0
TF_Ablation_NoQueryRewrite,20261004_205109_8cb619e7,syntax,1,3,True,3.0
TF_Ablation_NoQueryRewrite,20261004_205553_2113d5c3,security,1,1,True,1.0
TF_Ablation_NoQueryRewrite,20261004_211010_0d10dbb6,syntax,1,1,True,1.0
TF_Ablation_NoQueryRewrite,20261004_211304_f6fbdca0,syntax,1,1,True,1.0
TF_Ablation_NoQueryRewrite,20261004_211556_08183a68,syntax,4,1,True,1.0
TF_Ablation_NoQueryRewrite,20261004_211556_08183a68,security,1,1,True,1.0
TF_Ablation_NoQueryRewrite,20261004_211556_08183a68,deploy,2,13,False,
TF_Ablation_NoQueryRewrite,20261005_011246_b6734500,deploy,1,2,True,2.0
TF_Ablation_NoQueryRewrite,20261005_012011_fb2c3dea,syntax,1,1,True,1.0
TF_Ablation_NoQueryRewrite,20261005_012011_fb2c3dea,deploy,2,1,True,1.0
TF_Ablation_NoQueryRewrite,20261005_012903_3f71c97a,security,1,1,True,1.0
TF_Ablation_NoQueryRewrite,20261005_013153_62231059,security,1,1,True,1.0
TF_Ablation_NoRemediator,20261003_124228_ab13e75d,security,1,3,True,1.0
TF_Ablation_NoRemediator,20261003_124228_ab13e75d,deploy,2,1,True,3.0
TF_Ablation_NoRemediator,20261003_124932_a40b1a18,security,1,1,True,1.0
TF_Ablation_NoRemediator,20261003_125314_8fbd8e2d,syntax,1,1,True,1.0
TF_Ablation_NoRemediator,20261003_125314_8fbd8e2d,deploy,2,1,True,1.0
TF_Ablation_NoRemediator,20261003_125628_d5927cfd,security,1,1,True,1.0
TF_Ablation_NoRemediator,20261003_125858_bcdc7bb0,syntax,1,2,True,2.0
TF_Ablation_NoRemediator,20261003_125858_bcdc7bb0,deploy,3,1,True,1.0
TF_Ablation_NoRemediator,20261003_130342_20548030,security,1,1,True,1.0
TF_Ablation_NoRemediator,20261003_130540_5a51c90c,syntax,1,1,True,1.0
TF_Ablation_NoRemediator,20261003_130540_5a51c90c,deploy,2,1,True,1.0
TF_Ablation_NoRemediator,20261003_131220_cfedaca9,syntax,1,1,True,1.0
TF_Ablation_NoRemediator,20261003_131655_7aeee3f8,syntax,2,7,True,7.0
TF_Ablation_NoRemediator,20261003_131655_7aeee3f8,deploy,1,2,True,9.0
TF_Ablation_NoRemediator,20261003_132545_3cf6654f,syntax,1,1,True,1.0
TF_Ablation_NoRemediator,20261003_132545_3cf6654f,deploy,2,1,True,1.0
TF_Ablation_NoRemediator,20261003_133026_8ee6f6a7,syntax,1,1,True,1.0
TF_Ablation_NoRemediator,20261003_133026_8ee6f6a7,deploy,2,1,True,1.0
TF_Ablation_NoRemediator,20261003_133345_c163fb41,syntax,2,1,True,1.0
TF_Ablation_NoRemediator,20261003_133345_c163fb41,deploy,1,1,True,2.0
TF_Ablation_NoRemediator,20261003_133611_f7a120c8,syntax,1,1,True,1.0
TF_Ablation_NoRemediator,20261003_133847_344b329e,syntax,1,2,True,2.0
TF_Ablation_NoRemediator,20261003_133847_344b329e,security,3,1,True,1.0
TF_Ablation_NoRemediator,20261003_134507_0c82de4d,syntax,1,1,True,1.0
TF_Ablation_NoRemediator,20261003_134736_b911050b,syntax,1,1,True,1.0
TF_Ablation_NoRemediator,20261003_134736_b911050b,deploy,2,1,True,1.0
TF_Ablation_NoRemediator,20261003_135012_c2da1781,deploy,1,1,True,1.0
TF_Ablation_NoRemediator,20261003_135258_8f6aebc0,syntax,1,1,True,1.0
TF_Ablation_NoRemediator,20261003_135258_8f6aebc0,deploy,2,1,True,1.0
TF_Ablation_NoRemediator,20261003_135711_50d3a0ce,security,1,1,True,1.0
TF_Ablation_NoRemediator,20261003_195514_1e02ee28,syntax,1,1,True,1.0
TF_Ablation_NoRemediator,20261003_195514_1e02ee28,deploy,2,1,True,1.0
TF_Ablation_NoRemediator,20261003_200228_ca2063ab,syntax,1,1,True,1.0
TF_Ablation_NoRemediator,20261003_200228_ca2063ab,security,2,1,True,1.0
TF_Ablation_NoRemediator,20261003_200658_ec61f368,syntax,1,1,True,1.0
TF_Ablation_NoRemediator,20261003_201331_718b8b85,security,1,1,True,1.0
TF_Ablation_NoRemediator,20261003_201731_2bcbb8f3,security,1,1,True,1.0
TF_Ablation_NoRemediator,20261003_202120_b40b5455,syntax,1,1,True,1.0
TF_Ablation_NoRemediator,20261003_202637_c6240ae8,syntax,1,1,True,1.0
TF_Ablation_NoRemediator,20261003_202823_3b68e6e0,syntax,1,1,True,1.0
TF_Ablation_NoRemediator,20261003_203048_48bd2c5d,security,1,2,True,1.0
TF_Ablation_NoRemediator,20261003_203048_48bd2c5d,deploy,2,13,False,
TF_Ablation_NoRemediator,20261004_002949_1e957468,syntax,2,1,True,1.0
TF_Ablation_NoRemediator,20261004_002949_1e957468,deploy,1,1,True,2.0
TF_Ablation_NoRemediator,20261004_003652_2defd0de,deploy,1,3,True,3.0
TF_Ablation_NoRemediator,20261004_004917_4b3a0e93,syntax,1,1,True,1.0
TF_Ablation_NoRemediator,20261004_005307_5c807493,security,1,1,True,1.0
TF_Ablation_NoRemediator,20261004_005603_a743af87,syntax,1,2,True,2.0
TF_Ablation_NoRemediator,20261004_005603_a743af87,security,3,1,True,1.0
TF_Ablation_OpenCodeRetriever,20260919_203637_874e4a40,deploy,1,1,True,1.0
TF_Ablation_OpenCodeRetriever,20260919_203849_0eb0fbdd,syntax,1,2,True,2.0
TF_Ablation_OpenCodeRetriever,20260919_203849_0eb0fbdd,security,3,1,True,1.0
TF_Ablation_OpenCodeRetriever,20260919_204256_dd02b7d8,syntax,1,1,True,1.0
TF_Ablation_OpenCodeRetriever,20260919_204417_21212a28,syntax,1,2,True,2.0
TF_Ablation_OpenCodeRetriever,20260919_205759_8b226043,syntax,1,2,True,2.0
TF_Ablation_OpenCodeRetriever,20260919_211008_81bfcc4e,syntax,1,1,True,1.0
TF_Ablation_OpenCodeRetriever,20260919_211653_a5bbe157,syntax,2,1,True,1.0
TF_Ablation_OpenCodeRetriever,20260919_211653_a5bbe157,security,1,1,True,1.0
TF_Ablation_OpenCodeRetriever,20260919_211653_a5bbe157,deploy,3,1,True,1.0
TF_Ablation_OpenCodeRetriever,20260919_212856_5127f2be,syntax,1,1,False,
TF_Ablation_OpenCodeRetriever,20260919_213225_9d3f2f07,syntax,1,1,True,1.0
TF_Ablation_OpenCodeRetriever,20260919_213225_9d3f2f07,deploy,2,1,True,1.0
TF_Ablation_OpenCodeRetriever,20260919_214118_c35d8605,syntax,1,1,True,1.0
TF_Ablation_OpenCodeRetriever,20260919_214118_c35d8605,security,2,1,True,1.0
TF_Ablation_OpenCodeRetriever,20260919_214118_c35d8605,deploy,3,3,True,3.0
TF_Ablation_OpenCodeRetriever,20260919_225516_d4b01aff,syntax,1,1,True,1.0
TF_Ablation_OpenCodeRetriever,20260919_230445_f16bc8a6,security,1,1,True,1.0
TF_Ablation_OpenCodeRetriever,20260919_230735_bbe8a669,deploy,1,1,True,1.0
TF_Ablation_OpenCodeRetriever,20260919_231216_141601fc,syntax,1,1,True,1.0
TF_Ablation_OpenCodeRetriever,20260919_232121_d5a1836a,security,1,1,True,1.0
TF_Ablation_OpenCodeRetriever,20260919_232336_9e73b07f,deploy,1,1,True,1.0
TF_Ablation_OpenCodeRetriever,20260919_232830_40fdf8d5,syntax,1,1,True,1.0
TF_Ablation_OpenCodeRetriever,20260919_233151_2dc52117,syntax,1,1,True,1.0
TF_Ablation_OpenCodeRetriever,20260919_233151_2dc52117,security,2,2,True,1.0
TF_Ablation_OpenCodeRetriever,20260919_233151_2dc52117,deploy,3,4,False,
TF_Ablation_OpenCodeRetriever,20260920_020715_46065f94,deploy,1,1,True,1.0
TF_Ablation_OpenCodeRetriever,20260920_020924_e4868319,syntax,1,2,True,2.0
TF_Ablation_OpenCodeRetriever,20260920_020924_e4868319,security,3,1,True,1.0
TF_Ablation_OpenCodeRetriever,20260929_053600_fe98fdf8,syntax,1,1,True,1.0
TF_Ablation_OpenCodeRetriever,20260929_053600_fe98fdf8,security,2,1,True,1.0
TF_Ablation_OpenCodeRetriever,20260929_053952_1c966743,syntax,1,1,True,1.0
TF_Ablation_OpenCodeRetriever,20260929_054723_9deca53b,syntax,1,2,True,2.0
TF_Ablation_OpenCodeRetriever,20260929_054723_9deca53b,deploy,3,1,True,1.0
TF_Ablation_OpenCodeRetriever,20260929_055930_131fb0fa,security,1,1,True,1.0
TF_Ablation_OpenCodeRetriever,20260929_060607_11bf13bd,syntax,1,4,True,4.0
TF_Ablation_OpenCodeRetriever,20260929_061259_425b7b08,syntax,1,1,True,1.0
TF_Ablation_OpenCodeRetriever,20260929_063303_7e96adbf,syntax,1,1,True,1.0
TF_Ablation_OpenCodeRetriever,20260929_063745_f753817b,deploy,1,1,True,1.0
TF_Ablation_OpenCodeRetriever,20260929_065122_4dd57bc5,deploy,1,1,True,1.0
TF_Ablation_OpenCodeRetriever,20260929_070353_53531e9e,security,1,1,True,1.0
TF_Ablation_OpenCodeRetriever,20260929_070521_2c097cf8,security,1,1,True,1.0
TF_Ablation_TrivyAllSeverities,20261002_103230_fd831f36,security,1,2,True,2.0
TF_Ablation_TrivyAllSeverities,20261002_103625_d218971a,syntax,1,1,True,1.0
TF_Ablation_TrivyAllSeverities,20261002_103625_d218971a,security,2,2,True,2.0
TF_Ablation_TrivyAllSeverities,20261002_103625_d218971a,deploy,4,1,True,1.0
TF_Ablation_TrivyAllSeverities,20261002_103950_153822d6,security,1,2,True,2.0
TF_Ablation_TrivyAllSeverities,20261002_103950_153822d6,deploy,3,1,True,1.0
TF_Ablation_TrivyAllSeverities,20261002_104244_e437a6e7,security,1,2,True,2.0
TF_Ablation_TrivyAllSeverities,20261002_104458_865bed29,security,1,1,True,1.0
TF_Ablation_TrivyAllSeverities,20261002_104458_865bed29,deploy,2,1,True,1.0
TF_Ablation_TrivyAllSeverities,20261002_104823_584d9a11,security,1,2,True,2.0
TF_Ablation_TrivyAllSeverities,20261002_105107_e8fce714,syntax,1,1,True,1.0
TF_Ablation_TrivyAllSeverities,20261002_105248_3c705087,syntax,1,1,True,1.0
TF_Ablation_TrivyAllSeverities,20261002_105553_fd2b1804,security,1,1,True,1.0
TF_Ablation_TrivyAllSeverities,20261002_105728_04f38177,syntax,1,1,True,1.0
TF_Ablation_TrivyAllSeverities,20261002_105728_04f38177,security,2,1,True,1.0
TF_Ablation_TrivyAllSeverities,20261002_110304_e244298b,syntax,2,1,True,1.0
TF_Ablation_TrivyAllSeverities,20261002_110304_e244298b,security,1,2,True,1.0
TF_Ablation_TrivyAllSeverities,20261002_110733_8b2ad158,syntax,1,1,True,1.0
TF_Ablation_TrivyAllSeverities,20261002_110733_8b2ad158,security,2,2,True,2.0
TF_Ablation_TrivyAllSeverities,20261002_111434_6968a65e,security,1,2,True,2.0
TF_Ablation_TrivyAllSeverities,20261002_111613_2d7934d4,security,1,2,True,2.0
TF_Ablation_TrivyAllSeverities,20261002_111613_2d7934d4,deploy,3,1,True,1.0
TF_Ablation_TrivyAllSeverities,20261002_112139_6f6e0414,security,1,2,True,2.0
TF_Ablation_TrivyAllSeverities,20261002_112344_34d1ad1c,syntax,1,1,True,1.0
TF_Ablation_TrivyAllSeverities,20261002_112344_34d1ad1c,deploy,2,1,True,1.0
TF_Ablation_TrivyAllSeverities,20261002_112858_8d324742,syntax,1,1,True,1.0
TF_Ablation_TrivyAllSeverities,20261002_112858_8d324742,deploy,2,1,True,1.0
TF_Ablation_TrivyAllSeverities,20261002_113128_71ab7521,syntax,1,3,True,3.0
TF_Ablation_TrivyAllSeverities,20261002_113128_71ab7521,security,4,1,True,1.0
TF_Ablation_TrivyAllSeverities,20261002_113128_71ab7521,deploy,5,1,True,1.0
TF_Ablation_TrivyAllSeverities,20261002_113629_af075f0d,security,1,1,True,1.0
TF_Ablation_TrivyAllSeverities,20261002_113629_af075f0d,deploy,2,1,True,1.0
TF_Ablation_TrivyAllSeverities,20261002_113912_e4e698e8,syntax,2,2,True,2.0
TF_Ablation_TrivyAllSeverities,20261002_113912_e4e698e8,security,1,2,True,1.0
TF_Ablation_TrivyAllSeverities,20261002_114255_e9e7f349,syntax,2,1,True,1.0
TF_Ablation_TrivyAllSeverities,20261002_114255_e9e7f349,security,1,1,True,1.0
TF_Ablation_TrivyAllSeverities,20261002_114651_6e9e33b0,security,1,2,True,2.0
TF_Ablation_TrivyAllSeverities,20261002_114854_7b106f41,syntax,1,1,True,1.0
TF_Ablation_TrivyAllSeverities,20261002_114854_7b106f41,security,2,1,True,1.0
TF_Ablation_TrivyAllSeverities,20261002_115220_72df7279,syntax,1,1,True,1.0
TF_Ablation_TrivyAllSeverities,20261002_115220_72df7279,security,2,2,True,2.0
TF_Ablation_TrivyAllSeverities,20261002_115631_90810143,syntax,1,2,True,2.0
TF_Ablation_TrivyAllSeverities,20261002_115631_90810143,security,3,1,True,1.0
TF_Ablation_TrivyAllSeverities,20261002_120041_04550a75,syntax,1,1,True,1.0
TF_Ablation_TrivyAllSeverities,20261002_120041_04550a75,security,2,1,True,1.0
TF_Ablation_TrivyAllSeverities,20261002_120531_71776e3a,security,1,1,True,1.0
TF_Ablation_TrivyAllSeverities,20261002_142427_540add86,syntax,1,2,True,2.0
TF_Ablation_TrivyAllSeverities,20261002_142427_540add86,security,3,1,True,1.0
TF_Ablation_TrivyAllSeverities,20261002_143154_99825de6,syntax,1,2,True,1.0
TF_Ablation_TrivyAllSeverities,20261002_143154_99825de6,security,2,2,True,2.0
TF_Ablation_TrivyAllSeverities,20261002_143154_99825de6,deploy,5,1,True,1.0
TF_Ablation_TrivyAllSeverities,20261002_143716_a5ddd590,security,1,1,True,1.0
TF_Ablation_TrivyAllSeverities,20261002_143858_206a4207,syntax,1,2,True,2.0
TF_Ablation_TrivyAllSeverities,20261002_143858_206a4207,security,3,1,True,1.0
TF_Ablation_TrivyAllSeverities,20261002_144452_06f9a7cc,syntax,3,1,True,1.0
TF_Ablation_TrivyAllSeverities,20261002_144452_06f9a7cc,security,1,2,True,2.0
TF_Ablation_TrivyAllSeverities,20261002_144802_0e7a5aeb,syntax,1,3,True,3.0
TF_Ablation_TrivyAllSeverities,20261002_144802_0e7a5aeb,security,4,2,True,2.0
TF_Ablation_TrivyAllSeverities,20261002_145221_46cf66e5,syntax,1,1,True,1.0
TF_Ablation_TrivyAllSeverities,20261002_145221_46cf66e5,security,2,2,True,2.0
TF_Ablation_TrivyAllSeverities,20261002_145604_2f2e6887,security,1,1,True,1.0
TF_Ablation_TrivyAllSeverities,20261002_150035_3ea1ab81,syntax,2,1,True,1.0
TF_Ablation_TrivyAllSeverities,20261002_150035_3ea1ab81,security,1,1,True,1.0
TF_Ablation_TrivyAllSeverities,20261002_150443_436d9798,syntax,1,1,True,1.0
TF_Ablation_TrivyAllSeverities,20261002_150610_904b3e3f,syntax,1,3,True,1.0
TF_Ablation_TrivyAllSeverities,20261002_150610_904b3e3f,security,2,9,True,5.0
TF_Ablation_TrivyAllSeverities,20261002_150610_904b3e3f,deploy,13,1,True,1.0
TF_Ablation_TrivyAllSeverities,20261002_152414_ad8745b4,syntax,1,2,True,2.0
TF_Ablation_TrivyAllSeverities,20261002_152414_ad8745b4,security,3,2,True,2.0
TF_Ablation_TrivyAllSeverities,20261002_152901_8a8b82e6,syntax,1,3,True,1.0
TF_Ablation_TrivyAllSeverities,20261002_152901_8a8b82e6,security,2,4,True,2.0
TF_Ablation_TrivyAllSeverities,20261002_152901_8a8b82e6,deploy,4,8,False,
TF_Ablation_TrivyAllSeverities,20261002_164821_008b3de9,syntax,3,4,True,4.0
TF_Ablation_TrivyAllSeverities,20261002_164821_008b3de9,security,1,4,True,2.0
TF_Ablation_TrivyAllSeverities,20261002_165940_d94a5683,syntax,2,1,True,1.0
TF_Ablation_TrivyAllSeverities,20261002_165940_d94a5683,security,1,1,True,1.0
TF_Ablation_TrivyAllSeverities,20261002_165940_d94a5683,deploy,3,4,True,4.0
TF_Ablation_TrivyAllSeverities,20261002_171255_2f4ca31b,security,1,1,True,1.0
TF_Ablation_TrivyAllSeverities,20261002_171255_2f4ca31b,deploy,2,1,True,1.0
TF_Ablation_TrivyAllSeverities,20261002_171804_0ee4de2d,syntax,3,4,True,4.0
TF_Ablation_TrivyAllSeverities,20261002_171804_0ee4de2d,security,1,2,True,2.0
TF_Ablation_TrivyAllSeverities,20261002_172254_e59c5ec9,syntax,4,3,True,3.0
TF_Ablation_TrivyAllSeverities,20261002_172254_e59c5ec9,security,1,3,True,3.0
TF_Ablation_TrivyAllSeverities,20261002_173123_df620bfa,security,1,1,True,1.0
TF_IaCEval_DSV4F_LintOnly,20260908_172602_e24c343b,syntax,1,4,True,4.0
TF_IaCEval_DSV4F_LintOnly,20260908_182617_3506b286,syntax,1,2,True,2.0
TF_IaCEval_DSV4F_LintOnly,20260908_183411_4c96b0f7,syntax,1,1,True,1.0
TF_IaCEval_DSV4F_LintOnly,20260908_183654_32e26507,syntax,1,1,True,1.0
TF_IaCEval_DSV4F_LintOnly,20260908_184659_28888a6b,syntax,1,1,True,1.0
TF_IaCEval_DSV4F_LintOnly,20260908_185450_00ef8f2d,syntax,1,2,True,2.0
TF_IaCEval_DSV4F_LintOnly,20260908_195155_eb4d258a,syntax,1,1,True,1.0
TF_IaCEval_DSV4F_LintOnly,20260908_195628_288ac967,syntax,1,1,True,1.0
TF_IaCEval_DSV4F_LintOnly,20260908_201408_a00cdaa3,syntax,1,2,True,2.0
TF_IaCEval_DSV4F_LintOnly,20260908_202642_293a8499,syntax,1,2,True,2.0
TF_IaCEval_DSV4F_LintOnly,20260908_204221_0b109140,syntax,1,1,True,1.0
TF_IaCEval_DSV4F_LintOnly,20260908_204702_e9cd4f0c,syntax,1,2,True,2.0
TF_IaCEval_DSV4F_LintOnly,20260908_205053_e7886069,syntax,1,2,True,2.0
TF_IaCEval_DSV4F_LintOnly,20260908_205444_be858081,syntax,1,1,True,1.0
TF_IaCEval_DSV4F_LintOnly,20260908_205837_8e76b5ff,syntax,1,2,True,2.0
TF_IaCEval_DSV4F_LintOnly,20260908_210251_f979d985,syntax,1,1,True,1.0
TF_IaCEval_DSV4F_LintOnly,20260908_210845_9e6828ee,syntax,1,1,True,1.0
TF_IaCEval_DSV4F_LintOnly,20260908_211007_e79cdf1a,syntax,1,1,True,1.0
TF_IaCEval_DSV4F_LintOnly,20260908_211202_0e68a5b5,syntax,1,2,True,2.0
TF_IaCEval_DSV4F_LintOnly,20260908_211818_478b43ea,syntax,1,1,True,1.0
TF_IaCEval_DSV4F_LintOnly,20260908_212042_21033b1c,syntax,1,1,True,1.0
TF_IaCEval_DSV4F_LintOnly,20260908_212239_4315f974,syntax,1,3,True,3.0
TF_IaCEval_DSV4F_LintOnly,20260908_213141_58ea3c88,syntax,1,1,True,1.0
TF_IaCEval_DSV4F_LintOnly,20260908_213330_fae46dc7,syntax,1,4,True,4.0
TF_IaCEval_DSV4F_LintOnly,20260908_215150_fd62c72d,syntax,1,2,True,2.0
TF_IaCEval_DSV4F_LintOnly,20260908_215451_4428e3f3,syntax,1,4,True,4.0
TF_IaCEval_DSV4F_LintOnly,20260910_124315_7424134f,syntax,1,5,True,5.0
TF_IaCEval_DSV4F_LintOnly,20260910_124922_9a187456,syntax,1,3,True,3.0
TF_IaCEval_DSV4F_LintOnly,20260910_125708_f60159f3,syntax,1,3,True,3.0
TF_IaCEval_DSV4F_LintOnly,20260910_130805_0970949b,syntax,1,3,True,3.0
TF_IaCEval_DSV4F_LintOnly,20260910_131302_f7961af5,syntax,1,2,True,2.0
TF_IaCEval_DSV4F_LintOnly,20260910_131627_507984fa,syntax,1,6,True,6.0
TF_IaCEval_DSV4F_LintOnly,20260910_132327_dc0cb379,syntax,1,15,False,
TF_IaCEval_DSV4F_LintOnly,20260910_134342_9ef0a40a,syntax,1,3,True,3.0
TF_IaCEval_DSV4F_LintOnly,20260910_135610_0be73f2c,syntax,1,3,True,3.0
TF_IaCEval_DSV4F_LintOnly,20260910_140033_908e5fd7,syntax,1,6,True,6.0
TF_IaCEval_DSV4F_LintOnly,20260910_141859_cf626259,syntax,1,14,True,14.0
TF_IaCEval_DSV4F_LintOnly,20260910_143749_a6c9638f,syntax,1,3,True,3.0
TF_IaCEval_DSV4F_LintOnly,20260910_144510_4486d05e,syntax,1,3,True,3.0
TF_IaCEval_DSV4F_LintOnly,20260910_145643_f43246d6,syntax,1,4,True,4.0
TF_IaCEval_DSV4F_LintOnly,20260910_151807_e5afe05b,syntax,1,3,True,3.0
TF_IaCEval_DSV4F_LintOnly,20260910_152330_ceca6b58,syntax,1,6,True,6.0
TF_IaCEval_DSV4F_LintOnly,20260910_153658_eede8c03,syntax,1,15,False,
TF_IaCEval_DSV4F_LintOnly,20260910_155619_0072467a,syntax,1,3,True,3.0
TF_IaCEval_DSV4F_LintOnly,20260910_160438_651a7b8b,syntax,1,7,True,7.0
TF_IaCEval_DSV4F_LintOnly,20260910_161057_1dfff760,syntax,1,7,True,7.0
TF_IaCEval_DSV4F_LintOnly,20260910_162150_79746034,syntax,1,4,True,4.0
TF_IaCEval_DSV4F_LintOnly,20260910_162955_f7992002,syntax,1,2,True,2.0
TF_IaCEval_DSV4F_LintOnly,20260910_163353_3a64036a,syntax,1,6,True,6.0
TF_IaCEval_DSV4F_LintOnly,20260910_164325_8a42d234,syntax,1,2,True,2.0
TF_IaCEval_DSV4F_LintOnly,20260910_164537_61c83226,syntax,1,2,True,2.0
TF_IaCEval_DSV4F_LintOnly,20260910_165122_b7bf8486,syntax,1,3,True,3.0
TF_IaCEval_DSV4F_LintOnly,20260910_170023_4a2958cf,syntax,1,1,True,1.0
TF_IaCEval_DSV4F_LintOnly,20260910_170333_3bbe33c0,syntax,1,2,True,2.0
TF_IaCEval_DSV4F_LintOnly,20260910_171258_b04d048b,syntax,1,3,True,3.0
TF_IaCEval_DSV4F_LintOnly,20260910_171704_a555bf11,syntax,1,4,True,4.0
TF_IaCEval_DSV4F_LintOnly,20260910_172112_a10484aa,syntax,1,15,False,
TF_IaCEval_DSV4F_LintOnly,20260910_173817_54df8c3c,syntax,1,2,True,2.0
TF_IaCEval_DSV4F_LintOnly,20260910_174509_f3f3c8a3,syntax,1,12,True,12.0
TF_IaCEval_DSV4F_LintOnly,20260910_180618_b8b820f8,syntax,1,5,True,5.0
TF_IaCEval_DSV4F_LintOnly,20260910_181608_51bc3709,syntax,1,3,True,3.0
TF_IaCEval_DSV4F_LintOnly,20260910_182043_4c1b1344,syntax,1,1,True,1.0
TF_IaCEval_DSV4F_LintOnly,20260910_182221_0792607d,syntax,1,8,True,8.0
TF_IaCEval_DSV4F_LintOnly,20260910_183119_7463c1cb,syntax,1,5,True,5.0
TF_IaCEval_DSV4F_LintOnly,20260910_183833_d49ed2a0,syntax,1,2,True,2.0
TF_IaCEval_DSV4F_LintOnly,20260910_184102_5050b9ab,syntax,1,9,True,9.0
TF_IaCEval_DSV4F_LintOnly,20260910_190806_6f4ae3b7,syntax,1,2,True,2.0
TF_IaCEval_DSV4F_LintOnly,20260910_191239_30390379,syntax,1,6,True,6.0
TF_IaCEval_DSV4F_LintOnly,20260910_192156_df3498c7,syntax,1,1,True,1.0
TF_IaCEval_DSV4F_LintOnly,20260910_192315_11f2a5ff,syntax,1,3,True,3.0
TF_IaCEval_DSV4F_LintOnly,20260910_193422_56a74c97,syntax,1,4,True,4.0
TF_IaCEval_DSV4F_LintOnly,20260910_193828_e42633b3,syntax,1,2,True,2.0
TF_IaCEval_DSV4F_LintOnly,20260910_194049_906e9423,syntax,1,5,True,5.0
TF_IaCEval_DSV4F_LintOnly,20260910_195542_840fe1db,syntax,1,2,True,2.0
TF_IaCEval_DSV4F_LintOnly,20260910_200253_86df2715,syntax,1,3,True,3.0
TF_IaCEval_DSV4F_LintOnly,20260910_201008_9cf51f95,syntax,1,3,True,3.0
TF_IaCEval_DSV4F_LintOnly,20260910_201939_b595e414,syntax,1,1,True,1.0
TF_IaCEval_DSV4F_LintOnly,20260910_202228_2f62a7d3,syntax,1,2,True,2.0
TF_IaCEval_DSV4F_LintOnly,20260910_202628_231680e8,syntax,1,6,True,6.0
TF_IaCEval_DSV4F_LintOnly,20260910_205249_751e0db0,syntax,1,1,True,1.0
TF_IaCEval_DSV4F_LintOnly,20260910_205542_cbbf20d8,syntax,1,1,True,1.0
TF_IaCEval_DSV4F_LintOnly,20260910_210049_6b043270,syntax,1,1,True,1.0
TF_IaCEval_DSV4F_LintOnly,20260910_210447_55a288a6,syntax,1,4,True,4.0
TF_IaCEval_DSV4F_LintOnly,20260910_211310_0f17697d,syntax,1,15,False,
TF_IaCEval_DSV4F_LintOnly,20260910_214114_a038a3b0,syntax,1,3,True,3.0
TF_IaCEval_DSV4F_LintOnly,20260910_214618_80ce19cf,syntax,1,6,True,6.0
TF_IaCEval_DSV4F_LintOnly,20260910_215309_0b5663e3,syntax,1,1,True,1.0
TF_IaCEval_DSV4F_LintOnly,20260910_215506_b01becd8,syntax,1,3,True,3.0
TF_IaCEval_DSV4F_LintOnly,20260910_220539_9a48bc7f,syntax,1,15,False,
TF_IaCEval_DSV4F_LintOnly,20260910_223125_8472afd0,syntax,1,11,True,11.0
TF_IaCEval_DSV4F_LintOnly,20260910_225612_c3233ad7,syntax,1,3,True,3.0
TF_IaCEval_DSV4F_LintOnly,20260913_003019_ecaa2534,syntax,1,2,True,2.0
TF_IaCEval_DSV4F_LintOnly,20260913_003517_a9a1be98,syntax,1,4,True,4.0
TF_IaCEval_DSV4F_LintOnly,20260913_004700_6c668583,syntax,1,6,True,6.0
TF_IaCEval_DSV4F_LintOnly,20260913_010926_913f9c3a,syntax,1,3,True,3.0
TF_IaCEval_DSV4F_LintOnly,20260913_012300_e7636f7b,syntax,1,5,True,5.0
TF_IaCEval_DSV4F_LintOnly,20260913_012827_004dcf4a,syntax,1,3,True,3.0
TF_IaCEval_DSV4F_LintOnly,20260913_013248_aec775d0,syntax,1,2,True,2.0
TF_IaCEval_DSV4F_LintOnly,20260913_013857_92443f02,syntax,1,2,True,2.0
TF_IaCEval_DSV4F_LintOnly,20260913_014556_1b9fa284,syntax,1,3,True,3.0
TF_IaCEval_DSV4F_LintOnly,20260913_015012_fa7cfd84,syntax,1,1,True,1.0
TF_IaCEval_DSV4F_LintOnly,20260913_015259_77faa06d,syntax,1,4,True,4.0
TF_IaCEval_DSV4F_LintOnly,20260913_020118_c82b4577,syntax,1,2,True,2.0
TF_IaCEval_DSV4F_LintOnly,20260913_021626_9866c79f,syntax,1,5,True,5.0
TF_IaCEval_DSV4F_LintOnly,20260913_022344_33c54ffd,syntax,1,4,True,4.0
TF_IaCEval_DSV4F_LintOnly,20260913_023248_90de82a9,syntax,1,4,True,4.0
TF_IaCEval_DSV4F_LintOnly,20260913_024026_84e3f572,syntax,1,2,True,2.0
TF_IaCEval_DSV4F_LintOnly,20260913_024328_e3d0fe7b,syntax,1,2,True,2.0
TF_IaCEval_DSV4F_LintOnly,20260913_024736_ee91620c,syntax,1,10,True,10.0
TF_IaCEval_DSV4F_LintOnly,20260913_030408_2c84bff9,syntax,1,2,True,2.0
TF_IaCEval_DSV4F_LintOnly,20260913_030628_5adbf572,syntax,1,5,True,5.0
TF_IaCEval_DSV4F_LintOnly,20260913_031258_2f36da33,syntax,1,8,True,8.0
TF_IaCEval_DSV4F_LintOnly,20260913_031912_d272098d,syntax,1,5,True,5.0
TF_IaCEval_DSV4F_LintOnly,20260913_032800_d4c56cd6,syntax,1,1,True,1.0
TF_IaCEval_DSV4F_LintOnly,20260913_033003_b13beaa3,syntax,1,4,True,4.0
TF_IaCEval_DSV4F_LintOnly,20260913_034214_401b63a8,syntax,1,6,True,6.0
TF_IaCEval_DSV4F_LintOnly,20260913_035231_4e7e205d,syntax,1,4,True,4.0
TF_IaCEval_DSV4F_LintOnly,20260913_040347_d743dd8f,syntax,1,3,True,3.0
TF_IaCEval_DSV4F_LintOnly,20260913_040803_8a035000,syntax,1,5,True,5.0
TF_IaCEval_DSV4F_LintOnly,20260913_041747_b9e3e76f,syntax,1,4,True,4.0
TF_IaCEval_DSV4F_LintOnly,20260913_042219_fcc1dd88,syntax,1,1,True,1.0
TF_IaCEval_DSV4F_LintOnly,20260913_042359_a3e648a2,syntax,1,4,True,4.0
TF_IaCEval_DSV4F_LintOnly,20260913_043426_bc76ecec,syntax,1,1,True,1.0
TF_IaCEval_DSV4F_LintOnly,20260913_043802_55b96b22,syntax,1,3,True,3.0
TF_IaCEval_DSV4F_LintOnly,20260913_044200_0f7b0e24,syntax,1,1,True,1.0
TF_IaCEval_DSV4F_LintOnly,20260913_044431_b1dd3827,syntax,1,1,True,1.0
TF_IaCEval_DSV4F_LintOnly,20260913_045629_590fd38e,syntax,1,5,True,5.0
TF_IaCEval_DSV4F_LintOnly,20260913_052334_d4b07cb0,syntax,1,2,True,2.0
TF_IaCEval_DSV4F_LintOnly,20260913_052926_bf9e8f77,syntax,1,2,True,2.0
TF_IaCEval_DSV4F_LintOnly,20260913_053213_f6e4dd59,syntax,1,3,True,3.0
TF_IaCEval_DSV4F_LintOnly,20260913_053600_9cca4920,syntax,1,3,True,3.0
TF_IaCEval_DSV4F_LintOnly,20260913_054205_e10fc1d4,syntax,1,1,True,1.0
TF_IaCEval_DSV4F_LintOnly,20260913_054615_f1123e98,syntax,1,14,True,14.0
TF_IaCEval_DSV4F_LintOnly,20260913_060125_19eef2ba,syntax,1,3,True,3.0
TF_IaCEval_DSV4F_LintOnly,20260913_060608_d8d2c5ff,syntax,1,4,True,4.0
TF_IaCEval_DSV4F_LintOnly,20260913_061403_25ae2cf1,syntax,1,2,True,2.0
TF_IaCEval_DSV4F_LintOnly,20260913_061656_10b0c51b,syntax,1,2,True,2.0
TF_IaCEval_DSV4F_LintOnly,20260913_061933_a19d0d21,syntax,1,7,True,7.0
TF_IaCEval_DSV4F_LintOnly,20260913_063415_9615d533,syntax,1,1,True,1.0
TF_IaCEval_DSV4F_LintOnly,20260913_063842_edbf7858,syntax,1,1,True,1.0
TF_IaCEval_DSV4F_LintOnly,20260913_064428_8ad9acf7,syntax,1,2,True,2.0
TF_IaCEval_DSV4F_LintOnly,20260913_065656_f0a13767,syntax,1,6,True,6.0
TF_IaCEval_DSV4F_LintOnly,20260913_071143_a483b6f6,syntax,1,2,True,2.0
TF_IaCEval_DSV4F_LintOnly,20260913_071429_459677fd,syntax,1,3,True,3.0
TF_IaCEval_DSV4F_LintOnly,20260913_072350_8ea1f9cf,syntax,1,2,True,2.0
TF_IaCEval_DSV4F_LintOnly,20260913_072658_fd8ea9ae,syntax,1,1,True,1.0
TF_IaCEval_DSV4F_LintOnly,20260913_073003_f16ae377,syntax,1,3,True,3.0
TF_IaCEval_DSV4F_LintOnly,20260913_073447_59adb37e,syntax,1,3,True,3.0
TF_IaCEval_DSV4F_LintOnly,20260913_073903_55190fe0,syntax,1,1,True,1.0
TF_IaCEval_DSV4F_LintOnly,20260913_074138_83632add,syntax,1,3,True,3.0
TF_IaCEval_DSV4F_LintOnly,20260913_074516_ba308e75,syntax,1,2,True,2.0
TF_IaCEval_DSV4F_LintOnly,20260913_074857_9d4113ed,syntax,1,4,True,4.0
TF_IaCEval_DSV4F_LintOnly,20260913_075504_102aa1b8,syntax,1,4,True,4.0
TF_IaCEval_DSV4F_LintOnly,20260913_075921_53a46ed8,syntax,1,2,True,2.0
TF_IaCEval_DSV4F_LintOnly,20260913_080328_2864ceaa,syntax,1,4,True,4.0
TF_IaCEval_DSV4F_LintOnly,20260913_081036_36da0c7f,syntax,1,3,True,3.0
TF_IaCEval_DSV4F_LintOnly,20260913_081355_bc97dceb,syntax,1,4,True,4.0
TF_IaCEval_DSV4F_LintOnly,20260913_082304_d76047d1,syntax,1,5,True,5.0
TF_IaCEval_DSV4F_LintOnly,20260913_082831_3dc0e858,syntax,1,2,True,2.0
TF_IaCEval_DSV4F_LintOnly,20260913_083603_02763556,syntax,1,6,True,6.0
TF_IaCEval_DSV4F_LintOnly,20260913_084351_0d5fbc0f,syntax,1,3,True,3.0
TF_IaCEval_DSV4F_LintOnly,20260913_085046_b6938b99,syntax,1,1,True,1.0
TF_IaCEval_DSV4F_LintOnly,20260913_085310_9764b309,syntax,1,4,True,4.0
TF_IaCEval_DSV4F_LintOnly,20260913_090018_07b281ca,syntax,1,2,True,2.0
TF_IaCEval_DSV4F_LintOnly,20260913_090536_0977bba6,syntax,1,3,True,3.0
TF_IaCEval_DSV4F_LintOnly,20260913_090859_ff15e132,syntax,1,1,True,1.0
TF_IaCEval_DSV4F_LintOnly,20260913_091405_55163042,syntax,1,4,True,4.0
TF_IaCEval_DSV4F_LintOnly,20260913_091742_239b91e6,syntax,1,1,True,1.0
TF_IaCEval_DSV4F_LintOnly,20260913_091911_170a66fe,syntax,1,1,True,1.0
TF_IaCEval_DSV4F_LintOnly,20260913_092026_9ea780c2,syntax,1,5,True,5.0
TF_IaCEval_DSV4F_LintOnly,20260913_092703_f01e4951,syntax,1,3,True,3.0
TF_IaCEval_DSV4F_LintOnly,20260913_093221_fab0ff8a,syntax,1,7,True,7.0
TF_IaCEval_DSV4F_LintOnly,20260913_093958_26d7fcb1,syntax,1,2,True,2.0
TF_IaCEval_DSV4F_LintOnly,20260913_094429_846cc32d,syntax,1,2,True,2.0
TF_IaCEval_DSV4F_LintOnly,20260913_094934_36307bc4,syntax,1,4,True,4.0
TF_IaCEval_DSV4F_LintOnly,20260913_095956_7cb5c033,syntax,1,2,True,2.0
TF_IaCEval_DSV4F_LintOnly,20260913_100606_b9be1d1b,syntax,1,1,True,1.0
TF_IaCEval_DSV4F_LintOnly,20260913_100658_8ae9513c,syntax,1,4,True,4.0
TF_IaCEval_DSV4F_LintOnly,20260913_101003_6c5813a2,syntax,1,4,True,4.0
TF_IaCEval_DSV4F_LintOnly,20260913_101259_fef47540,syntax,1,3,True,3.0
TF_IaCEval_DSV4F_LintOnly,20260913_102013_2558a6fa,syntax,1,1,True,1.0
TF_IaCEval_DSV4F_LintOnly,20260913_102119_dad843f1,syntax,1,1,True,1.0
TF_IaCEval_DSV4F_LintOnly,20260913_102443_b3ff8676,syntax,1,4,True,4.0
TF_IaCEval_DSV4F_LintOnly,20260913_103128_10532ee7,syntax,1,4,True,4.0
TF_IaCEval_DSV4F_LintOnly,20260913_103527_829c454d,syntax,1,1,True,1.0
TF_IaCEval_DSV4F_LintOnly,20260913_103715_46becfc4,syntax,1,1,True,1.0
TF_IaCEval_DSV4F_LintOnly,20260913_103821_de1a37bf,syntax,1,2,True,2.0
TF_IaCEval_DSV4F_LintOnly,20260913_104013_2882b78e,syntax,1,4,True,4.0
TF_IaCEval_DSV4F_LintOnly,20260913_104507_306178de,syntax,1,1,True,1.0
TF_IaCEval_DSV4F_LintOnly,20260913_104615_b16a8c4a,syntax,1,1,True,1.0
TF_IaCEval_DSV4F_LintOnly,20260913_104836_2d6f5002,syntax,1,4,True,4.0
TF_IaCEval_DSV4F_LintOnly,20260913_124917_691b267d,syntax,1,3,True,3.0
TF_IaCEval_DSV4F_LintOnly,20260913_133220_861cd39c,syntax,1,3,True,3.0
TF_IaCEval_DSV4F_LintOnly,20260913_133936_7d5657cb,syntax,1,3,True,3.0
TF_IaCEval_DSV4F_LintOnly,20260913_135641_bd3b6378,syntax,1,3,True,3.0
TF_IaCEval_DSV4F_LintOnly,20260913_144209_56142cda,syntax,1,1,True,1.0
TF_IaCEval_DSV4F_LintOnly,20260913_163325_df984efd,syntax,1,6,True,6.0
TF_IaCEval_DSV4F_LintOnly,20260913_165504_cbc5f5b4,syntax,1,4,True,4.0
TF_IaCEval_DSV4F_LintOnly,20260913_170203_9a607a8d,syntax,1,3,True,3.0
TF_IaCEval_DSV4F_LintOnly,20260913_170557_357f0c51,syntax,1,2,True,2.0
TF_IaCEval_DSV4F_LintOnly,20260913_170936_36e71a3b,syntax,1,2,True,2.0
TF_IaCEval_DSV4F_LintOnly,20260913_171240_688874c1,syntax,1,6,True,6.0
TF_IaCEval_DSV4F_LintOnly,20260913_171906_48968136,syntax,1,5,True,5.0
TF_IaCEval_DSV4F_LintOnly,20260913_172536_92c68fae,syntax,1,3,True,3.0
TF_IaCEval_DSV4F_LintOnly,20260913_173435_8af32e8c,syntax,1,5,True,5.0
TF_IaCEval_DSV4F_LintOnly,20260913_173845_b7e1f873,syntax,1,3,True,3.0
TF_IaCEval_DSV4F_LintOnly,20260913_174202_35586d3a,syntax,1,6,True,6.0
TF_IaCEval_DSV4F_LintOnly,20260913_174715_b239397a,syntax,1,3,True,3.0
TF_IaCEval_DSV4F_LintOnly,20260913_175058_ee6c620a,syntax,1,4,True,4.0
TF_IaCEval_DSV4F_LintOnly,20260913_175724_3232049c,syntax,1,1,True,1.0
TF_IaCEval_DSV4F_LintOnly,20260913_175847_e1b1f088,syntax,1,4,True,4.0
TF_IaCEval_DSV4F_LintOnly,20260913_180345_7f139d26,syntax,1,1,True,1.0
TF_IaCEval_DSV4F_LintOnly,20260913_180451_6be6c692,syntax,1,4,True,4.0
TF_IaCEval_DSV4F_LintOnly,20260913_180956_a2e2c394,syntax,1,6,True,6.0
TF_IaCEval_DSV4F_LintOnly,20260913_181533_42d14933,syntax,1,4,True,4.0
TF_IaCEval_DSV4F_LintOnly,20260913_181912_b4b8a859,syntax,1,3,True,3.0
TF_IaCEval_DSV4F_LintOnly,20260913_182239_419ee039,syntax,1,2,True,2.0
TF_IaCEval_DSV4F_LintOnly,20260913_182524_66f9dbea,syntax,1,8,True,8.0
TF_IaCEval_DSV4F_LintOnly,20260913_183055_5391b721,syntax,1,1,True,1.0
TF_IaCEval_DSV4F_LintOnly,20260913_183221_3cdb06a7,syntax,1,3,True,3.0
TF_IaCEval_DSV4F_LintOnly,20260913_183516_f680af4f,syntax,1,6,True,6.0
TF_IaCEval_DSV4F_LintOnly,20260913_184453_cbffddbe,syntax,1,6,True,6.0
TF_IaCEval_DSV4F_LintOnly,20260913_184944_0f488238,syntax,1,5,True,5.0
TF_IaCEval_DSV4F_LintOnly,20260913_185453_05ad99e7,syntax,1,6,True,6.0
TF_IaCEval_DSV4F_LintOnly,20260913_190108_44269c38,syntax,1,2,True,2.0
TF_IaCEval_DSV4F_LintOnly,20260913_190433_24ec5c35,syntax,1,3,True,3.0
TF_IaCEval_DSV4F_LintOnly,20260913_191027_6fb79633,syntax,1,2,True,2.0
TF_IaCEval_DSV4F_LintOnly,20260913_191306_c384656b,syntax,1,3,True,3.0
TF_IaCEval_DSV4F_LintOnly,20260913_192150_4800f48c,syntax,1,4,True,4.0
TF_IaCEval_DSV4F_LintOnly,20260913_192908_ea4a4c6b,syntax,1,1,True,1.0
TF_IaCEval_DSV4F_LintOnly,20260913_193431_cf8ec1c8,syntax,1,6,True,6.0
TF_IaCEval_DSV4F_LintOnly,20260913_193958_9c502712,syntax,1,1,True,1.0
TF_IaCEval_DSV4F_LintOnly,20260913_194211_d199e532,syntax,1,2,True,2.0
TF_IaCEval_DSV4F_LintOnly,20260913_194706_49f8cb00,syntax,1,5,True,5.0
TF_IaCEval_DSV4F_LintOnly,20260913_195035_76156328,syntax,1,1,True,1.0
TF_IaCEval_DSV4F_LintOnly,20260913_195405_d05be6bd,syntax,1,4,True,4.0
TF_IaCEval_DSV4F_LintOnly,20260913_200334_088b30da,syntax,1,1,True,1.0
TF_IaCEval_DSV4F_LintOnly,20260913_200605_27312a77,syntax,1,5,True,5.0
TF_IaCEval_DSV4F_LintOnly,20260913_234820_40ec7e85,syntax,1,3,True,3.0
TF_IaCEval_DSV4F_LintOnly,20260914_000701_c66b7548,syntax,1,18,True,18.0
TF_IaCEval_DSV4F_LintOnly,20260914_014152_a6579f4d,syntax,1,2,True,2.0
TF_IaCEval_DSV4F_LintOnly,20260914_020156_06db88fe,syntax,1,6,True,6.0
TF_IaCEval_DSV4F_LintOnly,20260914_022847_14696561,syntax,1,3,True,3.0
TF_IaCEval_DSV4F_LintOnly,20260914_032852_d52d50dc,syntax,1,2,True,2.0
TF_IaCEval_DSV4F_LintOnly,20260914_033115_96e9625a,syntax,1,28,True,28.0
TF_IaCEval_DSV4F_LintOnly,20260914_060049_b5558f4f,syntax,1,3,True,3.0
TF_IaCEval_DSV4F_LintOnly,20260914_064734_a9b6ebb4,syntax,1,8,True,8.0
TF_IaCEval_DSV4F_LintOnly,20260914_074648_3077aaa3,syntax,1,7,True,7.0
TF_IaCEval_DSV4F_LintOnly,20260914_081229_1c17b793,syntax,1,2,True,2.0
TF_IaCEval_DSV4F_LintOnly,20260914_084421_e671bc97,syntax,1,5,True,5.0
TF_IaCEval_DSV4F_LintOnly,20260914_095625_604c4112,syntax,1,24,True,24.0
TF_IaCEval_DSV4F_LintOnly,20260914_115702_bc9b6a25,syntax,1,1,True,1.0
TF_IaCEval_DSV4F_LintOnly,20260914_125336_bdc6b62e,syntax,1,3,True,3.0
TF_IaCEval_DSV4F_LintOnly,20260914_155354_745d39e2,syntax,1,2,True,2.0
TF_IaCEval_DSV4F_LintOnly,20260914_155714_7b3ad992,syntax,1,2,True,2.0
TF_IaCEval_DSV4F_LintOnly,20260916_152039_b1b714eb,syntax,1,20,True,20.0
TF_IaCEval_DSV4F_LintOnly,20260916_210514_06ea4419,syntax,1,1,True,1.0
TF_RealAWS_DSV4F,20260901_174419_a68986ca,syntax,1,2,True,2.0
TF_RealAWS_DSV4F,20260901_184021_fcfea048,syntax,1,1,True,1.0
TF_RealAWS_DSV4F,20260901_204458_6f9b833f,syntax,1,2,True,2.0
TF_RealAWS_DSV4F,20260901_225633_fff8ebc0,syntax,4,1,True,1.0
TF_RealAWS_DSV4F,20260901_225633_fff8ebc0,security,1,2,True,2.0
TF_RealAWS_DSV4F,20260901_225633_fff8ebc0,deploy,3,1,True,2.0
TF_RealAWS_DSV4F,20260902_003346_5b3b2929,syntax,1,1,True,1.0
TF_RealAWS_DSV4F,20260902_014351_1aee9f2b,syntax,1,1,True,1.0
TF_RealAWS_DSV4F,20260902_015126_d254c3e8,security,1,1,True,1.0
TF_RealAWS_DSV4F,20260902_015636_0fe41b54,syntax,1,2,True,2.0
TF_RealAWS_DSV4F,20260902_023839_60b105b0,syntax,1,1,True,1.0
TF_RealAWS_DSV4F,20260902_023839_60b105b0,deploy,2,1,True,1.0
TF_RealAWS_DSV4F,20260902_030809_da628729,security,1,1,True,1.0
TF_RealAWS_DSV4F,20260902_044011_2d4d0529,security,1,1,True,1.0
TF_RealAWS_DSV4F,20260902_060819_70cc64ba,syntax,1,1,True,1.0
TF_RealAWS_DSV4F,20260902_060819_70cc64ba,deploy,2,2,True,2.0
TF_RealAWS_DSV4F,20260902_061541_620b7207,syntax,1,4,True,3.0
TF_RealAWS_DSV4F,20260902_061541_620b7207,deploy,4,2,True,3.0
TF_RealAWS_DSV4F,20260902_072252_e64b9210,syntax,1,2,True,2.0
TF_RealAWS_DSV4F,20260902_072252_e64b9210,deploy,3,2,True,2.0
TF_RealAWS_DSV4F,20260902_074304_33018a71,syntax,1,2,True,2.0
TF_RealAWS_DSV4F,20260902_074304_33018a71,security,3,1,True,1.0
TF_RealAWS_DSV4F,20260902_074304_33018a71,deploy,4,2,True,2.0
TF_RealAWS_DSV4F,20260902_082110_b417f7e8,syntax,1,1,True,1.0
TF_RealAWS_DSV4F,20260902_082110_b417f7e8,security,2,1,True,1.0
TF_RealAWS_DSV4F,20260902_084812_3e4c4d40,deploy,1,2,True,2.0
TF_RealAWS_DSV4F,20260902_090440_1de657c4,syntax,1,2,True,2.0
TF_RealAWS_DSV4F,20260902_090440_1de657c4,security,3,1,True,1.0
TF_RealAWS_DSV4F,20260902_091543_5ea5b24a,syntax,1,3,True,2.0
TF_RealAWS_DSV4F,20260902_091543_5ea5b24a,security,3,1,True,1.0
TF_RealAWS_DSV4F,20260902_091543_5ea5b24a,deploy,4,6,True,7.0
TF_RealAWS_DSV4F,20260902_104227_0ea4bd5a,syntax,1,1,True,1.0
TF_RealAWS_DSV4F,20260902_104227_0ea4bd5a,security,2,1,True,1.0
TF_RealAWS_DSV4F,20260902_104227_0ea4bd5a,deploy,3,1,True,1.0
TF_RealAWS_DSV4F,20260902_170400_25d779c8,syntax,1,1,True,1.0
TF_RealAWS_DSV4F,20260902_170645_d60f9ace,syntax,1,1,True,1.0
TF_RealAWS_DSV4F,20260902_230906_cd03828f,syntax,1,4,True,2.0
TF_RealAWS_DSV4F,20260902_230906_cd03828f,deploy,3,7,True,9.0
TF_RealAWS_DSV4F,20260903_000729_41db3b78,syntax,1,2,True,2.0
TF_RealAWS_DSV4F,20260903_000729_41db3b78,security,3,1,True,1.0
TF_RealAWS_DSV4F,20260903_000729_41db3b78,deploy,4,1,True,1.0
TF_RealAWS_DSV4F,20260903_024044_b6ac39fd,syntax,1,1,True,1.0
TF_RealAWS_DSV4F,20260903_024044_b6ac39fd,security,2,1,True,1.0
TF_RealAWS_DSV4F,20260903_024044_b6ac39fd,deploy,3,4,True,4.0
TF_RealAWS_DSV4F,20260903_030830_30fdfa8c,syntax,1,1,True,1.0
TF_RealAWS_DSV4F,20260903_030830_30fdfa8c,deploy,2,12,True,12.0
TF_RealAWS_DSV4F,20260903_052137_594966bb,syntax,1,1,True,1.0
TF_RealAWS_DSV4F,20260903_052137_594966bb,deploy,2,4,True,4.0
TF_RealAWS_DSV4F,20260903_054515_9699ee77,syntax,1,2,True,2.0
TF_RealAWS_DSV4F,20260903_054515_9699ee77,security,3,13,False,
TF_RealAWS_DSV4F,20260903_060302_941567fb,syntax,1,2,True,2.0
TF_RealAWS_DSV4F,20260903_060302_941567fb,deploy,3,7,True,7.0
TF_RealAWS_DSV4F,20260903_065601_b66b9b47,syntax,1,1,True,1.0
TF_RealAWS_DSV4F,20260903_072656_e8935b75,security,1,1,True,1.0
TF_RealAWS_DSV4F,20260903_072656_e8935b75,deploy,2,3,True,3.0
TF_RealAWS_DSV4F,20260903_080016_bb46743c,syntax,1,1,True,1.0
TF_RealAWS_DSV4F,20260903_080016_bb46743c,deploy,2,3,True,3.0
TF_RealAWS_DSV4F,20260903_082120_edd28b2f,deploy,1,1,True,1.0
TF_RealAWS_DSV4F,20260903_170011_5ddda5b6,syntax,1,5,True,5.0
TF_RealAWS_DSV4F,20260903_170011_5ddda5b6,security,6,1,True,1.0
TF_RealAWS_DSV4F,20260903_172347_00290788,syntax,1,1,True,1.0
TF_RealAWS_DSV4F,20260903_172818_9bbb26ed,syntax,1,1,True,1.0
TF_RealAWS_DSV4F,20260903_172818_9bbb26ed,security,2,1,True,1.0
TF_RealAWS_DSV4F,20260903_172818_9bbb26ed,deploy,3,2,True,2.0
TF_RealAWS_DSV4F,20260903_173843_622554d3,syntax,1,1,True,1.0
TF_RealAWS_DSV4F,20260903_173843_622554d3,security,2,1,True,1.0
TF_RealAWS_DSV4F,20260903_173843_622554d3,deploy,3,1,True,1.0
TF_RealAWS_DSV4F,20260903_190301_99951af2,syntax,4,1,True,1.0
TF_RealAWS_DSV4F,20260903_190301_99951af2,security,1,1,True,1.0
TF_RealAWS_DSV4F,20260903_190301_99951af2,deploy,2,7,True,8.0
TF_RealAWS_DSV4F,20260903_203645_549d7d4b,deploy,1,2,True,2.0
TF_RealAWS_DSV4F,20260903_210756_0da6cda6,syntax,1,2,True,2.0
TF_RealAWS_DSV4F,20260903_210756_0da6cda6,deploy,3,1,True,1.0
TF_RealAWS_DSV4F,20260907_153158_26e50723,syntax,3,2,True,2.0
TF_RealAWS_DSV4F,20260907_153158_26e50723,security,1,1,True,1.0
TF_RealAWS_DSV4F,20260907_153158_26e50723,deploy,2,2,True,4.0
TF_RealAWS_DSV4F,20260908_225321_acd38933,syntax,1,3,True,3.0
TF_RealAWS_DSV4F,20260908_225321_acd38933,deploy,4,3,True,3.0
TF_RealAWS_DSV4F,20260909_000935_0a08c2ee,deploy,1,2,True,2.0
TF_RealAWS_DSV4F,20260909_001857_85192150,syntax,1,2,True,2.0
TF_RealAWS_DSV4F,20260909_001857_85192150,security,3,1,True,1.0
TF_RealAWS_DSV4F,20260909_003650_70106351,syntax,1,4,True,4.0
TF_RealAWS_DSV4F,20260909_003650_70106351,security,5,1,True,1.0
TF_RealAWS_DSV4F,20260909_003650_70106351,deploy,6,4,True,4.0
TF_RealAWS_DSV4F,20260909_112751_b52f7f17,syntax,1,3,True,3.0
TF_RealAWS_DSV4F,20260909_112751_b52f7f17,deploy,4,3,True,3.0
TF_RealAWS_DSV4F,20260909_120723_be5b103a,syntax,1,8,True,8.0
TF_RealAWS_DSV4F,20260909_120723_be5b103a,deploy,9,2,True,2.0
TF_RealAWS_DSV4F,20260909_125342_75033b8f,syntax,1,4,True,4.0
TF_RealAWS_DSV4F,20260909_125342_75033b8f,security,5,1,True,1.0
TF_RealAWS_DSV4F,20260909_171127_7704fac9,syntax,1,4,True,4.0
TF_RealAWS_DSV4F,20260909_171127_7704fac9,security,5,1,True,1.0
TF_RealAWS_DSV4F,20260909_171127_7704fac9,deploy,6,2,True,2.0
TF_RealAWS_DSV4F,20260909_181511_aa752146,syntax,1,2,True,2.0
TF_RealAWS_DSV4F,20260909_181511_aa752146,security,3,1,True,1.0
TF_RealAWS_DSV4F,20260909_182531_7d27c80a,syntax,1,2,True,2.0
TF_RealAWS_DSV4F,20260909_182531_7d27c80a,security,3,1,True,1.0
TF_RealAWS_DSV4F,20260909_212028_d80b5ef2,syntax,1,5,True,3.0
TF_RealAWS_DSV4F,20260909_212028_d80b5ef2,security,4,3,True,1.0
TF_RealAWS_DSV4F,20260909_212028_d80b5ef2,deploy,5,7,False,
TF_RealAWS_DSV4F,20260920_170550_81a57e97,deploy,1,1,True,1.0
TF_RealAWS_DSV4F,20260920_171553_372ef8a3,syntax,1,2,True,2.0
TF_RealAWS_DSV4F,20260920_171553_372ef8a3,deploy,3,3,True,3.0
TF_RealAWS_DSV4F,20260920_174513_560906ad,syntax,1,1,True,1.0
TF_RealAWS_DSV4F,20260920_174513_560906ad,deploy,2,1,True,1.0
TF_RealAWS_DSV4F,20260920_182517_ae04ae59,deploy,1,1,True,1.0
TF_RealAWS_DSV4F,20260920_185951_53f6d7b2,syntax,1,1,True,1.0
TF_RealAWS_DSV4F,20260920_205340_09e274b9,syntax,1,10,True,10.0
TF_RealAWS_DSV4F,20260920_212211_c4dd4378,syntax,1,2,True,2.0
TF_RealAWS_DSV4F,20260920_215810_6b43094d,deploy,1,2,True,2.0
TF_RealAWS_DSV4F,20260920_233845_5b4113f1,syntax,1,1,True,1.0
TF_RealAWS_DSV4F,20260920_235640_86dce969,syntax,2,12,True,3.0
TF_RealAWS_DSV4F,20260920_235640_86dce969,security,1,1,True,1.0
TF_RealAWS_DSV4F,20260920_235640_86dce969,deploy,5,2,False,
TF_RealAWS_DSV4F,20260921_003340_1e6dd3ae,syntax,2,1,True,1.0
TF_RealAWS_DSV4F,20260921_003340_1e6dd3ae,deploy,1,1,True,2.0
TF_RealAWS_DSV4F,20260921_004739_0b03cb4c,security,1,1,True,1.0
TF_RealAWS_DSV4F,20260921_013117_d4a81788,deploy,1,2,True,2.0
TF_RealAWS_DSV4F,20260921_015426_069f7380,syntax,1,9,True,8.0
TF_RealAWS_DSV4F,20260921_015426_069f7380,security,9,1,True,1.0
TF_RealAWS_DSV4F,20260921_021134_f24fa078,syntax,1,2,True,2.0
TF_RealAWS_DSV4F,20260921_021134_f24fa078,security,3,1,True,1.0
TF_RealAWS_DSV4F,20260921_021134_f24fa078,deploy,4,8,True,8.0
TF_RealAWS_DSV4F,20260921_034117_72dbcdd9,syntax,1,9,True,9.0
TF_RealAWS_DSV4F,20260921_041208_9fefdc88,deploy,1,1,True,1.0
TF_RealAWS_DSV4F,20260921_044613_e320919e,syntax,1,2,True,2.0
TF_RealAWS_DSV4F,20260921_064457_56bea55e,deploy,1,1,True,1.0
TF_RealAWS_DSV4F,20260921_065855_04bc6ed5,syntax,1,1,True,1.0
TF_RealAWS_DSV4F,20260921_065855_04bc6ed5,deploy,2,1,True,1.0
TF_RealAWS_DSV4F,20260921_072602_fa4a3db3,syntax,1,2,True,2.0
TF_RealAWS_DSV4F,20260921_072602_fa4a3db3,deploy,3,1,True,1.0
TF_RealAWS_DSV4F,20260921_074420_2d741b69,syntax,1,3,True,3.0
TF_RealAWS_DSV4F,20260921_074420_2d741b69,security,4,1,True,1.0
TF_RealAWS_DSV4F,20260921_084929_21970270,syntax,1,1,True,1.0
TF_RealAWS_DSV4F,20260921_110157_5b4c875f,syntax,2,1,True,1.0
TF_RealAWS_DSV4F,20260921_110157_5b4c875f,deploy,1,1,True,2.0
TF_RealAWS_DSV4F,20260921_111555_c979d73f,syntax,1,1,True,1.0
TF_RealAWS_DSV4F,20260921_111555_c979d73f,security,2,1,True,1.0
TF_RealAWS_DSV4F,20260921_124747_ec323fa4,syntax,5,1,True,1.0
TF_RealAWS_DSV4F,20260921_124747_ec323fa4,deploy,1,8,True,9.0
TF_RealAWS_DSV4F,20260921_142955_ad03e229,syntax,1,2,True,2.0
TF_RealAWS_DSV4F,20260921_142955_ad03e229,deploy,3,3,True,3.0
TF_RealAWS_DSV4F,20260921_152701_ac1167ef,security,1,1,True,1.0
TF_RealAWS_DSV4F,20260921_160624_4792401d,syntax,1,2,True,2.0
TF_RealAWS_DSV4F,20260921_160624_4792401d,security,3,1,True,1.0
TF_RealAWS_DSV4F,20260921_173532_68ac5cdd,syntax,1,1,True,1.0
TF_RealAWS_DSV4F,20260921_173532_68ac5cdd,deploy,2,4,True,4.0
TF_RealAWS_DSV4F,20260921_190735_50280a64,syntax,1,3,True,2.0
TF_RealAWS_DSV4F,20260921_190735_50280a64,deploy,3,8,True,9.0
TF_RealAWS_DSV4F,20260922_000044_c7605c1f,deploy,1,3,True,3.0
TF_RealAWS_DSV4F,20260922_012340_d5800a08,syntax,1,1,True,1.0
TF_RealAWS_DSV4F,20260922_012340_d5800a08,security,2,1,True,1.0
TF_RealAWS_DSV4F,20260922_012340_d5800a08,deploy,3,6,True,6.0
TF_RealAWS_DSV4F,20260922_041838_f9410c61,syntax,1,1,True,1.0
TF_RealAWS_DSV4F,20260922_041838_f9410c61,deploy,2,1,True,1.0
TF_RealAWS_DSV4F,20260922_051212_fe217772,syntax,1,1,True,1.0
TF_RealAWS_DSV4F,20260922_083023_07457782,syntax,1,1,True,1.0
TF_RealAWS_DSV4F,20260922_085215_4484aa41,security,1,1,True,1.0
TF_RealAWS_DSV4F,20260922_101316_c0c18c99,security,1,1,True,1.0
TF_RealAWS_DSV4F,20260922_112956_7d6a50cf,syntax,1,2,True,2.0
TF_RealAWS_DSV4F,20260922_112956_7d6a50cf,deploy,3,1,True,1.0
TF_RealAWS_DSV4F,20260922_120524_e8ce357d,security,1,1,True,1.0
TF_RealAWS_DSV4F,20260922_120524_e8ce357d,deploy,2,5,True,5.0
TF_RealAWS_DSV4F,20260922_144140_3370857c,syntax,1,3,True,3.0
TF_RealAWS_DSV4F,20260922_144140_3370857c,deploy,4,3,True,3.0
TF_RealAWS_DSV4F,20260922_154146_e7ee94ba,syntax,1,1,True,1.0
TF_RealAWS_DSV4F,20260922_154146_e7ee94ba,deploy,2,1,True,1.0
TF_RealAWS_DSV4F,20260922_155538_affe66f5,security,1,1,True,1.0
TF_RealAWS_DSV4F,20260922_155538_affe66f5,deploy,2,1,True,1.0
TF_RealAWS_DSV4F,20260923_000537_8c7981ba,syntax,1,1,True,1.0
TF_RealAWS_DSV4F,20260923_000537_8c7981ba,security,2,1,True,1.0
TF_RealAWS_DSV4F,20260923_000537_8c7981ba,deploy,3,13,False,
TF_RealAWS_DSV4F,20260923_022708_cf0d0280,deploy,1,1,True,1.0
TF_RealAWS_DSV4F,20260923_023541_c3136654,syntax,1,1,True,1.0
TF_RealAWS_DSV4F,20260923_023541_c3136654,security,2,1,True,1.0
TF_RealAWS_DSV4F,20260923_025145_fd2c3a1b,syntax,1,1,True,1.0
TF_RealAWS_DSV4F,20260923_025145_fd2c3a1b,deploy,2,2,True,2.0
TF_RealAWS_DSV4F,20260923_033659_56c5f74c,security,1,1,True,1.0
TF_RealAWS_DSV4F,20260923_034506_65ca64c0,syntax,1,1,True,1.0
TF_RealAWS_DSV4F,20260923_035122_10395d51,deploy,1,1,True,1.0
TF_RealAWS_DSV4F,20260923_040219_e01aa5f9,syntax,1,2,True,2.0
TF_RealAWS_DSV4F,20260923_040219_e01aa5f9,security,3,1,True,1.0
TF_RealAWS_DSV4F,20260923_041210_fb5b4877,syntax,1,2,True,2.0
TF_RealAWS_DSV4F,20260923_041210_fb5b4877,deploy,3,2,True,2.0
TF_RealAWS_DSV4F,20260923_101033_82aebd80,syntax,1,1,True,1.0
TF_RealAWS_DSV4F,20260923_101715_903bcd1c,syntax,1,1,True,1.0
TF_RealAWS_DSV4F,20260923_102838_5c6687ce,security,1,4,True,4.0
TF_RealAWS_DSV4F,20260923_102838_5c6687ce,deploy,5,1,True,1.0
TF_RealAWS_DSV4F,20260923_104628_24da92cd,syntax,1,1,True,1.0
TF_RealAWS_DSV4F,20260923_104628_24da92cd,security,2,1,True,1.0
TF_RealAWS_DSV4F,20260923_105449_70248971,security,1,1,True,1.0
TF_RealAWS_DSV4F,20260923_110059_5a8356c1,syntax,1,1,True,1.0
TF_RealAWS_DSV4F,20260923_110059_5a8356c1,security,2,1,True,1.0
TF_RealAWS_DSV4F,20260923_110059_5a8356c1,deploy,3,2,True,2.0
TF_RealAWS_DSV4F,20260923_114900_7f08548f,syntax,1,1,True,1.0
TF_RealAWS_DSV4F,20260923_115554_435c6348,deploy,1,2,True,2.0
TF_RealAWS_DSV4F,20260923_122414_ea823d56,security,1,1,True,1.0
TF_RealAWS_DSV4F,20260923_124347_70d387ae,security,1,1,True,1.0
TF_RealAWS_DSV4F,20260923_125022_f681f0ca,security,1,1,True,1.0
TF_RealAWS_DSV4F,20260923_130120_ab89d7d2,syntax,1,1,True,1.0
TF_RealAWS_DSV4F,20260923_131301_8d84d3a8,deploy,1,1,True,1.0
TF_RealAWS_DSV4F,20260923_132145_6cd93791,deploy,1,3,True,3.0
TF_RealAWS_DSV4F,20260923_134613_17671dc4,deploy,1,2,True,2.0
TF_RealAWS_DSV4F,20260923_144155_a2dc40c2,security,1,1,True,1.0
TF_RealAWS_DSV4F,20260923_144155_a2dc40c2,deploy,2,1,True,1.0
TF_RealAWS_DSV4F,20260923_150338_bc52029b,syntax,2,1,True,1.0
TF_RealAWS_DSV4F,20260923_150338_bc52029b,security,1,1,True,1.0
TF_RealAWS_DSV4F,20260923_151304_be313e9c,deploy,1,3,True,3.0
TF_RealAWS_DSV4F,20260923_155219_9760b763,security,1,1,True,1.0
TF_RealAWS_DSV4F,20260923_161126_018991fe,syntax,4,2,True,2.0
TF_RealAWS_DSV4F,20260923_161126_018991fe,deploy,1,3,True,5.0
TF_RealAWS_DSV4F,20260923_174605_1f7c313f,security,1,1,True,1.0
TF_RealAWS_DSV4F,20260923_174605_1f7c313f,deploy,2,1,True,1.0
TF_RealAWS_DSV4F,20260923_183021_55035361,security,1,1,True,1.0
TF_RealAWS_DSV4F,20260923_185617_5f9d614f,deploy,1,1,True,1.0
TF_RealAWS_DSV4F,20260923_193800_4ac34580,syntax,1,3,True,3.0
TF_RealAWS_DSV4F,20260923_193800_4ac34580,deploy,4,4,True,4.0
TF_RealAWS_DSV4F,20260923_210411_29a50208,syntax,1,1,True,1.0
TF_RealAWS_DSV4F,20260923_211226_7061998a,syntax,1,1,True,1.0
TF_RealAWS_DSV4F,20260923_211226_7061998a,deploy,2,1,True,1.0
TF_RealAWS_DSV4F,20260924_000234_01272517,deploy,1,2,True,2.0
TF_RealAWS_DSV4F,20260924_011646_357975fc,security,1,1,True,1.0
TF_RealAWS_DSV4F,20260924_015026_b68ffc8b,security,1,1,True,1.0
TF_RealAWS_DSV4F,20260924_023220_5e305ee1,syntax,1,1,True,1.0
TF_RealAWS_DSV4F,20260924_031000_91a8c80a,syntax,1,1,True,1.0
TF_RealAWS_DSV4F,20260924_031000_91a8c80a,deploy,2,1,True,1.0
TF_RealAWS_DSV4F,20260924_050827_ae123d91,security,1,1,True,1.0
TF_RealAWS_DSV4F,20260924_054410_7519d7eb,security,1,1,True,1.0
TF_RealAWS_DSV4F,20260924_072256_31bbcc5a,deploy,1,1,True,1.0
TF_RealAWS_DSV4F,20260924_084918_16e19ea0,syntax,1,1,True,1.0
TF_RealAWS_DSV4F,20260924_084918_16e19ea0,deploy,2,1,True,1.0
TF_RealAWS_DSV4F,20260924_093938_26eb5819,security,1,1,True,1.0
TF_RealAWS_DSV4F,20260924_122125_d07b61aa,syntax,1,1,True,1.0
TF_RealAWS_DSV4F,20260924_122125_d07b61aa,security,2,1,True,1.0
TF_RealAWS_DSV4F,20260924_122820_49d07512,syntax,1,1,True,1.0
TF_RealAWS_DSV4F,20260924_124046_8f1c95d9,syntax,1,1,True,1.0
TF_RealAWS_DSV4F,20260924_124646_bbe60b55,syntax,1,1,True,1.0
TF_RealAWS_DSV4F,20260924_124646_bbe60b55,security,2,1,True,1.0
TF_RealAWS_DSV4F,20260924_124646_bbe60b55,deploy,3,7,True,7.0
TF_RealAWS_DSV4F,20260924_141856_433c50dd,deploy,1,6,True,6.0
TF_RealAWS_DSV4F,20260924_151440_3f521563,deploy,1,1,True,1.0
TF_RealAWS_DSV4F,20260924_154330_2abfb0c5,syntax,7,1,True,1.0
TF_RealAWS_DSV4F,20260924_154330_2abfb0c5,security,1,1,True,1.0
TF_RealAWS_DSV4F,20260924_154330_2abfb0c5,deploy,2,7,True,8.0
TF_RealAWS_DSV4F,20260924_163527_3477f05b,security,1,1,True,1.0
TF_RealAWS_DSV4F,20260924_164438_b3bbfc26,security,1,1,True,1.0
TF_RealAWS_DSV4F,20260924_165939_2cafd5a0,deploy,1,4,True,4.0
TF_RealAWS_GLM53F,20260925_102452_762d4bc6,syntax,4,5,True,1.0
TF_RealAWS_GLM53F,20260925_102452_762d4bc6,deploy,1,8,True,13.0
TF_RealAWS_GLM53F,20260925_105416_f3ffae06,syntax,1,1,True,1.0
TF_RealAWS_GLM53F,20260925_105416_f3ffae06,deploy,2,1,True,1.0
TF_RealAWS_GLM53F,20260925_110202_b4ac7081,deploy,1,1,True,1.0
TF_RealAWS_GLM53F,20260925_110820_78740376,security,1,2,True,2.0
TF_RealAWS_GLM53F,20260925_110820_78740376,deploy,3,1,True,1.0
TF_RealAWS_GLM53F,20260925_113150_f2cf3257,deploy,1,1,True,1.0
TF_RealAWS_GLM53F,20260925_113819_639d7237,security,1,1,True,1.0
TF_RealAWS_GLM53F,20260925_113819_639d7237,deploy,2,1,True,1.0
TF_RealAWS_GLM53F,20260925_114530_75457e7a,security,1,1,True,1.0
TF_RealAWS_GLM53F,20260925_114530_75457e7a,deploy,2,1,True,1.0
TF_RealAWS_GLM53F,20260925_115220_a9041376,deploy,1,3,True,3.0
TF_RealAWS_GLM53F,20260925_120354_0e8a4d53,syntax,2,1,True,1.0
TF_RealAWS_GLM53F,20260925_120354_0e8a4d53,deploy,1,1,True,2.0
TF_RealAWS_GLM53F,20260925_121111_4e6f0ae3,deploy,1,1,True,1.0
TF_RealAWS_GLM53F,20260925_122123_4afd16e6,syntax,1,1,True,1.0
TF_RealAWS_GLM53F,20260925_122123_4afd16e6,deploy,2,1,True,1.0
TF_RealAWS_GLM53F,20260925_123923_4108ce65,syntax,1,1,True,1.0
TF_RealAWS_GLM53F,20260925_125126_d8192b88,syntax,1,2,True,1.0
TF_RealAWS_GLM53F,20260925_125126_d8192b88,security,2,1,True,1.0
TF_RealAWS_GLM53F,20260925_125126_d8192b88,deploy,3,6,True,7.0
TF_RealAWS_GLM53F,20260925_131742_122ebbfd,deploy,1,1,True,1.0
TF_RealAWS_GLM53F,20260925_132833_6207c7da,security,1,1,True,1.0
TF_RealAWS_GLM53F,20260925_133319_32671897,security,1,1,True,1.0
TF_RealAWS_GLM53F,20260925_134309_30d85e49,syntax,1,2,True,2.0
TF_RealAWS_GLM53F,20260925_134309_30d85e49,deploy,3,2,True,2.0
TF_RealAWS_GLM53F,20260925_135353_11e186d6,syntax,2,1,True,1.0
TF_RealAWS_GLM53F,20260925_135353_11e186d6,security,1,1,True,1.0
TF_RealAWS_GLM53F,20260925_135353_11e186d6,deploy,3,1,True,1.0
TF_RealAWS_GLM53F,20260925_140521_ce008863,syntax,1,1,True,1.0
TF_RealAWS_GLM53F,20260925_140521_ce008863,deploy,2,1,True,1.0
TF_RealAWS_GLM53F,20260925_141139_e5bfc222,deploy,1,2,True,2.0
TF_RealAWS_GLM53F,20260925_142055_e2269587,syntax,1,1,True,1.0
TF_RealAWS_GLM53F,20260925_142714_2ffdb691,deploy,1,2,True,2.0
TF_RealAWS_GLM53F,20260925_144026_48f99657,syntax,1,1,True,1.0
TF_RealAWS_GLM53F,20260925_144026_48f99657,deploy,2,1,True,1.0
TF_RealAWS_GLM53F,20260925_144944_d498c4f4,deploy,1,1,True,1.0
TF_RealAWS_GLM53F,20260925_150459_58f0cebd,syntax,1,1,True,1.0
TF_RealAWS_GLM53F,20260925_150459_58f0cebd,deploy,2,1,True,1.0
TF_RealAWS_GLM53F,20260925_151157_d7835539,deploy,1,1,True,1.0
TF_RealAWS_GLM53F,20260925_152311_4fe0c81b,security,1,1,True,1.0
TF_RealAWS_GLM53F,20260925_152311_4fe0c81b,deploy,2,2,True,2.0
TF_RealAWS_GLM53F,20260925_155352_9f2e6e9b,security,1,1,True,1.0
TF_RealAWS_GLM53F,20260925_155850_31348c6e,syntax,1,2,True,1.0
TF_RealAWS_GLM53F,20260925_155850_31348c6e,deploy,2,3,True,4.0
TF_RealAWS_GLM53F,20260925_161600_36c7e876,deploy,1,1,True,1.0
TF_RealAWS_GLM53F,20260925_162233_02eb6535,security,1,1,True,1.0
TF_RealAWS_GLM53F,20260925_163020_39bf2978,security,1,1,True,1.0
TF_RealAWS_GLM53F,20260925_163440_18fc968e,security,1,2,True,2.0
TF_RealAWS_GLM53F,20260925_164041_890956a9,syntax,1,4,True,4.0
TF_RealAWS_GLM53F,20260925_164041_890956a9,deploy,5,2,True,2.0
TF_RealAWS_GLM53F,20260925_165216_1e283a59,deploy,1,1,True,1.0
TF_RealAWS_GLM53F,20260925_165820_99ac2eb8,syntax,1,1,True,1.0
TF_RealAWS_GLM53F,20260925_165820_99ac2eb8,security,2,1,True,1.0
TF_RealAWS_GLM53F,20260925_165820_99ac2eb8,deploy,3,6,True,6.0
TF_RealAWS_GLM53F,20260925_173454_6a2eb30b,syntax,1,1,True,1.0
TF_RealAWS_GLM53F,20260925_173454_6a2eb30b,security,2,1,True,1.0
TF_RealAWS_GLM53F,20260925_173454_6a2eb30b,deploy,3,1,True,1.0
TF_RealAWS_GLM53F,20260925_181343_e264d79d,deploy,1,1,True,1.0
TF_RealAWS_GLM53F,20260925_182029_aaf55bc4,deploy,1,1,True,1.0
TF_RealAWS_GLM53F,20260925_183213_59ba45b2,syntax,3,2,True,1.0
TF_RealAWS_GLM53F,20260925_183213_59ba45b2,deploy,1,13,False,
TF_RealAWS_GLM53F,20260925_193841_a6c39a3d,security,1,1,True,1.0
TF_RealAWS_GLM53F,20260925_193841_a6c39a3d,deploy,2,1,True,1.0
TF_RealAWS_GLM53F,20260925_194535_b45ba8b8,syntax,1,1,True,1.0
TF_RealAWS_GLM53F,20260925_194535_b45ba8b8,security,2,1,True,1.0
TF_RealAWS_GLM53F,20260925_195428_d0322ab2,syntax,1,1,True,1.0
TF_RealAWS_GLM53F,20260925_195428_d0322ab2,deploy,2,2,True,2.0
TF_RealAWS_GLM53F,20260925_200427_7f73d766,syntax,1,2,True,1.0
TF_RealAWS_GLM53F,20260925_200427_7f73d766,deploy,2,2,True,3.0
TF_RealAWS_GLM53F,20260925_201428_aab46cbd,deploy,1,1,True,1.0
TF_RealAWS_GLM53F,20260925_202154_858179fd,syntax,2,1,True,1.0
TF_RealAWS_GLM53F,20260925_202154_858179fd,deploy,1,1,True,2.0
TF_RealAWS_GLM53F,20260925_202932_278c6e53,security,1,1,True,1.0
TF_RealAWS_GLM53F,20260925_203900_b4e9787b,syntax,1,3,True,3.0
TF_RealAWS_GLM53F,20260925_203900_b4e9787b,deploy,4,2,True,2.0
TF_RealAWS_GLM53F,20260925_205514_2d9df712,syntax,1,3,True,3.0
TF_RealAWS_GLM53F,20260925_205514_2d9df712,security,4,1,True,1.0
TF_RealAWS_GLM53F,20260925_205514_2d9df712,deploy,5,2,True,2.0
TF_RealAWS_GLM53F,20260925_210646_d10b1554,deploy,1,1,True,1.0
TF_RealAWS_GLM53F,20260925_211359_f22d6694,syntax,1,2,True,2.0
TF_RealAWS_GLM53F,20260925_211359_f22d6694,deploy,3,1,True,1.0
TF_RealAWS_GLM53F,20260925_213017_089e8b6f,syntax,1,3,True,2.0
TF_RealAWS_GLM53F,20260925_213017_089e8b6f,deploy,3,3,True,4.0
TF_RealAWS_GLM53F,20260925_214931_8223405c,deploy,1,2,True,2.0
TF_RealAWS_GLM53F,20260925_220528_7fee7ddf,syntax,1,2,True,2.0
TF_RealAWS_GLM53F,20260925_220528_7fee7ddf,deploy,3,1,True,1.0
TF_RealAWS_GLM53F,20260925_221529_42d57a9d,syntax,5,1,True,1.0
TF_RealAWS_GLM53F,20260925_221529_42d57a9d,deploy,1,4,True,5.0
TF_RealAWS_GLM53F,20260925_224152_9b0d7949,syntax,1,1,True,1.0
TF_RealAWS_GLM53F,20260925_224152_9b0d7949,deploy,2,1,True,1.0
TF_RealAWS_GLM53F,20260925_225713_b1f43ca4,deploy,1,1,True,1.0
TF_RealAWS_GLM53F,20260925_230338_2c2066db,syntax,1,1,True,1.0
TF_RealAWS_GLM53F,20260925_230338_2c2066db,deploy,2,3,True,3.0
TF_RealAWS_GLM53F,20260925_231937_3c759e64,deploy,1,1,True,1.0
TF_RealAWS_GLM53F,20260925_233227_a5269dff,syntax,1,1,True,1.0
TF_RealAWS_GLM53F,20260925_235427_b6f2e3f1,syntax,1,2,True,2.0
TF_RealAWS_GLM53F,20260925_235427_b6f2e3f1,deploy,3,1,True,1.0
TF_RealAWS_GLM53F,20260926_004154_3ded8641,deploy,1,1,True,1.0
TF_RealAWS_GLM53F,20260926_004803_c59d74b4,syntax,1,3,True,3.0
TF_RealAWS_GLM53F,20260926_004803_c59d74b4,deploy,4,2,True,2.0
TF_RealAWS_GLM53F,20260926_010624_c5fee88b,syntax,3,1,True,1.0
TF_RealAWS_GLM53F,20260926_010624_c5fee88b,deploy,1,2,True,3.0
TF_RealAWS_GLM53F,20260926_012605_72a6b0af,syntax,1,1,True,1.0
TF_RealAWS_GLM53F,20260926_012605_72a6b0af,deploy,2,1,True,1.0
TF_RealAWS_GLM53F,20260926_013411_a63a0ec4,syntax,1,2,True,2.0
TF_RealAWS_GLM53F,20260926_014041_67929802,security,1,1,True,1.0
TF_RealAWS_GLM53F,20260926_014041_67929802,deploy,2,3,True,3.0
TF_RealAWS_GLM53F,20260926_020957_4878163b,syntax,1,1,True,1.0
TF_RealAWS_GLM53F,20260926_020957_4878163b,deploy,2,8,True,8.0
TF_RealAWS_GLM53F,20260926_033422_cc02cdfe,deploy,1,1,True,1.0
TF_RealAWS_GLM53F,20260926_034140_085439bd,security,1,3,True,3.0
TF_RealAWS_GLM53F,20260926_034140_085439bd,deploy,4,1,True,1.0
TF_RealAWS_GLM53F,20260926_040611_e435ca2a,security,1,1,True,1.0
TF_RealAWS_GLM53F,20260926_040611_e435ca2a,deploy,2,2,True,2.0
TF_RealAWS_GLM53F,20260926_042301_fdfab45f,syntax,3,1,True,1.0
TF_RealAWS_GLM53F,20260926_042301_fdfab45f,deploy,1,2,True,3.0
TF_RealAWS_GLM53F,20260926_044700_d44ad255,syntax,1,1,True,1.0
TF_RealAWS_GLM53F,20260926_051006_075af7ab,syntax,1,12,True,12.0
TF_RealAWS_GLM53F,20260926_051006_075af7ab,deploy,13,1,True,1.0
TF_RealAWS_GLM53F,20260926_061824_9d2ea357,syntax,1,1,True,1.0
TF_RealAWS_GLM53F,20260926_061824_9d2ea357,security,2,4,True,1.0
TF_RealAWS_GLM53F,20260926_061824_9d2ea357,deploy,3,3,True,6.0
TF_RealAWS_GLM53F,20260926_064541_b5323092,deploy,1,2,True,2.0
TF_RealAWS_GLM53F,20260926_071131_b609780d,syntax,1,1,True,1.0
TF_RealAWS_GLM53F,20260926_071131_b609780d,deploy,2,2,True,2.0
TF_RealAWS_GLM53F,20260926_073335_d6f4a1eb,security,1,1,True,1.0
TF_RealAWS_GLM53F,20260926_073335_d6f4a1eb,deploy,2,2,True,2.0
TF_RealAWS_GLM53F,20260926_080039_932a7c00,security,1,1,True,1.0
TF_RealAWS_GLM53F,20260926_080039_932a7c00,deploy,2,1,True,1.0
TF_RealAWS_GLM53F,20260926_081817_88d4c576,security,1,1,True,1.0
TF_RealAWS_GLM53F,20260926_081817_88d4c576,deploy,2,2,True,2.0
TF_RealAWS_GLM53F,20260926_084329_00ed8f80,deploy,1,1,True,1.0
TF_RealAWS_GLM53F,20260926_085115_c8af5cb7,syntax,1,1,True,1.0
TF_RealAWS_GLM53F,20260926_085607_a8b20fc0,syntax,2,1,True,1.0
TF_RealAWS_GLM53F,20260926_085607_a8b20fc0,deploy,1,1,True,2.0
TF_RealAWS_GLM53F,20260926_091210_6931c372,syntax,1,1,True,1.0
TF_RealAWS_GLM53F,20260926_091210_6931c372,security,2,1,True,1.0
TF_RealAWS_GLM53F,20260926_091850_1ec414f1,syntax,1,1,True,1.0
TF_RealAWS_GLM53F,20260926_092508_72102978,security,1,1,True,1.0
TF_RealAWS_GLM53F,20260926_092508_72102978,deploy,2,2,True,2.0
TF_RealAWS_GLM53F,20260926_094454_bf24b6d6,syntax,1,1,True,1.0
TF_RealAWS_GLM53F,20260926_094454_bf24b6d6,deploy,2,1,True,1.0
TF_RealAWS_GLM53F,20260926_095735_c0e956a1,syntax,1,3,True,3.0
TF_RealAWS_GLM53F,20260926_095735_c0e956a1,deploy,4,2,True,2.0
TF_RealAWS_GLM53F,20260926_100846_c8547d2b,syntax,1,15,False,
TF_RealAWS_GLM53F,20260926_103659_f3c6ee80,security,1,1,True,1.0
TF_RealAWS_GLM53F,20260926_104232_90244f8f,deploy,1,1,True,1.0
TF_RealAWS_GLM53F,20260926_105146_4ba83b93,syntax,1,1,True,1.0
TF_RealAWS_GLM53F,20260926_105937_d29d1a2b,syntax,1,1,True,1.0
TF_RealAWS_GLM53F,20260926_105937_d29d1a2b,deploy,2,2,True,2.0
TF_RealAWS_GLM53F,20260926_111117_d2ea8c38,syntax,1,4,True,4.0
TF_RealAWS_GLM53F,20260926_112157_6834c77e,syntax,1,2,True,2.0
TF_RealAWS_GLM53F,20260926_112157_6834c77e,deploy,3,1,True,1.0
TF_RealAWS_GLM53F,20260926_113123_ef44f48a,syntax,1,1,True,1.0
TF_RealAWS_GLM53F,20260926_113123_ef44f48a,deploy,2,1,True,1.0
TF_RealAWS_GLM53F,20260926_114007_9b1fdaa9,syntax,1,1,True,1.0
TF_RealAWS_GLM53F,20260926_114007_9b1fdaa9,deploy,2,1,True,1.0
TF_RealAWS_GLM53F,20260926_115147_3468fec0,syntax,2,1,True,1.0
TF_RealAWS_GLM53F,20260926_115147_3468fec0,deploy,1,1,True,2.0
TF_RealAWS_GLM53F,20260926_120500_56c27c2e,security,1,1,True,1.0
TF_RealAWS_GLM53F,20260926_120500_56c27c2e,deploy,2,1,True,1.0
TF_RealAWS_GLM53F,20260926_122223_66202d1f,syntax,1,6,True,3.0
TF_RealAWS_GLM53F,20260926_122223_66202d1f,security,4,2,True,2.0
TF_RealAWS_GLM53F,20260926_122223_66202d1f,deploy,9,5,True,5.0
TF_RealAWS_GLM53F,20260926_131104_59594447,syntax,1,5,True,3.0
TF_RealAWS_GLM53F,20260926_131104_59594447,security,4,1,True,1.0
TF_RealAWS_GLM53F,20260926_131104_59594447,deploy,7,2,True,2.0
TF_RealAWS_GLM53F,20260926_132754_22fd5070,syntax,1,3,True,3.0
TF_RealAWS_GLM53F,20260926_134514_90fe282f,syntax,1,1,True,1.0
TF_RealAWS_GLM53F,20260926_134514_90fe282f,deploy,2,2,True,2.0
TF_RealAWS_GLM53F,20260926_135616_6590afc2,syntax,2,1,True,1.0
TF_RealAWS_GLM53F,20260926_135616_6590afc2,security,1,1,True,1.0
TF_RealAWS_GLM53F,20260926_135616_6590afc2,deploy,3,3,True,3.0
TF_RealAWS_GLM53F,20260926_141840_f9c25f0d,deploy,1,1,True,1.0
TF_RealAWS_GLM53F,20260926_142852_56a91d4d,syntax,1,6,True,2.0
TF_RealAWS_GLM53F,20260926_142852_56a91d4d,security,3,1,True,1.0
TF_RealAWS_GLM53F,20260926_142852_56a91d4d,deploy,4,5,True,9.0
TF_RealAWS_GLM53F,20260926_155545_ee43a144,syntax,1,14,True,6.0
TF_RealAWS_GLM53F,20260926_155545_ee43a144,security,7,1,True,1.0
TF_RealAWS_GLM53F,20260926_194245_78b8d6aa,syntax,1,15,False,
TF_RealAWS_GLM53F,20260926_211743_85de37df,syntax,1,15,False,
TF_RealAWS_GLM53F,20260926_221217_6a72fa42,syntax,1,15,False,
TF_RealAWS_GLM53F,20260926_223238_3e92dcfd,syntax,1,15,False,
TF_RealAWS_GLM53F,20260926_225141_b82adbad,syntax,1,15,False,
TF_RealAWS_GLM53F,20260926_230310_ed9d0eac,syntax,1,15,False,
TF_RealAWS_GLM53F,20260926_234647_beb4d744,syntax,1,15,False,
TF_RealAWS_GLM53F,20260927_001238_22a2060a,syntax,1,15,False,
TF_RealAWS_GLM53F,20260927_004406_a12d6429,syntax,1,15,False,
TF_RealAWS_GLM53F,20260927_005549_5f09c724,syntax,1,15,False,
TF_RealAWS_GLM53F,20260927_010205_6d7b7b67,syntax,1,15,False,
TF_RealAWS_GLM53F,20260927_011344_5d11efc2,syntax,1,15,False,
TF_RealAWS_GLM53F,20260927_012751_29900aab,syntax,1,15,False,
TF_RealAWS_GLM53F,20260927_143840_4f654394,syntax,1,2,True,2.0
TF_RealAWS_GLM53F,20260927_143840_4f654394,security,3,1,True,1.0
TF_RealAWS_GLM53F,20260927_143840_4f654394,deploy,4,1,True,1.0
TF_RealAWS_GLM53F,20260927_145719_7fc021df,deploy,1,4,True,4.0
TF_RealAWS_GLM53F,20260927_154235_8181c0d7,deploy,1,1,True,1.0
TF_RealAWS_GLM53F,20260927_154825_0ad89c8d,syntax,1,5,True,2.0
TF_RealAWS_GLM53F,20260927_154825_0ad89c8d,deploy,3,8,True,11.0
TF_RealAWS_GLM53F,20260927_162157_6a773603,syntax,1,15,False,
TF_RealAWS_GLM53F,20260927_163206_91a424d0,syntax,1,2,True,2.0
TF_RealAWS_GLM53F,20260927_163651_b7943874,syntax,1,2,True,2.0
TF_RealAWS_GLM53F,20260927_163651_b7943874,deploy,3,1,True,1.0
TF_RealAWS_GLM53F,20260927_164410_0021a078,syntax,1,15,False,
TF_RealAWS_GLM53F,20260927_170527_8f66a4d0,syntax,1,2,True,2.0
TF_RealAWS_GLM53F,20260927_170527_8f66a4d0,deploy,3,1,True,1.0
TF_RealAWS_GLM53F,20260927_171304_73c65146,syntax,1,2,True,2.0
TF_RealAWS_GLM53F,20260927_172056_603b05f1,syntax,1,2,True,2.0
TF_RealAWS_GLM53F,20260927_181322_5e854631,syntax,1,2,True,2.0
TF_RealAWS_GLM53F,20260927_181810_27846ee9,syntax,1,3,True,3.0
TF_RealAWS_GLM53F,20260927_181810_27846ee9,deploy,4,1,True,1.0
TF_RealAWS_GLM53F,20260927_182722_568c27d3,syntax,1,4,True,4.0
TF_RealAWS_GLM53F,20260927_185431_ea9b6ea4,syntax,1,15,False,
TF_RealAWS_GLM53F,20260927_191338_2fce943d,syntax,1,3,True,3.0
TF_RealAWS_GLM53F,20260927_192137_8919f4a2,syntax,1,15,False,
TF_RealAWS_GLM53F,20260927_192819_08d85157,syntax,1,3,True,3.0
TF_RealAWS_GLM53F,20260927_193713_7c79ff4a,syntax,1,2,True,2.0
TF_RealAWS_GLM53F,20260927_193713_7c79ff4a,security,3,1,True,1.0
TF_RealAWS_GLM53F,20260927_194519_41158e59,syntax,1,7,True,5.0
TF_RealAWS_GLM53F,20260927_194519_41158e59,deploy,6,7,True,9.0
TF_RealAWS_GLM53F,20260927_211436_e03d3fc5,syntax,1,2,True,2.0
TF_RealAWS_GLM53F,20260927_211436_e03d3fc5,security,3,1,True,1.0
TF_RealAWS_GLM53F,20260927_213114_1b116675,syntax,1,5,True,5.0
TF_RealAWS_GLM53F,20260927_222349_c0c14464,syntax,1,4,True,4.0
TF_RealAWS_GLM53F,20260927_224347_1d449538,syntax,1,2,True,2.0
TF_RealAWS_GLM53F,20260927_231224_a3bb2fb1,syntax,1,3,True,3.0
TF_RealAWS_GLM53F,20260927_233802_331c1ff2,syntax,1,3,True,3.0
TF_RealAWS_GLM53F,20260928_001858_eba68912,syntax,1,2,True,2.0
TF_RealAWS_GLM53F,20260928_001858_eba68912,security,3,1,True,1.0
TF_RealAWS_GLM53F,20260928_001858_eba68912,deploy,4,3,True,3.0
TF_RealAWS_GLM53F,20260928_010948_7f87eb33,syntax,1,2,True,2.0
TF_RealAWS_GLM53F,20260928_010948_7f87eb33,security,3,1,True,1.0
TF_RealAWS_GLM53F,20260928_012127_59f258b5,syntax,1,5,True,5.0
TF_RealAWS_GLM53F,20260928_012127_59f258b5,security,6,1,True,1.0
TF_RealAWS_GLM53F,20260928_012127_59f258b5,deploy,7,2,True,2.0
TF_RealAWS_GLM53F,20260928_015600_07ba7445,syntax,1,3,True,3.0
TF_RealAWS_GLM53F,20260928_021049_81a71176,syntax,1,6,True,6.0
TF_RealAWS_GLM53F,20260928_022839_47c6ba38,syntax,1,3,True,3.0
TF_RealAWS_GLM53F,20260928_022839_47c6ba38,security,4,1,True,1.0
TF_RealAWS_GLM53F,20260928_022839_47c6ba38,deploy,5,2,True,2.0
TF_RealAWS_GLM53F,20260928_031049_20b4edb8,syntax,1,2,True,2.0
TF_RealAWS_GLM53F,20260928_031049_20b4edb8,security,3,1,True,1.0
TF_RealAWS_GLM53F,20260928_035930_8d18668e,syntax,1,2,True,2.0
TF_RealAWS_GLM53F,20260928_035930_8d18668e,deploy,3,2,True,2.0
TF_RealAWS_GLM53F,20260928_043530_60c4e62e,syntax,1,15,False,
TF_RealAWS_GLM53F,20260928_045217_bcf425c0,syntax,1,3,True,3.0
TF_RealAWS_GLM53F,20260928_050914_59236868,syntax,1,15,False,
TF_RealAWS_GLM53F,20260928_052928_111b60be,syntax,1,2,True,2.0
TF_RealAWS_GLM53F,20260928_052928_111b60be,deploy,3,1,True,1.0
TF_RealAWS_GLM53F,20260928_055500_57f19343,syntax,1,15,False,
TF_RealAWS_GLM53F,20260928_062026_227f55ae,syntax,1,8,True,8.0
TF_RealAWS_GLM53F,20260928_062026_227f55ae,deploy,9,6,True,6.0
TF_RealAWS_GLM53F,20260928_082212_a102319c,syntax,1,4,True,4.0
TF_RealAWS_GLM53F,20260928_082212_a102319c,deploy,5,6,True,6.0
TF_RealAWS_GLM53F,20260928_120051_f8f44671,syntax,1,1,True,1.0
TF_RealAWS_GLM53F,20260928_122120_b7647cce,syntax,1,1,True,1.0
TF_RealAWS_GLM53F,20260928_124022_61806869,deploy,1,10,True,10.0
TF_RealAWS_GLM53F,20260928_132555_425083f3,syntax,1,3,True,3.0
TF_RealAWS_GLM53F,20260928_132555_425083f3,deploy,4,1,True,1.0
TF_RealAWS_GLM53F,20260928_135201_5504875e,syntax,1,4,True,4.0
TF_RealAWS_GLM53F,20260928_141552_3e49ccee,syntax,9,1,True,1.0
TF_RealAWS_GLM53F,20260928_141552_3e49ccee,deploy,1,8,True,9.0
TF_RealAWS_GLM53F,20260928_153716_9b3b3ab5,syntax,4,1,True,1.0
TF_RealAWS_GLM53F,20260928_153716_9b3b3ab5,security,5,1,True,1.0
TF_RealAWS_GLM53F,20260928_153716_9b3b3ab5,deploy,1,6,True,8.0
TF_RealAWS_GLM53F,20260928_160743_7f12cb1f,deploy,1,1,True,1.0
TF_RealAWS_GLM53F,20260928_161327_fdf65aff,deploy,1,1,True,1.0
TF_RealAWS_GLM53F,20260928_163717_6c4f403f,deploy,1,1,True,1.0
TF_RealAWS_GLM53F,20260928_165204_dcdc588c,syntax,1,3,True,2.0
TF_RealAWS_GLM53F,20260928_165204_dcdc588c,deploy,3,7,True,8.0
TF_RealAWS_GLM53F,20260928_173744_91860f56,syntax,1,3,True,3.0
TF_RealAWS_GLM53F,20260928_173744_91860f56,security,4,1,True,1.0
TF_RealAWS_GLM53F,20260928_174707_5d26fb1c,syntax,2,1,True,1.0
TF_RealAWS_GLM53F,20260928_174707_5d26fb1c,deploy,1,1,True,2.0
TF_RealAWS_GLM53F,20260928_182203_b3f11e5a,deploy,1,6,True,6.0
TF_RealAWS_GLM53F,20260928_185851_0f4083d6,deploy,1,1,True,1.0
TF_RealAWS_GLM53F,20260928_190415_d5aaecf8,syntax,1,1,True,1.0
TF_RealAWS_GLM53F,20260928_233512_7bcc438a,syntax,1,1,True,1.0
TF_RealAWS_GLM53F,20260928_233512_7bcc438a,deploy,2,1,True,1.0
TF_RealAWS_GLM53F,20260929_000118_45958f2d,security,1,1,True,1.0
TF_RealAWS_GLM53F,20260929_000928_9bacbf9b,security,1,1,True,1.0
TF_RealAWS_GLM53F,20260929_001708_625ffc6d,security,1,1,True,1.0
TF_RealAWS_GLM53F,20260929_001708_625ffc6d,deploy,2,1,True,1.0
TF_RealAWS_GLM53F,20260929_002626_caf70c5f,syntax,2,2,True,2.0
TF_RealAWS_GLM53F,20260929_002626_caf70c5f,deploy,1,1,True,3.0
TF_RealAWS_GLM53F,20260929_003307_ee7bd2b1,syntax,1,2,True,1.0
TF_RealAWS_GLM53F,20260929_003307_ee7bd2b1,deploy,2,8,True,9.0
TF_RealAWS_GLM53F,20260929_010548_98b83b76,deploy,1,1,True,1.0
TF_RealAWS_GLM53F,20260929_012555_e6db2ea3,syntax,1,1,True,1.0
TF_RealAWS_GLM53F,20260929_012555_e6db2ea3,deploy,2,1,True,1.0
TF_RealAWS_GLM53F,20260929_014154_a26fc971,syntax,3,1,True,1.0
TF_RealAWS_GLM53F,20260929_014154_a26fc971,deploy,1,2,True,3.0
TF_RealAWS_GLM53F,20260929_015754_15c402a4,deploy,1,2,True,2.0
TF_RealAWS_GLM53F,20260929_020802_67c09b0c,syntax,1,1,True,1.0
TF_RealAWS_GLM53F,20260929_022341_c039680d,deploy,1,1,True,1.0
TF_RealAWS_GLM53F,20260929_022942_55057758,security,1,1,True,1.0
TF_RealAWS_GLM53F,20260929_024303_3331d3fe,deploy,1,1,True,1.0
TF_RealAWS_GLM53F,20260929_025806_a04ae70a,syntax,1,1,True,1.0
TF_RealAWS_GLM53F,20260929_030241_53fca349,syntax,1,1,True,1.0
TF_RealAWS_GLM53F,20260929_030241_53fca349,security,2,1,True,1.0
TF_RealAWS_GLM53F,20260929_030241_53fca349,deploy,3,1,True,1.0
TF_RealAWS_GLM53F,20260929_031306_75131c42,syntax,1,1,True,1.0
TF_RealAWS_GLM53F,20260929_031306_75131c42,deploy,2,4,True,4.0
TF_RealAWS_GLM53F,20260929_033245_d2a326c1,syntax,1,5,True,5.0
TF_RealAWS_GLM53F,20260929_033245_d2a326c1,security,6,1,True,1.0
TF_RealAWS_GLM53F,20260929_033245_d2a326c1,deploy,7,2,True,2.0
TF_RealAWS_GLM53F,20260929_034849_387d6541,syntax,1,1,True,1.0
TF_RealAWS_GLM53F,20260929_034849_387d6541,security,2,2,True,2.0
TF_RealAWS_GLM53F,20260929_034849_387d6541,deploy,4,8,True,8.0
TF_RealAWS_GLM53F,20260929_043927_0a2d900c,security,1,1,True,1.0
TF_RealAWS_GLM53F,20260929_045003_772a63e0,syntax,1,1,True,1.0
TF_RealAWS_GLM53F,20260929_045815_875f1c81,deploy,1,3,True,3.0
TF_RealAWS_GLM53F,20260929_051325_32c6e984,syntax,1,1,True,1.0
TF_RealAWS_GLM53F,20260929_051325_32c6e984,security,2,2,True,2.0
TF_RealAWS_GLM53F,20260929_051325_32c6e984,deploy,4,3,True,3.0
TF_RealAWS_GLM53F,20260929_053220_6548d5ab,syntax,1,3,True,2.0
TF_RealAWS_GLM53F,20260929_053220_6548d5ab,deploy,3,11,True,12.0
TF_RealAWS_GLM53F,20260929_133347_0ada3fb2,syntax,1,5,True,3.0
TF_RealAWS_GLM53F,20260929_133347_0ada3fb2,security,4,1,True,1.0
TF_RealAWS_GLM53F,20260929_133347_0ada3fb2,deploy,5,9,False,
TF_RealAWS_GLM53F,20260929_150000_113935a7,syntax,3,1,True,1.0
TF_RealAWS_GLM53F,20260929_150000_113935a7,deploy,1,2,True,3.0
TF_RealAWS_Gemini38F,20260929_151853_c528bf24,deploy,1,1,True,1.0
TF_RealAWS_Gemini38F,20260929_153032_2c25eeff,deploy,1,1,True,1.0
TF_RealAWS_Gemini38F,20260929_154425_bc3232c9,deploy,1,1,True,1.0
TF_RealAWS_Gemini38F,20260929_155246_ba268d60,syntax,1,2,True,2.0
TF_RealAWS_Gemini38F,20260929_155246_ba268d60,deploy,3,1,True,1.0
TF_RealAWS_Gemini38F,20260929_160655_89e65a04,syntax,1,2,True,2.0
TF_RealAWS_Gemini38F,20260929_160655_89e65a04,security,3,1,True,1.0
TF_RealAWS_Gemini38F,20260929_160655_89e65a04,deploy,4,1,True,1.0
TF_RealAWS_Gemini38F,20260929_162406_7b480e6d,syntax,1,2,True,2.0
TF_RealAWS_Gemini38F,20260929_162406_7b480e6d,security,3,1,True,1.0
TF_RealAWS_Gemini38F,20260929_163701_1f7047b3,syntax,1,2,True,2.0
TF_RealAWS_Gemini38F,20260929_163701_1f7047b3,deploy,3,1,True,1.0
TF_RealAWS_Gemini38F,20260929_165357_a86d8bfb,syntax,1,2,True,1.0
TF_RealAWS_Gemini38F,20260929_165357_a86d8bfb,deploy,2,1,True,2.0
TF_RealAWS_Gemini38F,20260929_170824_c4d0f385,syntax,1,2,True,2.0
TF_RealAWS_Gemini38F,20260929_170824_c4d0f385,deploy,3,1,True,1.0
TF_RealAWS_Gemini38F,20260929_172148_12c7e3ee,syntax,1,2,True,2.0
TF_RealAWS_Gemini38F,20260929_172148_12c7e3ee,deploy,3,1,True,1.0
TF_RealAWS_Gemini38F,20260929_173224_b3c428ed,syntax,1,3,True,2.0
TF_RealAWS_Gemini38F,20260929_173224_b3c428ed,deploy,3,1,True,2.0
TF_RealAWS_Gemini38F,20260929_174147_96839a35,syntax,1,2,True,2.0
TF_RealAWS_Gemini38F,20260929_174147_96839a35,deploy,3,1,True,1.0
TF_RealAWS_Gemini38F,20260929_175117_f275b95d,syntax,1,2,True,2.0
TF_RealAWS_Gemini38F,20260929_175717_542bea8e,syntax,1,2,True,2.0
TF_RealAWS_Gemini38F,20260929_175717_542bea8e,deploy,3,1,True,1.0
TF_RealAWS_Gemini38F,20260929_180605_b04d613e,syntax,1,2,True,2.0
TF_RealAWS_Gemini38F,20260929_180605_b04d613e,deploy,3,1,True,1.0
TF_RealAWS_Gemini38F,20260929_181552_196dae4e,syntax,1,2,True,2.0
TF_RealAWS_Gemini38F,20260929_181552_196dae4e,deploy,3,1,True,1.0
TF_RealAWS_Gemini38F,20260929_182552_b12f9ac5,syntax,1,2,True,2.0
TF_RealAWS_Gemini38F,20260929_182552_b12f9ac5,deploy,3,1,True,1.0
TF_RealAWS_Gemini38F,20260929_183404_2ed41e4e,syntax,2,1,True,1.0
TF_RealAWS_Gemini38F,20260929_183404_2ed41e4e,deploy,1,1,True,2.0
TF_RealAWS_Gemini38F,20260929_185025_de1923ac,syntax,1,4,True,4.0
TF_RealAWS_Gemini38F,20260929_191357_57f00b11,syntax,1,2,True,2.0
TF_RealAWS_Gemini38F,20260929_191357_57f00b11,deploy,3,1,True,1.0
TF_RealAWS_Gemini38F,20260929_192239_aec9b11f,syntax,1,1,True,1.0
TF_RealAWS_Gemini38F,20260929_192239_aec9b11f,security,2,1,True,1.0
TF_RealAWS_Gemini38F,20260929_192239_aec9b11f,deploy,3,1,True,1.0
TF_RealAWS_Gemini38F,20260929_193141_16ac0989,syntax,1,1,True,1.0
TF_RealAWS_Gemini38F,20260929_193141_16ac0989,security,2,1,True,1.0
TF_RealAWS_Gemini38F,20260929_194237_91295093,syntax,2,1,True,1.0
TF_RealAWS_Gemini38F,20260929_194237_91295093,deploy,1,2,True,3.0
TF_RealAWS_Gemini38F,20260929_195343_75763748,syntax,1,2,True,2.0
TF_RealAWS_Gemini38F,20260929_195343_75763748,deploy,3,1,True,1.0
TF_RealAWS_Gemini38F,20260929_200354_d78f1b8a,syntax,1,3,True,3.0
TF_RealAWS_Gemini38F,20260929_201047_c2596536,syntax,1,2,True,2.0
TF_RealAWS_Gemini38F,20260929_201047_c2596536,deploy,3,1,True,1.0
TF_RealAWS_Gemini38F,20260929_201857_609a178c,syntax,1,5,True,5.0
TF_RealAWS_Gemini38F,20260929_201857_609a178c,deploy,6,1,True,1.0
TF_RealAWS_Gemini38F,20260929_203317_48b92df2,syntax,1,1,True,1.0
TF_RealAWS_Gemini38F,20260929_205606_595f2112,deploy,1,1,True,1.0
TF_RealAWS_Gemini38F,20260929_220603_518d83e7,deploy,1,1,True,1.0
TF_RealAWS_Gemini38F,20260929_221300_b3fa3013,deploy,1,2,True,2.0
TF_RealAWS_Gemini38F,20260929_222429_10e9d69f,syntax,2,2,True,2.0
TF_RealAWS_Gemini38F,20260929_222429_10e9d69f,deploy,1,1,True,3.0
TF_RealAWS_Gemini38F,20260929_224142_fd6a72ac,deploy,1,1,True,1.0
TF_RealAWS_Gemini38F,20260929_224913_a7445bee,deploy,1,2,True,2.0
TF_RealAWS_Gemini38F,20260929_230903_d0ebda30,syntax,1,1,True,1.0
TF_RealAWS_Gemini38F,20260929_230903_d0ebda30,security,2,1,True,1.0
TF_RealAWS_Gemini38F,20260929_230903_d0ebda30,deploy,3,2,True,2.0
TF_RealAWS_Gemini38F,20260929_232058_0ec646e7,deploy,1,1,True,1.0
TF_RealAWS_Gemini38F,20260929_232803_fdef42f1,deploy,1,1,True,1.0
TF_RealAWS_Gemini38F,20260929_233444_4fd18cf5,syntax,1,1,True,1.0
TF_RealAWS_Gemini38F,20260929_233444_4fd18cf5,deploy,2,1,True,1.0
TF_RealAWS_Gemini38F,20260929_234235_629a02af,deploy,1,1,True,1.0
TF_RealAWS_Gemini38F,20260929_234938_acbe1eb4,deploy,1,1,True,1.0
TF_RealAWS_Gemini38F,20260929_235811_2ff66dda,security,1,1,True,1.0
TF_RealAWS_Gemini38F,20260929_235811_2ff66dda,deploy,2,1,True,1.0
TF_RealAWS_Gemini38F,20260930_000654_1916b748,deploy,1,2,True,2.0
TF_RealAWS_Gemini38F,20260930_001815_b00fa60c,deploy,1,1,True,1.0
TF_RealAWS_Gemini38F,20260930_002508_8b96bc4c,security,1,1,True,1.0
TF_RealAWS_Gemini38F,20260930_002508_8b96bc4c,deploy,2,1,True,1.0
TF_RealAWS_Gemini38F,20260930_003546_febf7caf,security,1,1,True,1.0
TF_RealAWS_Gemini38F,20260930_003546_febf7caf,deploy,2,1,True,1.0
TF_RealAWS_Gemini38F,20260930_004400_1c3c938b,deploy,1,1,True,1.0
TF_RealAWS_Gemini38F,20260930_005152_6ffa9ed9,syntax,1,3,True,3.0
TF_RealAWS_Gemini38F,20260930_005152_6ffa9ed9,deploy,4,2,True,2.0
TF_RealAWS_Gemini38F,20260930_010821_22ac0f8b,deploy,1,1,True,1.0
TF_RealAWS_Gemini38F,20260930_012055_5672803d,deploy,1,1,True,1.0
TF_RealAWS_Gemini38F,20260930_012849_f94548d4,deploy,1,1,True,1.0
TF_RealAWS_Gemini38F,20260930_013607_bc3e599e,deploy,1,1,True,1.0
TF_RealAWS_Gemini38F,20260930_015611_9c8f716c,deploy,1,1,True,1.0
TF_RealAWS_Gemini38F,20260930_020311_bbac8a1c,deploy,1,2,True,2.0
TF_RealAWS_Gemini38F,20260930_021324_2b11cafa,deploy,1,3,True,3.0
TF_RealAWS_Gemini38F,20260930_022835_263838fb,syntax,1,1,True,1.0
TF_RealAWS_Gemini38F,20260930_022835_263838fb,deploy,2,1,True,1.0
TF_RealAWS_Gemini38F,20260930_023641_e8a8420c,syntax,1,3,True,3.0
TF_RealAWS_Gemini38F,20260930_023641_e8a8420c,security,4,1,True,1.0
TF_RealAWS_Gemini38F,20260930_023641_e8a8420c,deploy,5,1,True,1.0
TF_RealAWS_Gemini38F,20260930_024840_635be849,syntax,1,2,True,2.0
TF_RealAWS_Gemini38F,20260930_024840_635be849,security,3,1,True,1.0
TF_RealAWS_Gemini38F,20260930_024840_635be849,deploy,4,1,True,1.0
TF_RealAWS_Gemini38F,20260930_030155_c84ac747,syntax,1,2,True,2.0
TF_RealAWS_Gemini38F,20260930_030155_c84ac747,deploy,3,1,True,1.0
TF_RealAWS_Gemini38F,20260930_031209_da4335b8,syntax,1,3,True,3.0
TF_RealAWS_Gemini38F,20260930_032618_498a1b29,syntax,1,2,True,2.0
TF_RealAWS_Gemini38F,20260930_032618_498a1b29,deploy,3,1,True,1.0
TF_RealAWS_Gemini38F,20260930_033616_86447795,syntax,1,2,True,2.0
TF_RealAWS_Gemini38F,20260930_033616_86447795,deploy,3,1,True,1.0
TF_RealAWS_Gemini38F,20260930_035055_a2201522,syntax,1,4,True,2.0
TF_RealAWS_Gemini38F,20260930_035055_a2201522,security,3,1,True,1.0
TF_RealAWS_Gemini38F,20260930_040422_9ab896b2,syntax,1,3,True,2.0
TF_RealAWS_Gemini38F,20260930_040422_9ab896b2,security,3,1,True,1.0
TF_RealAWS_Gemini38F,20260930_040422_9ab896b2,deploy,5,1,True,1.0
TF_RealAWS_Gemini38F,20260930_042210_ba63cd23,syntax,1,1,True,1.0
TF_RealAWS_Gemini38F,20260930_042210_ba63cd23,deploy,2,1,True,1.0
TF_RealAWS_Gemini38F,20260930_043117_727ec788,syntax,1,3,True,2.0
TF_RealAWS_Gemini38F,20260930_043117_727ec788,deploy,3,1,True,2.0
TF_RealAWS_Gemini38F,20260930_044238_3d20015c,syntax,1,3,True,2.0
TF_RealAWS_Gemini38F,20260930_044238_3d20015c,deploy,3,1,True,2.0
TF_RealAWS_Gemini38F,20260930_045852_4d4ede07,syntax,1,2,True,2.0
TF_RealAWS_Gemini38F,20260930_045852_4d4ede07,deploy,3,1,True,1.0
TF_RealAWS_Gemini38F,20260930_050916_a1d8af73,syntax,1,2,True,2.0
TF_RealAWS_Gemini38F,20260930_050916_a1d8af73,deploy,3,3,True,3.0
TF_RealAWS_Gemini38F,20260930_052347_c915e5d4,syntax,1,3,True,3.0
TF_RealAWS_Gemini38F,20260930_052347_c915e5d4,deploy,4,1,True,1.0
TF_RealAWS_Gemini38F,20260930_053716_1568c40a,syntax,1,2,True,2.0
TF_RealAWS_Gemini38F,20260930_053716_1568c40a,deploy,3,1,True,1.0
TF_RealAWS_Gemini38F,20260930_055217_69ed453e,syntax,1,3,True,3.0
TF_RealAWS_Gemini38F,20260930_055217_69ed453e,deploy,4,1,True,1.0
TF_RealAWS_Gemini38F,20260930_060643_17aa4389,syntax,1,2,True,2.0
TF_RealAWS_Gemini38F,20260930_060643_17aa4389,security,3,1,True,1.0
TF_RealAWS_Gemini38F,20260930_060643_17aa4389,deploy,4,1,True,1.0
TF_RealAWS_Gemini38F,20260930_061725_aa136807,syntax,1,3,True,2.0
TF_RealAWS_Gemini38F,20260930_061725_aa136807,deploy,3,1,True,2.0
TF_RealAWS_Gemini38F,20260930_063554_8eaef084,syntax,1,2,True,2.0
TF_RealAWS_Gemini38F,20260930_063554_8eaef084,deploy,3,1,True,1.0
TF_RealAWS_Gemini38F,20260930_064531_2244e262,syntax,1,3,True,2.0
TF_RealAWS_Gemini38F,20260930_064531_2244e262,deploy,3,1,True,2.0
TF_RealAWS_Gemini38F,20260930_070033_c0064b1b,syntax,1,4,True,4.0
TF_RealAWS_Gemini38F,20260930_070033_c0064b1b,deploy,5,2,True,2.0
TF_RealAWS_Gemini38F,20260930_071651_af85729a,syntax,1,3,True,2.0
TF_RealAWS_Gemini38F,20260930_071651_af85729a,deploy,3,1,True,2.0
TF_RealAWS_Gemini38F,20260930_073335_d47e93d6,syntax,1,3,True,3.0
TF_RealAWS_Gemini38F,20260930_073335_d47e93d6,deploy,4,1,True,1.0
TF_RealAWS_Gemini38F,20260930_074516_530b9f8d,syntax,1,2,True,2.0
TF_RealAWS_Gemini38F,20260930_074516_530b9f8d,deploy,3,1,True,1.0
TF_RealAWS_Gemini38F,20260930_075443_df4e0050,syntax,1,3,True,2.0
TF_RealAWS_Gemini38F,20260930_075443_df4e0050,deploy,3,2,True,3.0
TF_RealAWS_Gemini38F,20260930_081607_2bbe2e12,syntax,1,2,True,2.0
TF_RealAWS_Gemini38F,20260930_081607_2bbe2e12,deploy,3,1,True,1.0
TF_RealAWS_Gemini38F,20260930_082613_e39ec9ee,syntax,1,2,True,2.0
TF_RealAWS_Gemini38F,20260930_082613_e39ec9ee,deploy,3,1,True,1.0
TF_RealAWS_Gemini38F,20260930_084003_32d99164,syntax,1,1,True,1.0
TF_RealAWS_Gemini38F,20260930_084003_32d99164,deploy,2,2,True,2.0
TF_RealAWS_Gemini38F,20260930_085321_3e66645c,deploy,1,1,True,1.0
TF_RealAWS_Gemini38F,20260930_090057_cdb1a84b,deploy,1,1,True,1.0
TF_RealAWS_Gemini38F,20260930_091045_815468b1,deploy,1,1,True,1.0
TF_RealAWS_Gemini38F,20260930_091943_32f5089e,deploy,1,1,True,1.0
TF_RealAWS_Gemini38F,20260930_092843_22c292bc,deploy,1,1,True,1.0
TF_RealAWS_Gemini38F,20260930_093849_db9e16da,deploy,1,1,True,1.0
TF_RealAWS_Gemini38F,20260930_094601_99ebfd98,deploy,1,1,True,1.0
TF_RealAWS_Gemini38F,20260930_095250_d376bf0f,security,1,1,True,1.0
TF_RealAWS_Gemini38F,20260930_095250_d376bf0f,deploy,2,1,True,1.0
TF_RealAWS_Gemini38F,20260930_100110_0a20565d,security,1,1,True,1.0
TF_RealAWS_Gemini38F,20260930_100110_0a20565d,deploy,2,2,True,2.0
TF_RealAWS_Gemini38F,20260930_101354_a13f6958,syntax,1,1,True,1.0
TF_RealAWS_Gemini38F,20260930_101354_a13f6958,deploy,2,1,True,1.0
TF_RealAWS_Gemini38F,20260930_102223_6bb0b82e,deploy,1,1,True,1.0
TF_RealAWS_Gemini38F,20260930_102952_aeb196c4,deploy,1,1,True,1.0
TF_RealAWS_Gemini38F,20260930_103712_0ea9b9bc,syntax,1,1,True,1.0
TF_RealAWS_Gemini38F,20260930_103712_0ea9b9bc,deploy,2,1,True,1.0
TF_RealAWS_Gemini38F,20260930_104611_a3c4f4d7,deploy,1,1,True,1.0
TF_RealAWS_Gemini38F,20260930_105312_233a2237,security,1,1,True,1.0
TF_RealAWS_Gemini38F,20260930_105312_233a2237,deploy,2,1,True,1.0
TF_RealAWS_Gemini38F,20260930_110115_fe740174,deploy,1,1,True,1.0
TF_RealAWS_Gemini38F,20260930_110913_c743ff8a,deploy,1,1,True,1.0
TF_RealAWS_Gemini38F,20260930_111612_2244d83d,deploy,1,2,True,2.0
TF_RealAWS_Gemini38F,20260930_112552_8c16f54d,security,1,1,True,1.0
TF_RealAWS_Gemini38F,20260930_112552_8c16f54d,deploy,2,1,True,1.0
TF_RealAWS_Gemini38F,20260930_113728_0f3cb1fd,deploy,1,1,True,1.0
TF_RealAWS_Gemini38F,20260930_114524_dca9ffa8,security,1,1,True,1.0
TF_RealAWS_Gemini38F,20260930_114524_dca9ffa8,deploy,2,1,True,1.0
TF_RealAWS_Gemini38F,20260930_115724_738a5286,security,1,1,True,1.0
TF_RealAWS_Gemini38F,20260930_115724_738a5286,deploy,2,1,True,1.0
TF_RealAWS_Gemini38F,20260930_120849_ab9190a8,syntax,1,1,True,1.0
TF_RealAWS_Gemini38F,20260930_120849_ab9190a8,deploy,2,1,True,1.0
TF_RealAWS_Gemini38F,20260930_121814_6e51b5da,deploy,1,1,True,1.0
TF_RealAWS_Gemini38F,20260930_122548_9f5b8c99,deploy,1,1,True,1.0
TF_RealAWS_Gemini38F,20260930_123258_9212c296,deploy,1,2,True,2.0
TF_RealAWS_Gemini38F,20260930_124505_c8ed551e,deploy,1,1,True,1.0
TF_RealAWS_Gemini38F,20260930_125312_78b3f0c5,syntax,1,1,True,1.0
TF_RealAWS_Gemini38F,20260930_125312_78b3f0c5,security,2,1,True,1.0
TF_RealAWS_Gemini38F,20260930_125312_78b3f0c5,deploy,3,1,True,1.0
TF_RealAWS_Gemini38F,20260930_130304_446a2925,security,1,1,True,1.0
TF_RealAWS_Gemini38F,20260930_130304_446a2925,deploy,2,1,True,1.0
TF_RealAWS_Gemini38F,20260930_131554_10da411d,deploy,1,1,True,1.0
TF_RealAWS_Gemini38F,20260930_132401_492f7606,deploy,1,1,True,1.0
TF_RealAWS_Gemini38F,20260930_133128_a685d198,deploy,1,1,True,1.0
TF_RealAWS_Gemini38F,20260930_133936_428ac278,deploy,1,1,True,1.0
TF_RealAWS_Gemini38F,20260930_134808_7ce6bb8c,security,1,1,True,1.0
TF_RealAWS_Gemini38F,20260930_134808_7ce6bb8c,deploy,2,1,True,1.0
TF_RealAWS_Gemini38F,20260930_135710_d2f47337,deploy,1,1,True,1.0
TF_RealAWS_Gemini38F,20260930_140815_bd8cec05,deploy,1,1,True,1.0
TF_RealAWS_Gemini38F,20260930_142214_f0bec857,syntax,1,1,True,1.0
TF_RealAWS_Gemini38F,20260930_142214_f0bec857,deploy,2,2,True,2.0
TF_RealAWS_Gemini38F,20260930_143433_1b63d6f9,syntax,1,1,True,1.0
TF_RealAWS_Gemini38F,20260930_143433_1b63d6f9,deploy,2,1,True,1.0
TF_RealAWS_Gemini38F,20260930_144320_4b69f8d8,syntax,2,1,True,1.0
TF_RealAWS_Gemini38F,20260930_144320_4b69f8d8,deploy,1,2,True,3.0
TF_RealAWS_Gemini38F,20260930_145615_77cae5c2,deploy,1,1,True,1.0
TF_RealAWS_Gemini38F,20260930_150409_0497485b,deploy,1,1,True,1.0
TF_RealAWS_Gemini38F,20260930_151432_c7150bdd,deploy,1,2,True,2.0
TF_RealAWS_Gemini38F,20260930_152524_bb8c7f56,syntax,2,1,True,1.0
TF_RealAWS_Gemini38F,20260930_152524_bb8c7f56,deploy,1,2,True,3.0
TF_RealAWS_Gemini38F,20260930_153723_5f294e27,syntax,1,2,True,1.0
TF_RealAWS_Gemini38F,20260930_153723_5f294e27,security,2,1,True,1.0
TF_RealAWS_Gemini38F,20260930_153723_5f294e27,deploy,3,5,True,6.0
TF_RealAWS_Gemini38F,20260930_160940_8370b444,syntax,1,1,True,1.0
TF_RealAWS_Gemini38F,20260930_160940_8370b444,deploy,2,1,True,1.0
TF_RealAWS_Gemini38F,20260930_162212_9a23b8d3,deploy,1,1,True,1.0
TF_RealAWS_Gemini38F,20260930_163004_166108ab,security,1,1,True,1.0
TF_RealAWS_Gemini38F,20260930_163004_166108ab,deploy,2,1,True,1.0
TF_RealAWS_Gemini38F,20260930_165340_51c31617,deploy,1,2,True,2.0
TF_RealAWS_Gemini38F,20260930_170506_635b6598,security,1,1,True,1.0
TF_RealAWS_Gemini38F,20260930_170506_635b6598,deploy,2,1,True,1.0
TF_RealAWS_Gemini38F,20260930_172305_8dd9a44b,deploy,1,1,True,1.0
TF_RealAWS_Gemini38F,20260930_173331_eb974775,security,1,1,True,1.0
TF_RealAWS_Gemini38F,20260930_173331_eb974775,deploy,2,4,True,4.0
TF_RealAWS_Gemini38F,20260930_181026_a720f06d,syntax,1,3,True,3.0
TF_RealAWS_Gemini38F,20260930_181026_a720f06d,security,4,1,True,1.0
TF_RealAWS_Gemini38F,20260930_181026_a720f06d,deploy,5,1,True,1.0
TF_RealAWS_Gemini38F,20260930_182322_2ec77400,deploy,1,1,True,1.0
TF_RealAWS_Gemini38F,20260930_185425_c8560660,deploy,1,1,True,1.0
TF_RealAWS_Gemini38F,20260930_190548_14a34360,security,1,1,True,1.0
TF_RealAWS_Gemini38F,20260930_190548_14a34360,deploy,2,1,True,1.0
TF_RealAWS_Gemini38F,20260930_191859_de4e5d86,deploy,1,1,True,1.0
TF_RealAWS_Gemini38F,20260930_192736_aa8b0867,security,1,1,True,1.0
TF_RealAWS_Gemini38F,20260930_192736_aa8b0867,deploy,2,1,True,1.0
TF_RealAWS_Gemini38F,20260930_195906_050bb717,deploy,1,1,True,1.0
TF_RealAWS_Gemini38F,20260930_201138_c4110ccd,security,1,1,True,1.0
TF_RealAWS_Gemini38F,20260930_201138_c4110ccd,deploy,2,1,True,1.0
TF_RealAWS_Gemini38F,20260930_202504_818b9355,deploy,1,1,True,1.0
TF_RealAWS_Gemini38F,20260930_203518_782edb9b,deploy,1,1,True,1.0
TF_RealAWS_Gemini38F,20260930_204203_527559b8,deploy,1,1,True,1.0
TF_RealAWS_Gemini38F,20260930_204838_7ef90a4f,deploy,1,1,True,1.0
TF_RealAWS_Gemini38F,20260930_210139_b4bc2205,security,1,1,True,1.0
TF_RealAWS_Gemini38F,20260930_210139_b4bc2205,deploy,2,1,True,1.0
TF_RealAWS_Gemini38F,20260930_211313_2c893a6e,syntax,2,1,True,1.0
TF_RealAWS_Gemini38F,20260930_211313_2c893a6e,security,1,1,True,1.0
TF_RealAWS_Gemini38F,20260930_211313_2c893a6e,deploy,3,2,True,2.0
TF_RealAWS_Gemini38F,20260930_214248_254ba8bf,deploy,1,1,True,1.0
TF_RealAWS_Gemini38F,20260930_215110_2cecf6d2,deploy,1,1,True,1.0
TF_RealAWS_Gemini38F,20260930_220051_eeba997d,security,1,1,True,1.0
TF_RealAWS_Gemini38F,20260930_220051_eeba997d,deploy,2,2,True,2.0
TF_RealAWS_Gemini38F,20260930_222952_052e2d8a,deploy,1,1,True,1.0
TF_RealAWS_Gemini38F,20260930_223641_1a167615,security,1,1,True,1.0
TF_RealAWS_Gemini38F,20260930_223641_1a167615,deploy,2,5,True,5.0
TF_RealAWS_Gemini38F,20260930_231028_3b96bac3,deploy,1,1,True,1.0
TF_RealAWS_Gemini38F,20260930_231737_fbe882d2,deploy,1,1,True,1.0
TF_RealAWS_Gemini38F,20260930_232406_260845d0,deploy,1,1,True,1.0
TF_RealAWS_Gemini38F,20260930_233104_7b0528db,syntax,3,1,True,1.0
TF_RealAWS_Gemini38F,20260930_233104_7b0528db,security,1,1,True,1.0
TF_RealAWS_Gemini38F,20260930_233104_7b0528db,deploy,2,1,True,2.0
TF_RealAWS_Gemini38F,20260930_234609_1034b858,deploy,1,1,True,1.0
TF_RealAWS_Gemini38F,20260930_235712_c3d6c9a0,deploy,1,1,True,1.0
TF_RealAWS_Gemini38F,20261001_000837_10551720,deploy,1,1,True,1.0
TF_RealAWS_Gemini38F,20261001_001806_a8b5f067,deploy,1,1,True,1.0
TF_RealAWS_Gemini38F,20261001_002545_bdb370dc,syntax,1,1,True,1.0
TF_RealAWS_Gemini38F,20261001_002545_bdb370dc,deploy,2,1,True,1.0
TF_RealAWS_Gemini38F,20261001_004818_7642f9b0,deploy,1,2,True,2.0
TF_RealAWS_Gemini38F,20261001_011111_e8a218bc,deploy,1,1,True,1.0
TF_RealAWS_Gemini38F,20261001_011744_d0fd4290,deploy,1,1,True,1.0
TF_RealAWS_Gemini38F,20261001_012947_9c593f94,deploy,1,3,True,3.0
TF_RealAWS_Gemini38F,20261001_014543_1be4bc9f,deploy,1,1,True,1.0
TF_RealAWS_Gemini38F,20261001_015545_6457a8f7,deploy,1,1,True,1.0
TF_RealAWS_Gemini38F,20261001_020809_5a3229e3,deploy,1,1,True,1.0
TF_RealAWS_Gemini38F,20261001_021824_a6f8fcd5,security,1,1,True,1.0
TF_RealAWS_Gemini38F,20261001_021824_a6f8fcd5,deploy,2,1,True,1.0
TF_RealAWS_Gemini38F,20261001_022714_baf86008,deploy,1,1,True,1.0
TF_RealAWS_Gemini38F,20261001_023543_07079ef1,security,1,1,True,1.0
TF_RealAWS_Gemini38F,20261001_023543_07079ef1,deploy,2,1,True,1.0
TF_RealAWS_Gemini38F,20261001_025437_12cc56d7,security,1,1,True,1.0
TF_RealAWS_Gemini38F,20261001_025437_12cc56d7,deploy,2,1,True,1.0
TF_RealAWS_Gemini38F,20261001_030437_af57b691,deploy,1,1,True,1.0
TF_RealAWS_Gemini38F,20261001_031232_387d7b70,deploy,1,1,True,1.0
TF_RealAWS_Gemini38F,20261001_031946_1f1f3198,security,1,1,True,1.0
TF_RealAWS_Gemini38F,20261001_031946_1f1f3198,deploy,2,1,True,1.0
TF_RealAWS_Gemini38F,20261001_033802_400b65aa,security,1,1,True,1.0
TF_RealAWS_Gemini38F,20261001_033802_400b65aa,deploy,2,1,True,1.0
TF_RealAWS_Gemini38F,20261001_035416_3c8b17f1,syntax,1,1,True,1.0
TF_RealAWS_Gemini38F,20261001_035416_3c8b17f1,deploy,2,1,True,1.0
TF_RealAWS_Gemini38F,20261001_041456_017f9c32,syntax,1,1,True,1.0
TF_RealAWS_Gemini38F,20261001_041456_017f9c32,deploy,2,1,True,1.0
TF_RealAWS_Gemini38F,20261001_043548_0a0f50e8,deploy,1,1,True,1.0
TF_RealAWS_Gemini38F,20261001_044431_f4c6e819,syntax,1,1,True,1.0
TF_RealAWS_Gemini38F,20261001_044431_f4c6e819,security,2,1,True,1.0
TF_RealAWS_Gemini38F,20261001_044431_f4c6e819,deploy,3,3,True,3.0
TF_RealAWS_Gemini38F,20261001_052458_d5bf80b0,security,1,1,True,1.0
TF_RealAWS_Gemini38F,20261001_052458_d5bf80b0,deploy,2,3,True,3.0
TF_RealAWS_Gemini38F,20261001_061645_d645178e,syntax,1,1,True,1.0
TF_RealAWS_Gemini38F,20261001_061645_d645178e,deploy,2,2,True,2.0
TF_RealAWS_Gemini38F,20261001_065226_94da401f,deploy,1,1,True,1.0
TF_RealAWS_Gemini38F,20261001_071616_094747d1,deploy,1,1,True,1.0
TF_RealAWS_Gemini38F,20261001_073415_30a06100,syntax,1,2,True,2.0
TF_RealAWS_Gemini38F,20261001_073415_30a06100,security,3,1,True,1.0
TF_RealAWS_Gemini38F,20261001_073415_30a06100,deploy,4,1,True,1.0
TF_RealAWS_Gemini38F,20261001_080138_a5bc5ece,security,1,1,True,1.0
TF_RealAWS_Gemini38F,20261001_080138_a5bc5ece,deploy,2,3,True,3.0
TF_RealAWS_Gemini38F,20261001_083132_45c94d61,security,1,2,True,1.0
TF_RealAWS_Gemini38F,20261001_083132_45c94d61,deploy,2,13,False,
TF_RealAWS_Gemini38F,20261001_113551_2af50792,deploy,1,3,True,3.0
TF_RealAWS_Gemini38F,20261001_115119_2105f5ff,deploy,1,1,True,1.0
TF_RealAWS_Gemini38F,20261001_115726_0d17b55c,deploy,1,1,True,1.0
TF_RealAWS_Gemini38F,20261001_120430_5ad1c1d0,deploy,1,1,True,1.0
TF_RealAWS_Gemini38F,20261001_121446_d9957682,deploy,1,1,True,1.0
TF_RealAWS_Gemini38F,20261001_122154_9d82f5a7,deploy,1,1,True,1.0
TF_RealAWS_Gemini38F,20261001_122917_a4ddd37f,syntax,1,5,True,3.0
TF_RealAWS_Gemini38F,20261001_122917_a4ddd37f,deploy,4,5,True,7.0
TF_RealAWS_Gemini38F,20261001_135246_3726a3b3,syntax,1,2,True,2.0
TF_RealAWS_Gemini38F,20261001_135246_3726a3b3,security,3,1,True,1.0
TF_RealAWS_Gemini38F,20261001_135246_3726a3b3,deploy,4,1,True,1.0
TF_RealAWS_Gemini38F,20261001_140700_1c9b1aa5,syntax,1,3,True,1.0
TF_RealAWS_Gemini38F,20261001_140700_1c9b1aa5,deploy,2,2,True,4.0
TF_RealAWS_Gemini38F,20261001_142614_54ae2746,syntax,1,1,True,1.0
TF_RealAWS_Gemini38F,20261001_142614_54ae2746,security,2,1,True,1.0
TF_RealAWS_Gemini38F,20261001_142614_54ae2746,deploy,3,1,True,1.0
TF_RealAWS_Gemini38F,20261001_143911_e57fd46a,syntax,1,2,True,2.0
TF_RealAWS_Gemini38F,20261001_143911_e57fd46a,deploy,3,1,True,1.0
TF_RealAWS_Gemini38F,20261001_144720_812b74d7,syntax,1,2,True,2.0
TF_RealAWS_Gemini38F,20261001_144720_812b74d7,deploy,3,1,True,1.0
TF_RealAWS_Gemini38F,20261001_145537_915636a4,syntax,1,2,True,2.0
TF_RealAWS_Gemini38F,20261001_145537_915636a4,deploy,3,1,True,1.0
TF_RealAWS_Gemini38F,20261001_150414_bdd0346d,syntax,1,2,True,2.0
TF_RealAWS_Gemini38F,20261001_150414_bdd0346d,deploy,3,1,True,1.0
TF_RealAWS_Gemini38F,20261001_151630_c620489b,syntax,1,1,True,1.0
TF_RealAWS_Gemini38F,20261001_152555_bd1ec155,syntax,1,1,True,1.0
TF_RealAWS_Gemini38F,20261001_152555_bd1ec155,deploy,2,3,True,3.0
TF_RealAWS_Gemini38F,20261001_154143_b8ac11a9,syntax,1,2,True,2.0
TF_RealAWS_Gemini38F,20261001_154143_b8ac11a9,security,3,1,True,1.0
TF_RealAWS_Gemini38F,20261001_154143_b8ac11a9,deploy,4,1,True,1.0
TF_RealAWS_Gemini38F,20261001_155908_c4b6f617,syntax,1,2,True,2.0
TF_RealAWS_Gemini38F,20261001_155908_c4b6f617,deploy,3,1,True,1.0
TF_RealAWS_Gemini38F,20261001_160846_2efccf8e,syntax,1,3,True,3.0
TF_RealAWS_Gemini38F,20261001_174926_d0dc44b6,deploy,1,1,True,1.0
TF_RealAWS_Gemini38F,20261001_180223_bee45454,deploy,1,1,True,1.0
TF_RealAWS_Gemini38F,20261001_181159_795e10d8,deploy,1,1,True,1.0
TF_RealAWS_Gemini38F,20261001_182458_eb97643d,deploy,1,1,True,1.0
TF_RealAWS_Gemini38F,20261001_183759_5ff799f8,deploy,1,1,True,1.0
TF_RealAWS_Gemini38F,20261001_184553_2f51c80c,deploy,1,1,True,1.0
TF_RealAWS_Gemini38F,20261001_185656_13fa072b,deploy,1,1,True,1.0
TF_RealAWS_Gemini38F,20261001_190834_9ab18347,deploy,1,1,True,1.0
TF_RealAWS_Gemini38F,20261001_191611_54cf55a2,deploy,1,1,True,1.0
TF_RealAWS_Gemini38F,20261001_192308_a4e383a0,security,1,1,True,1.0
TF_RealAWS_Gemini38F,20261001_192308_a4e383a0,deploy,2,1,True,1.0
TF_RealAWS_Gemini38F,20261001_193232_138f1eba,security,1,1,True,1.0
TF_RealAWS_Gemini38F,20261001_193232_138f1eba,deploy,2,1,True,1.0
TF_RealAWS_Gemini38F,20261001_194209_51d93ea5,syntax,1,1,True,1.0
TF_RealAWS_Gemini38F,20261001_194209_51d93ea5,security,2,1,True,1.0
TF_RealAWS_Gemini38F,20261001_194209_51d93ea5,deploy,3,1,True,1.0
TF_RealAWS_Gemini38F,20261001_195124_26ae455e,deploy,1,1,True,1.0
TF_RealAWS_Gemini38F,20261001_195715_0c94c976,deploy,1,1,True,1.0
TF_RealAWS_Gemini38F,20261001_200347_133f91f0,deploy,1,2,True,2.0
TF_RealAWS_Gemini38F,20261001_202720_408dd4ed,deploy,1,1,True,1.0
TF_RealAWS_Gemini38F,20261001_203306_3520ceaa,syntax,2,1,True,1.0
TF_RealAWS_Gemini38F,20261001_203306_3520ceaa,deploy,1,1,True,2.0
TF_RealAWS_Gemini38F,20261001_204022_b147bba9,deploy,1,1,True,1.0
TF_RealAWS_Gemini38F,20261001_204613_1568827e,deploy,1,1,True,1.0
TF_RealAWS_Gemini38F,20261001_205258_62935404,syntax,1,1,True,1.0
TF_RealAWS_Gemini38F,20261001_205258_62935404,deploy,2,1,True,1.0
TF_RealAWS_Gemini38F,20261001_210017_66c173e5,deploy,1,1,True,1.0
TF_RealAWS_Gemini38F,20261001_210605_2b1de7a9,deploy,1,5,True,5.0
TF_RealAWS_Gemini38F,20261001_212226_87d06464,syntax,1,1,True,1.0
TF_RealAWS_Gemini38F,20261001_212713_70888a0d,deploy,1,1,True,1.0
TF_RealAWS_Gemini38F,20261001_213328_e7cd49b3,deploy,1,1,True,1.0
TF_RealAWS_Gemini38F,20261001_213915_f40872ba,deploy,1,1,True,1.0
TF_RealAWS_Gemini38F,20261001_214531_9fa25c27,deploy,1,1,True,1.0
TF_RealAWS_Gemini38F,20261001_215354_72aa195d,deploy,1,1,True,1.0
TF_RealAWS_Gemini38F,20261001_220005_655d1b6d,security,1,1,True,1.0
TF_RealAWS_Gemini38F,20261001_220005_655d1b6d,deploy,2,1,True,1.0
TF_RealAWS_Gemini38F,20261001_220755_784cddc0,deploy,1,1,True,1.0
TF_RealAWS_Gemini38F,20261001_221446_a9fb4338,deploy,1,1,True,1.0
TF_RealAWS_Gemini38F,20261001_223150_5f20bb80,deploy,1,1,True,1.0
TF_RealAWS_Gemini38F,20261001_225509_d5a20bd9,syntax,1,1,True,1.0
TF_RealAWS_Gemini38F,20261001_225509_d5a20bd9,security,2,1,True,1.0
TF_RealAWS_Gemini38F,20261001_225509_d5a20bd9,deploy,3,1,True,1.0
TF_RealAWS_Gemini38F,20261001_231853_57338924,deploy,1,1,True,1.0
TF_RealAWS_Gemini38F,20261001_233342_c8d66b9f,security,1,1,True,1.0
TF_RealAWS_Gemini38F,20261001_233342_c8d66b9f,deploy,2,1,True,1.0
TF_RealAWS_Gemini38F,20261001_235804_73cf4553,deploy,1,1,True,1.0
TF_RealAWS_Gemini38F,20261002_001837_bae5aea0,deploy,1,3,True,3.0
TF_RealAWS_Gemini38F,20261002_005019_2a40ced4,security,1,1,True,1.0
TF_RealAWS_Gemini38F,20261002_005019_2a40ced4,deploy,2,4,True,4.0
TF_RealAWS_Gemini38F,20261002_013237_fecc66a4,syntax,1,2,True,1.0
TF_RealAWS_Gemini38F,20261002_013237_fecc66a4,deploy,2,3,True,4.0
TF_RealAWS_OpenCode_DSV4F,20261003_203426_02d8b18f,syntax,1,1,True,1.0
TF_RealAWS_OpenCode_DSV4F,20261003_204916_6b3548fc,syntax,1,1,True,1.0
TF_RealAWS_OpenCode_DSV4F,20261003_204916_6b3548fc,deploy,2,1,True,1.0
TF_RealAWS_OpenCode_DSV4F,20261003_213954_fdfcc436,security,1,1,True,1.0
TF_RealAWS_OpenCode_DSV4F,20261003_215424_7cef6301,security,1,1,True,1.0
TF_RealAWS_OpenCode_DSV4F,20261003_235002_cca0ecf6,syntax,1,1,True,1.0
TF_RealAWS_OpenCode_DSV4F,20261004_004740_31654c2b,deploy,1,5,True,5.0
TF_RealAWS_OpenCode_DSV4F,20261004_031442_43698872,security,1,1,True,1.0
TF_RealAWS_OpenCode_DSV4F,20261004_032908_03c6fe51,security,1,1,True,1.0
TF_RealAWS_OpenCode_DSV4F,20261004_050912_3684d8a4,syntax,3,1,True,1.0
TF_RealAWS_OpenCode_DSV4F,20261004_050912_3684d8a4,deploy,1,2,True,3.0
TF_RealAWS_OpenCode_DSV4F,20261004_072005_628cd093,security,1,1,True,1.0
TF_RealAWS_OpenCode_DSV4F,20261004_072005_628cd093,deploy,2,1,True,1.0
TF_RealAWS_OpenCode_DSV4F,20261004_085422_9d318677,security,1,1,True,1.0
TF_RealAWS_OpenCode_DSV4F,20261004_093750_6892ac55,security,1,1,True,1.0
TF_RealAWS_OpenCode_DSV4F,20261004_102533_e17f3b11,syntax,1,1,True,1.0
TF_RealAWS_OpenCode_DSV4F,20261004_104048_a9fd10c1,deploy,1,1,True,1.0
TF_RealAWS_OpenCode_DSV4F,20261004_104741_59a9c9bf,security,1,1,True,1.0
TF_RealAWS_OpenCode_DSV4F,20261004_105825_01da6f8f,deploy,1,1,True,1.0
TF_RealAWS_OpenCode_DSV4F,20261004_115942_e81345e5,security,1,1,True,1.0
TF_RealAWS_OpenCode_DSV4F,20261004_122436_462244be,deploy,1,2,True,2.0
TF_RealAWS_OpenCode_DSV4F,20261004_123924_7d939a97,security,1,1,True,1.0
TF_RealAWS_OpenCode_DSV4F,20261004_124345_bc3cb24f,security,1,1,True,1.0
TF_RealAWS_OpenCode_DSV4F,20261004_124822_f2dde0a6,syntax,1,1,True,1.0
TF_RealAWS_OpenCode_DSV4F,20261004_125409_72583361,syntax,1,1,True,1.0
TF_RealAWS_OpenCode_DSV4F,20261004_133547_4630d4d9,deploy,1,1,True,1.0
TF_RealAWS_OpenCode_DSV4F,20261004_142724_b8573e80,syntax,1,1,True,1.0
TF_RealAWS_OpenCode_DSV4F,20261004_144118_db4b921f,syntax,1,1,True,1.0
TF_RealAWS_OpenCode_DSV4F,20261004_150141_d185c3a0,security,1,1,True,1.0
TF_RealAWS_OpenCode_DSV4F,20261004_150819_95f05b43,security,1,1,True,1.0
TF_RealAWS_OpenCode_DSV4F,20261004_150819_95f05b43,deploy,2,1,True,1.0
TF_RealAWS_OpenCode_DSV4F,20261004_153329_a66314a9,syntax,1,1,True,1.0
TF_RealAWS_OpenCode_DSV4F,20261004_153329_a66314a9,deploy,2,1,True,1.0
TF_RealAWS_OpenCode_DSV4F,20261004_160953_ade27fe3,deploy,1,1,True,1.0
TF_RealAWS_OpenCode_DSV4F,20261004_161751_abdeb6ac,syntax,1,1,True,1.0
TF_RealAWS_OpenCode_DSV4F,20261004_161751_abdeb6ac,security,2,1,True,1.0
TF_RealAWS_OpenCode_DSV4F,20261004_161751_abdeb6ac,deploy,3,3,True,3.0
TF_RealAWS_OpenCode_DSV4F,20261004_164940_7bc023c7,security,1,1,True,1.0
TF_RealAWS_OpenCode_DSV4F,20261004_180733_f29e9c91,syntax,1,1,True,1.0
TF_RealAWS_OpenCode_DSV4F,20261004_184045_053879cf,syntax,1,1,True,1.0
TF_RealAWS_OpenCode_DSV4F,20261004_185521_b90f78ba,syntax,4,1,True,1.0
TF_RealAWS_OpenCode_DSV4F,20261004_185521_b90f78ba,security,1,1,True,1.0
TF_RealAWS_OpenCode_DSV4F,20261004_185521_b90f78ba,deploy,2,2,True,3.0
TF_RealAWS_OpenCode_DSV4F,20261004_190949_ace3e615,syntax,1,1,True,1.0
TF_RealAWS_OpenCode_DSV4F,20261004_190949_ace3e615,deploy,2,1,True,1.0
TF_RealAWS_OpenCode_DSV4F,20261004_193405_58e479d8,syntax,1,1,True,1.0
TF_RealAWS_OpenCode_DSV4F,20261004_194229_b5ce6951,security,1,1,True,1.0
TF_RealAWS_OpenCode_DSV4F,20261004_205709_5adf3540,syntax,1,3,True,3.0
TF_RealAWS_OpenCode_DSV4F,20261004_220747_073101c8,security,1,1,True,1.0
TF_RealAWS_OpenCode_DSV4F,20261004_224653_25abf878,syntax,3,2,True,2.0
TF_RealAWS_OpenCode_DSV4F,20261004_224653_25abf878,security,1,1,True,1.0
TF_RealAWS_OpenCode_DSV4F,20261004_224653_25abf878,deploy,2,3,True,5.0
TF_RealAWS_OpenCode_DSV4F,20261005_123304_f0769663,security,1,1,True,1.0
TF_RealAWS_OpenCode_DSV4F,20261005_123937_8c4311f1,syntax,1,1,True,1.0
TF_RealAWS_OpenCode_DSV4F,20261005_123937_8c4311f1,deploy,2,1,True,1.0
TF_RealAWS_OpenCode_DSV4F,20261005_124627_641d46e3,syntax,1,1,True,1.0
TF_RealAWS_OpenCode_DSV4F,20261005_125311_6899d438,security,1,1,True,1.0
TF_RealAWS_OpenCode_DSV4F,20261005_131051_eaeecde6,deploy,1,1,True,1.0
TF_RealAWS_OpenCode_DSV4F,20261005_132550_30664af1,syntax,1,1,True,1.0
TF_RealAWS_OpenCode_DSV4F,20261005_132550_30664af1,deploy,2,2,True,2.0
TF_RealAWS_OpenCode_DSV4F,20261005_185053_eea7091c,deploy,1,1,True,1.0
TF_RealAWS_OpenCode_DSV4F,20261005_185347_2285185d,security,1,1,True,1.0
TF_RealAWS_OpenCode_DSV4F,20261005_190301_9e52878e,syntax,1,1,True,1.0
TF_RealAWS_OpenCode_DSV4F,20261005_190606_b2c72def,deploy,1,1,True,1.0
TF_RealAWS_OpenCode_DSV4F,20261005_191247_1e27a5dd,syntax,1,1,True,1.0
TF_RealAWS_OpenCode_DSV4F,20261005_191247_1e27a5dd,security,2,2,True,2.0
TF_RealAWS_OpenCode_DSV4F,20261005_191247_1e27a5dd,deploy,4,11,False,
TF_RealAWS_OpenCode_DSV4F,20261005_200911_b74e5f63,syntax,1,1,True,1.0
TF_RealAWS_OpenCode_DSV4F,20261005_200911_b74e5f63,deploy,2,1,True,1.0
TF_RealAWS_OpenCode_DSV4F,20261005_201700_e455806e,syntax,1,1,True,1.0
TF_RealAWS_OpenCode_DSV4F,20261005_202018_0dd75866,syntax,1,3,True,3.0
TF_RealAWS_OpenCode_DSV4F,20261005_203014_a16c27f5,security,1,1,True,1.0
TF_RealAWS_OpenCode_DSV4F,20261005_203529_ca884e7b,deploy,1,3,True,2.0
TF_RealAWS_OpenCode_DSV4F,20261005_205836_4f999854,syntax,1,1,True,1.0
TF_RealAWS_OpenCode_DSV4F,20261005_205836_4f999854,security,2,1,True,1.0
TF_RealAWS_OpenCode_DSV4F,20261005_210803_57e49876,security,1,1,True,1.0
TF_RealAWS_OpenCode_DSV4F,20261005_210803_57e49876,deploy,2,4,True,4.0
TF_RealAWS_OpenCode_DSV4F,20261006_214103_520b5037,syntax,1,3,True,3.0
TF_RealAWS_OpenCode_DSV4F,20261006_214835_ef6d1856,syntax,1,3,True,3.0
TF_RealAWS_OpenCode_DSV4F,20261006_214835_ef6d1856,security,4,1,True,1.0
TF_RealAWS_OpenCode_DSV4F,20261006_214835_ef6d1856,deploy,5,4,True,4.0
TF_RealAWS_OpenCode_DSV4F,20261006_220112_578dc546,syntax,1,2,True,2.0
TF_RealAWS_OpenCode_DSV4F,20261006_220939_3daf27e9,syntax,1,8,True,4.0
TF_RealAWS_OpenCode_DSV4F,20261006_220939_3daf27e9,security,5,2,True,1.0
TF_RealAWS_OpenCode_DSV4F,20261006_220939_3daf27e9,deploy,9,4,False,
TF_RealAWS_OpenCode_DSV4F,20261006_223525_0e2627b2,syntax,1,1,True,1.0
TF_RealAWS_OpenCode_DSV4F,20261006_223751_40f80a07,syntax,1,1,True,1.0
TF_RealAWS_OpenCode_DSV4F,20261006_224321_2363d7ee,syntax,1,1,True,1.0
TF_RealAWS_OpenCode_DSV4F,20261006_224916_1ed39d34,syntax,1,4,True,4.0
TF_RealAWS_OpenCode_DSV4F,20261006_224916_1ed39d34,deploy,5,1,True,1.0
TF_RealAWS_OpenCode_DSV4F,20261006_225516_215799b4,syntax,1,1,True,1.0
TF_RealAWS_OpenCode_DSV4F,20261006_230409_e35c6102,syntax,1,3,True,3.0
TF_RealAWS_OpenCode_DSV4F,20261006_230409_e35c6102,deploy,4,1,True,1.0
TF_RealAWS_OpenCode_DSV4F,20261006_231213_4c2d7a89,syntax,1,2,True,1.0
TF_RealAWS_OpenCode_DSV4F,20261006_231213_4c2d7a89,deploy,2,3,True,4.0
TF_RealAWS_OpenCode_DSV4F,20261006_232914_8a5fe267,syntax,1,1,True,1.0
TF_RealAWS_OpenCode_DSV4F,20261006_233039_01aa7c86,syntax,1,8,True,4.0
TF_RealAWS_OpenCode_DSV4F,20261006_233039_01aa7c86,security,5,2,True,1.0
TF_RealAWS_OpenCode_DSV4F,20261006_233340_0544f34d,syntax,1,2,True,2.0
TF_RealAWS_OpenCode_DSV4F,20261006_235037_72ba0532,syntax,1,1,True,1.0
TF_RealAWS_OpenCode_DSV4F,20261006_235254_0fc55a01,security,1,1,True,1.0
TF_RealAWS_OpenCode_DSV4F,20261007_000513_d35f5550,deploy,1,1,True,1.0
TF_RealAWS_OpenCode_DSV4F,20261007_001007_457171fc,syntax,1,14,True,9.0
TF_RealAWS_OpenCode_DSV4F,20261007_001007_457171fc,security,10,1,True,1.0
TF_RealAWS_OpenCode_DSV4F,20261007_002352_4b1dd26f,security,1,1,True,1.0
TF_RealAWS_OpenCode_DSV4F,20261007_002814_d17ad6f5,security,1,1,True,1.0
TF_RealAWS_OpenCode_DSV4F,20261007_004048_6bf48b39,syntax,1,5,True,2.0
TF_RealAWS_OpenCode_DSV4F,20261007_004048_6bf48b39,deploy,3,5,True,4.0
TF_RealAWS_OpenCode_DSV4F,20261007_010429_649a5b46,syntax,1,1,True,1.0
TF_RealAWS_OpenCode_DSV4F,20261007_010429_649a5b46,security,2,1,True,1.0
TF_RealAWS_OpenCode_DSV4F,20261007_010429_649a5b46,deploy,3,3,True,3.0
TF_RealAWS_OpenCode_DSV4F,20261007_014028_4594f31e,security,1,1,True,1.0
TF_RealAWS_OpenCode_DSV4F,20261007_015434_edc9f8a2,syntax,1,2,True,2.0
TF_RealAWS_OpenCode_DSV4F,20261007_015434_edc9f8a2,deploy,3,2,True,2.0
TF_RealAWS_OpenCode_DSV4F,20261007_022740_e7fe3577,syntax,1,1,True,1.0
TF_RealAWS_OpenCode_DSV4F,20261007_024311_94a5307d,syntax,1,2,True,2.0
TF_RealAWS_OpenCode_DSV4F,20261007_024311_94a5307d,security,3,1,True,1.0
TF_RealAWS_OpenCode_DSV4F,20261007_024311_94a5307d,deploy,4,5,True,5.0
TF_RealAWS_OpenCode_DSV4F,20261007_040023_203a9e58,syntax,1,2,True,1.0
TF_RealAWS_OpenCode_DSV4F,20261007_040023_203a9e58,deploy,2,1,True,2.0
TF_RealAWS_OpenCode_DSV4F,20261007_042755_b78bc440,syntax,1,3,True,3.0
TF_RealAWS_OpenCode_DSV4F,20261007_042755_b78bc440,security,4,2,True,2.0
TF_RealAWS_OpenCode_DSV4F,20261007_042755_b78bc440,deploy,6,10,False,
TF_RealAWS_OpenCode_DSV4F,20261007_064151_8f790f3f,syntax,1,2,True,2.0
TF_RealAWS_OpenCode_DSV4F,20261007_065824_ec568d83,syntax,1,1,True,1.0
TF_RealAWS_OpenCode_DSV4F,20261007_071424_239ed88a,deploy,1,2,True,2.0
TF_RealAWS_OpenCode_DSV4F,20261007_074930_1db81db7,deploy,1,14,False,
TF_RealAWS_OpenCode_DSV4F,20261007_101116_5d08ab12,deploy,1,1,True,1.0
TF_RealAWS_OpenCode_DSV4F,20261007_103603_ba7c17ad,syntax,1,3,True,3.0
TF_RealAWS_OpenCode_DSV4F,20261007_103603_ba7c17ad,security,4,1,True,1.0
TF_RealAWS_OpenCode_DSV4F,20261007_103603_ba7c17ad,deploy,5,3,True,3.0
TF_RealAWS_OpenCode_DSV4F,20261007_105722_bd9cdfc5,syntax,1,3,True,3.0
TF_RealAWS_OpenCode_DSV4F,20261007_105722_bd9cdfc5,deploy,4,3,True,3.0
TF_RealAWS_OpenCode_DSV4F,20261007_110953_6de1ed7b,syntax,6,1,True,1.0
TF_RealAWS_OpenCode_DSV4F,20261007_110953_6de1ed7b,security,3,1,True,1.0
TF_RealAWS_OpenCode_DSV4F,20261007_110953_6de1ed7b,deploy,1,6,True,8.0
TF_RealAWS_OpenCode_DSV4F,20261007_111941_53ea74e2,syntax,1,1,True,1.0
TF_RealAWS_OpenCode_DSV4F,20261007_111941_53ea74e2,deploy,2,1,True,1.0
TF_RealAWS_OpenCode_DSV4F,20261007_112452_803f8809,syntax,1,1,True,1.0
TF_RealAWS_OpenCode_DSV4F,20261007_112452_803f8809,deploy,2,13,False,
TF_RealAWS_OpenCode_DSV4F,20261007_114251_ac5e4690,syntax,1,5,True,4.0
TF_RealAWS_OpenCode_DSV4F,20261007_114251_ac5e4690,deploy,5,2,True,3.0
TF_RealAWS_OpenCode_DSV4F,20261007_115914_925e99c5,syntax,1,11,True,9.0
TF_RealAWS_OpenCode_DSV4F,20261007_115914_925e99c5,security,10,4,True,1.0
TF_RealAWS_OpenCode_DSV4F,20261007_121933_6fb2a77b,syntax,1,1,True,1.0
TF_RealAWS_OpenCode_DSV4F,20261007_122540_af0823ae,syntax,1,1,True,1.0
TF_RealAWS_OpenCode_DSV4F,20261007_122540_af0823ae,security,2,1,True,1.0
TF_RealAWS_OpenCode_DSV4F,20261007_122847_bc4f8c16,syntax,1,1,True,1.0
TF_RealAWS_OpenCode_DSV4F,20261007_123240_1ca71bfc,syntax,1,5,True,1.0
TF_RealAWS_OpenCode_DSV4F,20261007_123240_1ca71bfc,deploy,2,10,False,
TF_RealAWS_OpenCode_DSV4F,20261007_125345_56449c7e,syntax,1,1,True,1.0
TF_RealAWS_OpenCode_DSV4F,20261007_125504_e3164c83,syntax,1,2,True,2.0
TF_RealAWS_OpenCode_DSV4F,20261007_125504_e3164c83,security,3,1,True,1.0
TF_RealAWS_OpenCode_DSV4F,20261007_130012_f4923609,syntax,1,3,True,3.0
TF_RealAWS_OpenCode_DSV4F,20261007_130012_f4923609,deploy,4,1,True,1.0
TF_RealAWS_OpenCode_DSV4F,20261007_130729_2bc6da54,syntax,1,1,True,1.0
TF_RealAWS_OpenCode_DSV4F,20261007_130729_2bc6da54,security,2,1,True,1.0
TF_RealAWS_OpenCode_DSV4F,20261007_130956_5c26d541,syntax,1,1,True,1.0
TF_RealAWS_OpenCode_DSV4F,20261007_131215_1ceb28eb,deploy,1,4,True,4.0
TF_RealAWS_OpenCode_DSV4F,20261007_132525_4991e922,deploy,1,1,True,1.0
TF_RealAWS_OpenCode_DSV4F,20261007_132807_5e54881d,syntax,1,2,True,1.0
TF_RealAWS_OpenCode_DSV4F,20261007_132807_5e54881d,deploy,2,10,True,6.0
TF_RealAWS_OpenCode_DSV4F,20261007_134144_3220a874,syntax,1,3,True,3.0
TF_RealAWS_OpenCode_DSV4F,20261007_134525_03de2072,syntax,1,1,True,1.0
TF_RealAWS_OpenCode_DSV4F,20261007_134655_eafa8893,syntax,1,2,True,2.0
TF_RealAWS_OpenCode_DSV4F,20261007_134655_eafa8893,deploy,3,3,True,3.0
TF_RealAWS_OpenCode_DSV4F,20261007_135354_28f29feb,syntax,1,7,True,4.0
TF_RealAWS_OpenCode_DSV4F,20261007_135354_28f29feb,security,5,1,True,1.0
TF_RealAWS_OpenCode_DSV4F,20261007_135354_28f29feb,deploy,9,2,True,2.0
TF_RealAWS_OpenCode_DSV4F,20261007_140554_da23f815,deploy,1,1,True,1.0
TF_RealAWS_Opus55,20261002_123759_1a791a1c,syntax,1,11,True,11.0
TF_RealAWS_Opus55,20261002_125210_d148fba0,syntax,1,3,True,3.0
TF_RealAWS_Opus55,20261002_125827_610e41b1,syntax,1,3,True,3.0
TF_RealAWS_Opus55,20261002_130440_21a602f5,syntax,1,6,True,6.0
TF_RealAWS_Opus55,20261002_131329_bf966349,syntax,1,2,True,2.0
TF_RealAWS_Opus55,20261002_131329_bf966349,security,3,1,True,1.0
TF_RealAWS_Opus55,20261002_131912_0d83cebe,syntax,1,2,True,2.0
TF_RealAWS_Opus55,20261002_131912_0d83cebe,security,3,1,True,1.0
TF_RealAWS_Opus55,20261002_132637_8cd3b7d6,syntax,1,1,True,1.0
TF_RealAWS_Opus55,20261002_134752_a7bd382f,syntax,1,14,True,14.0
TF_RealAWS_Opus55,20261002_144926_8d283ef4,security,1,1,True,1.0
TF_RealAWS_Opus55,20261002_144926_8d283ef4,deploy,2,1,True,1.0
TF_RealAWS_Opus55,20261002_145509_6e08fb59,syntax,1,1,True,1.0
TF_RealAWS_Opus55,20261002_145509_6e08fb59,security,2,1,True,1.0
TF_RealAWS_Opus55,20261002_145952_d1402534,syntax,1,1,True,1.0
TF_RealAWS_Opus55,20261002_161014_dc7fb6c0,syntax,1,2,True,2.0
TF_RealAWS_Opus55,20261002_161603_5f800f48,syntax,1,1,True,1.0
TF_RealAWS_Opus55,20261002_162034_1fde43e0,syntax,1,13,True,6.0
TF_RealAWS_Opus55,20261002_162034_1fde43e0,deploy,7,1,True,8.0
TF_RealAWS_Opus55,20261002_170337_a81072d7,syntax,1,1,True,1.0
TF_RealAWS_Opus55,20261002_171235_ebd67c31,syntax,1,1,True,1.0
TF_RealAWS_Opus55,20261002_174026_134f6c97,deploy,1,1,True,1.0
TF_RealAWS_Opus55,20261002_175103_f09c71c5,security,1,1,True,1.0
TF_RealAWS_Opus55,20261002_175440_b42f5cd2,security,1,1,True,1.0
TF_RealAWS_Opus55,20261002_182016_d60c4103,security,1,1,True,1.0
TF_RealAWS_Opus55,20261002_201442_a5b87597,security,1,1,True,1.0
TF_RealAWS_Opus55,20261002_201904_9dcae9e8,security,1,1,True,1.0
TF_RealAWS_Opus55,20261002_201904_9dcae9e8,deploy,2,2,True,2.0
TF_RealAWS_Opus55,20261002_210019_ba10d246,security,1,1,True,1.0
TF_RealAWS_Opus55,20261002_211433_c9688687,security,1,1,True,1.0
TF_RealAWS_Opus55,20261002_213036_5fa6e51f,security,1,1,True,1.0
TF_RealAWS_Opus55,20261002_214954_d4cc345f,deploy,1,1,True,1.0
TF_RealAWS_Opus55,20261002_222829_9e33e4cb,security,1,1,True,1.0
TF_RealAWS_Opus55,20261002_230139_554da6d3,security,1,1,True,1.0
TF_RealAWS_Opus55,20261002_234933_75770f02,deploy,1,1,True,1.0
TF_RealAWS_Opus55,20261002_235641_2f194814,security,1,1,True,1.0
TF_RealAWS_Opus55,20261003_000730_862eb8dd,security,1,1,True,1.0
TF_RealAWS_Opus55,20261003_000730_862eb8dd,deploy,2,2,True,2.0
TF_RealAWS_Opus55,20261003_003725_7297b8c0,security,1,1,True,1.0
TF_RealAWS_Opus55,20261003_004945_9468c85d,security,1,1,True,1.0
TF_RealAWS_Opus55,20261003_013152_6fac6705,security,1,1,True,1.0
TF_RealAWS_Opus55,20261003_013642_3eee69a1,security,1,1,True,1.0
TF_RealAWS_Opus55,20261003_031643_5b2fadb4,security,1,1,True,1.0
TF_RealAWS_Opus55,20261003_033318_1f69e36a,deploy,1,8,True,8.0
TF_RealAWS_Opus55,20261003_080753_beb82ca8,security,1,1,True,1.0
TF_RealAWS_Opus55,20261003_104953_811aab96,security,1,1,True,1.0
TF_RealAWS_Opus55,20261003_122307_1c9d5e3a,security,1,1,True,1.0
TF_RealAWS_Opus55,20261003_132749_a18b2f0e,deploy,1,5,True,5.0
TF_RealAWS_Opus55,20261003_135533_1636eb94,deploy,1,1,True,1.0
TF_RealAWS_Opus55,20261003_143501_fccc8f82,syntax,1,2,True,2.0
TF_RealAWS_Opus55,20261003_143501_fccc8f82,security,3,1,True,1.0
TF_RealAWS_Opus55,20261003_143501_fccc8f82,deploy,4,2,True,2.0
TF_RealAWS_Opus55,20261003_150209_82fabb5c,syntax,1,3,True,3.0
TF_RealAWS_Opus55,20261003_152323_e6d92268,syntax,1,6,True,6.0
TF_RealAWS_Opus55,20261007_114702_f23a3f86,security,1,1,True,1.0
TF_RealAWS_Opus55,20261007_121131_00e44a53,security,1,1,True,1.0
TF_RealAWS_Opus55,20261007_121900_c23d4a3f,security,1,1,True,1.0
TF_RealAWS_Opus55,20261007_121900_c23d4a3f,deploy,2,1,True,1.0
TF_RealAWS_Opus55,20261007_124155_db71c89f,security,1,1,True,1.0
TF_RealAWS_Opus55,20261007_124155_db71c89f,deploy,2,1,True,1.0
TF_RealAWS_Opus55,20261007_125849_abd6d78b,deploy,1,11,True,11.0
TF_RealAWS_Opus55,20261007_173845_74bfa63f,syntax,1,15,False,
TF_RealAWS_Opus55,20261007_175605_89f29d03,syntax,1,1,True,1.0
TF_RealAWS_Opus55,20261007_175806_d1b8e243,syntax,1,5,True,5.0
TF_RealAWS_Opus55,20261007_181856_a820648d,security,1,1,True,1.0
TF_RealAWS_Opus55,20261007_182554_7a7d367f,security,1,1,True,1.0
TF_RealAWS_Opus55,20261007_183042_c9d4d5c0,syntax,1,1,True,1.0
TF_RealAWS_Opus55,20261007_185019_e2008672,security,1,1,True,1.0
TF_RealAWS_Opus55,20261007_190330_e92e2ac3,syntax,3,1,True,1.0
TF_RealAWS_Opus55,20261007_190330_e92e2ac3,deploy,1,2,True,3.0
TF_RealAWS_Opus55,20261007_191628_c2c6d908,syntax,1,15,False,
TF_RealAWS_Opus55,20261007_194213_103950bc,security,1,1,True,1.0
TF_RealAWS_Opus55,20261007_194756_d664d796,security,1,1,True,1.0
TF_RealAWS_Opus55,20261007_200842_b8bc4aab,security,1,1,True,1.0
TF_RealAWS_Opus55,20261007_201312_aca87d35,syntax,1,2,True,2.0
TF_RealAWS_Opus55,20261007_202043_a76db461,security,1,1,True,1.0
TF_RealAWS_Opus55,20261007_202434_e740aefb,syntax,1,2,True,2.0
TF_RealAWS_Opus55,20261007_204228_5ca409ea,security,1,2,True,2.0
TF_RealAWS_Opus55,20261007_205347_cef81273,syntax,1,2,True,2.0
TF_RealAWS_Opus55,20261007_205749_abbd0f3d,deploy,1,1,True,1.0
TF_RealAWS_Opus55,20261007_210349_20582aae,security,1,1,True,1.0
